trade_id,counterparty_id,legal_entity,product,asset_class,notional,mtm,collateral,margining,maturity_years,add_on_factor,counterparty_type,rating,credit_limit
T0000000,CP0032,JPM_EMEA_UK,Commodity Future,Commodity,4289855.075914802,229329.26485192997,0.0,Unmargined,2.0531605981645233,0.15,Hedge Fund,A,136500900.33916968
T0000001,CP0019,JPM_EMEA_CH,Securities Financing,SFT,9338503.246515978,128391.79788223452,0.0,Margined,6.401355372900593,0.03,CCP,AA,121755579.54253721
T0000002,CP0072,JPM_EMEA_FR,FX Forward,FX,2015289.279792384,9530.360657427425,14746.076339420571,Margined,5.742990868672143,0.04,Hedge Fund,AA,51326174.75073902
T0000003,CP0064,JPM_EMEA_CH,Interest Rate Swap,Interest Rate,1495178.8594291692,-81196.65995826118,7328.015463884847,Margined,0.9119837770722999,0.005,CCP,BB,61070776.73800309
T0000004,CP0014,JPM_EMEA_DE,Interest Rate Swap,Interest Rate,2112174.891187203,-16211.99543879515,0.0,Unmargined,2.4246589778663608,0.005,Sovereign,BBB,65093074.58952882
T0000005,CP0021,JPM_EMEA_FR,Interest Rate Swap,Interest Rate,4419403.523037106,277245.60437284404,83904.19413412153,Margined,2.3268612574872107,0.005,Corporate,BBB,83265583.00896084
T0000006,CP0015,JPM_EMEA_DE,Interest Rate Swap,Interest Rate,3207447.904406631,14752.848880642234,24186.250662421604,Margined,5.123825129133083,0.005,Sovereign,BBB,96819013.89258417
T0000007,CP0013,JPM_EMEA_DE,Equity Option,Equity,8138201.727338346,-160832.23963314018,156602.96281130088,Margined,3.6910949961002495,0.08,Sovereign,BBB,95537948.16105135
T0000008,CP0020,JPM_EMEA_DE,Interest Rate Swap,Interest Rate,14746799.275121,-907407.0297093475,222863.83439663466,Margined,1.9048478612145452,0.005,Asset Manager,AA,30754899.989917014
T0000009,CP0069,JPM_EMEA_UK,FX Forward,FX,1507505.086714091,72828.62670211743,25412.22389498009,Margined,1.654022587606146,0.04,Bank,AA,117082649.47537337
T0000010,CP0037,JPM_EMEA_DE,Equity Option,Equity,1920039.1366541013,-4709.727428650268,16045.391031641193,Margined,3.229660049548126,0.08,CCP,AA,56560391.89907108
T0000011,CP0031,JPM_EMEA_FR,Equity Option,Equity,951281.6891512024,-58490.206159563255,5599.258147088284,Margined,4.678401356840903,0.08,Asset Manager,AA,127417950.14526652
T0000012,CP0016,JPM_EMEA_UK,Interest Rate Swap,Interest Rate,30467707.489362184,-985608.975533405,387490.9545938149,Margined,3.585645242048617,0.005,Sovereign,BBB,22964503.233860675
T0000013,CP0015,JPM_EMEA_DE,Commodity Future,Commodity,5424706.845343418,-242559.42297821882,104986.2256322306,Margined,1.864182889769389,0.15,Sovereign,BBB,96819013.89258417
T0000014,CP0045,JPM_EMEA_UK,Equity Option,Equity,6463019.873049209,-29801.135868771547,74951.27925510652,Margined,4.358896243216309,0.08,Bank,AAA,92130821.02089284
T0000015,CP0061,JPM_EMEA_FR,Commodity Future,Commodity,1047164.4381895579,7599.129847029317,6685.631218801984,Margined,6.992440538627608,0.15,CCP,BBB,135803023.8142082
T0000016,CP0045,JPM_EMEA_DE,Interest Rate Swap,Interest Rate,3995322.7806536495,-70368.01101839745,9620.15900800602,Margined,1.2778478212223259,0.005,Bank,AAA,92130821.02089284
T0000017,CP0053,JPM_EMEA_UK,Interest Rate Swap,Interest Rate,6656157.363105816,181025.0548638865,90745.4176190424,Margined,3.7223770510061827,0.005,Asset Manager,A,53275461.77378836
T0000018,CP0021,JPM_EMEA_FR,Securities Financing,SFT,3106624.2005511182,8568.313155826765,23509.25350462384,Margined,2.6608101033020057,0.03,Corporate,BBB,83265583.00896084
T0000019,CP0076,JPM_EMEA_CH,FX Forward,FX,11728244.423472708,436067.0757993848,134007.8039297495,Margined,1.5679903833425084,0.04,Asset Manager,BBB,43304880.06050608
T0000020,CP0066,JPM_EMEA_CH,FX Forward,FX,40371556.37011734,-504716.83004077437,407339.70790109027,Margined,6.134670992535252,0.04,Hedge Fund,BBB,106015964.21180893
T0000021,CP0071,JPM_EMEA_CH,FX Forward,FX,1551514.4741966387,165370.33571263592,13101.84497032453,Margined,6.70650499237758,0.04,Sovereign,A,141785709.5693913
T0000022,CP0054,JPM_EMEA_UK,Equity Option,Equity,1439372.299087865,-28437.83011005596,20655.609242899343,Margined,2.4838606886844024,0.08,Asset Manager,A,141685664.10636523
T0000023,CP0056,JPM_EMEA_UK,Securities Financing,SFT,1662858.8096117536,-52573.85821722176,27330.801725618847,Margined,2.463669540013428,0.03,Bank,A,25838380.52100277
T0000024,CP0006,JPM_EMEA_CH,Interest Rate Swap,Interest Rate,19935329.7336685,-716087.3955201503,0.0,Unmargined,0.687746491835279,0.005,CCP,BBB,84218806.50178745
T0000025,CP0013,JPM_EMEA_FR,Securities Financing,SFT,11343554.284390116,-83748.6153860109,204907.03475139244,Margined,4.343384849962632,0.03,Sovereign,BBB,95537948.16105135
T0000026,CP0011,JPM_EMEA_FR,Interest Rate Swap,Interest Rate,3493019.4822672373,-210223.05730495404,86450.3411903925,Margined,0.23449023046170164,0.005,Corporate,AA,42177085.909795195
T0000027,CP0039,JPM_EMEA_CH,Equity Option,Equity,4148944.752989301,42774.37378637507,0.0,Unmargined,3.4986624095015975,0.08,Hedge Fund,A,114509299.85729474
T0000028,CP0048,JPM_EMEA_UK,Equity Option,Equity,1767826.3391406739,-117888.61657652377,0.0,Margined,1.1120610021222617,0.08,CCP,A,125072691.36835924
T0000029,CP0010,JPM_EMEA_FR,Interest Rate Swap,Interest Rate,9740783.13925431,55118.04939075194,0.0,Unmargined,4.722612078337803,0.005,Bank,AA,96393794.38310257
T0000030,CP0061,JPM_EMEA_FR,Interest Rate Swap,Interest Rate,2735714.2048465577,-129382.35067268278,51607.10901787098,Margined,6.505925154203899,0.005,CCP,BBB,135803023.8142082
T0000031,CP0044,JPM_EMEA_CH,FX Forward,FX,3083970.2887755027,-41156.4138883163,54306.53871674974,Margined,0.6670396845397997,0.04,Asset Manager,AA,24863632.30290337
T0000032,CP0048,JPM_EMEA_DE,Securities Financing,SFT,7352821.614229885,155577.71996954508,0.0,Unmargined,5.4552963416270135,0.03,CCP,A,125072691.36835924
T0000033,CP0074,JPM_EMEA_FR,Equity Option,Equity,3314475.6064879424,267283.6844873003,0.0,Margined,5.822448314285427,0.08,Bank,A,128044647.3762378
T0000034,CP0047,JPM_EMEA_CH,Securities Financing,SFT,3162390.9385406626,-119317.06775311561,0.0,Unmargined,1.274633834964006,0.03,Asset Manager,BBB,127872666.6072137
T0000035,CP0001,JPM_EMEA_DE,Commodity Future,Commodity,4042525.282601069,-21268.173140280374,59359.23258088946,Margined,6.4623639963426935,0.15,Bank,A,95932735.95865563
T0000036,CP0062,JPM_EMEA_UK,FX Forward,FX,8860912.718231242,-224460.6856187077,0.0,Margined,4.365378983752386,0.04,Sovereign,BBB,136148063.1607222
T0000037,CP0071,JPM_EMEA_DE,Commodity Future,Commodity,20755005.294574615,-631895.7102619925,369194.823891966,Margined,3.767811743445222,0.15,Sovereign,A,141785709.5693913
T0000038,CP0007,JPM_EMEA_FR,Interest Rate Swap,Interest Rate,7183455.921441742,-179759.27902949258,95941.23601835655,Margined,4.716316908237587,0.005,Bank,A,62881957.60326209
T0000039,CP0044,JPM_EMEA_DE,Interest Rate Swap,Interest Rate,8931716.420345843,257611.48251660418,134420.85293236215,Margined,2.0523584861760136,0.005,Asset Manager,AA,24863632.30290337
T0000040,CP0038,JPM_EMEA_FR,Commodity Future,Commodity,3275400.9825714617,-55950.253003748236,0.0,Unmargined,0.22660552378197946,0.15,Sovereign,BBB,105724942.50994723
T0000041,CP0013,JPM_EMEA_DE,Commodity Future,Commodity,1970912.2328917035,155161.9269417236,30435.2266919171,Margined,3.122256004312494,0.15,Sovereign,BBB,95537948.16105135
T0000042,CP0023,JPM_EMEA_UK,Interest Rate Swap,Interest Rate,7692767.435495408,112001.10857560174,0.0,Unmargined,5.216257505749879,0.005,Hedge Fund,A,141917439.14674777
T0000043,CP0069,JPM_EMEA_CH,FX Forward,FX,4747106.078365349,-167811.97121056402,51533.585943165235,Margined,6.434620228725074,0.04,Bank,AA,117082649.47537337
T0000044,CP0032,JPM_EMEA_CH,Equity Option,Equity,964317.880058161,-12376.712734836898,0.0,Margined,3.039221530221355,0.08,Hedge Fund,A,136500900.33916968
T0000045,CP0043,JPM_EMEA_FR,Securities Financing,SFT,2881251.4692404233,-80861.29863555558,49535.901606791165,Margined,1.8823514566321244,0.03,Sovereign,BBB,49927818.8163345
T0000046,CP0063,JPM_EMEA_DE,Equity Option,Equity,3681783.7066278313,103098.79057110108,85357.59694205149,Margined,0.962503744320528,0.08,Asset Manager,AA,87451586.85023838
T0000047,CP0036,JPM_EMEA_DE,FX Forward,FX,2400882.7784839477,-137708.1249312074,4965.948244151554,Margined,6.551685626676136,0.04,Bank,AA,107391212.09517552
T0000048,CP0072,JPM_EMEA_DE,FX Forward,FX,17602306.694822274,-826134.3111446752,0.0,Unmargined,1.6550682773564098,0.04,Hedge Fund,AA,51326174.75073902
T0000049,CP0040,JPM_EMEA_DE,FX Forward,FX,6463257.179141104,-133816.01445794557,0.0,Unmargined,6.381945064853433,0.04,Corporate,BBB,119924173.94929542
T0000050,CP0079,JPM_EMEA_UK,Equity Option,Equity,15791459.864681931,377465.4405744985,132154.9033027289,Margined,1.3271056147535085,0.08,Corporate,A,45536506.54289452
T0000051,CP0012,JPM_EMEA_DE,Securities Financing,SFT,5205520.113254745,224655.20215058778,79641.25772046694,Margined,0.17602253719709277,0.03,CCP,AAA,140265615.38898364
T0000052,CP0072,JPM_EMEA_DE,FX Forward,FX,4339166.146652984,209664.06783796838,36689.58947784696,Margined,1.6083312617025645,0.04,Hedge Fund,AA,51326174.75073902
T0000053,CP0010,JPM_EMEA_DE,Interest Rate Swap,Interest Rate,1567836.3431809437,29072.472717618464,26998.52027640868,Margined,3.4748872813180727,0.005,Bank,AA,96393794.38310257
T0000054,CP0066,JPM_EMEA_DE,Interest Rate Swap,Interest Rate,4048003.895518945,-11743.800812625854,83077.33842202435,Margined,2.4734997156653185,0.005,Hedge Fund,BBB,106015964.21180893
T0000055,CP0053,JPM_EMEA_FR,Commodity Future,Commodity,4052558.0004743994,112709.35175767889,84350.24247846661,Margined,6.35865911926138,0.15,Asset Manager,A,53275461.77378836
T0000056,CP0045,JPM_EMEA_CH,Commodity Future,Commodity,1019365.6041504865,-40833.25971686082,3113.704467156769,Margined,3.838337530260722,0.15,Bank,AAA,92130821.02089284
T0000057,CP0071,JPM_EMEA_DE,Interest Rate Swap,Interest Rate,2332094.734436613,-150567.03880065793,53842.07756290441,Margined,0.8684979278390018,0.005,Sovereign,A,141785709.5693913
T0000058,CP0052,JPM_EMEA_UK,Interest Rate Swap,Interest Rate,2895077.157348136,44243.481701999175,0.0,Unmargined,4.396057307048879,0.005,Hedge Fund,BBB,86957426.80012289
T0000059,CP0056,JPM_EMEA_CH,Equity Option,Equity,6048279.82504579,-212891.8568323881,0.0,Unmargined,2.7531806166012913,0.08,Bank,A,25838380.52100277
T0000060,CP0061,JPM_EMEA_UK,Interest Rate Swap,Interest Rate,6344856.426578909,-14502.664374765653,0.0,Unmargined,4.768642350547028,0.005,CCP,BBB,135803023.8142082
T0000061,CP0068,JPM_EMEA_CH,Commodity Future,Commodity,2236642.5484603895,9364.700577626916,13386.887657160978,Margined,5.513928041127864,0.15,Asset Manager,AA,32280666.847996987
T0000062,CP0019,JPM_EMEA_FR,FX Forward,FX,6392746.342793198,55515.78915793806,26376.921895432533,Margined,6.899582542518059,0.04,CCP,AA,121755579.54253721
T0000063,CP0068,JPM_EMEA_FR,Interest Rate Swap,Interest Rate,3334142.189606189,109435.56167782258,10621.779847365255,Margined,4.057690108524964,0.005,Asset Manager,AA,32280666.847996987
T0000064,CP0048,JPM_EMEA_DE,Securities Financing,SFT,226881.89942537344,6607.397971452365,0.0,Unmargined,2.5989171590606803,0.03,CCP,A,125072691.36835924
T0000065,CP0003,JPM_EMEA_FR,Interest Rate Swap,Interest Rate,2463522.7287659417,16813.548415247154,46271.8912979158,Margined,3.063522442764924,0.005,Corporate,BBB,30977761.748185582
T0000066,CP0074,JPM_EMEA_FR,Interest Rate Swap,Interest Rate,11766811.703389443,-182038.87013565292,264193.9576772505,Margined,2.8482211205649794,0.005,Bank,A,128044647.3762378
T0000067,CP0062,JPM_EMEA_CH,Interest Rate Swap,Interest Rate,744150.9346970255,2806.694065468578,6039.188960445617,Margined,3.181234457804963,0.005,Sovereign,BBB,136148063.1607222
T0000068,CP0072,JPM_EMEA_UK,Interest Rate Swap,Interest Rate,4477144.977799689,-93426.21654547949,52340.03588832997,Margined,0.2589077467350799,0.005,Hedge Fund,AA,51326174.75073902
T0000069,CP0062,JPM_EMEA_UK,Interest Rate Swap,Interest Rate,19522264.34045369,-134215.80688301908,217995.35641753903,Margined,1.7689312591168287,0.005,Sovereign,BBB,136148063.1607222
T0000070,CP0028,JPM_EMEA_DE,Interest Rate Swap,Interest Rate,1869519.4292057096,171315.4129544765,12932.882989560236,Margined,6.914937591051453,0.005,Sovereign,A,87687412.32129991
T0000071,CP0028,JPM_EMEA_UK,Interest Rate Swap,Interest Rate,4008605.565424751,25561.43271236909,0.0,Unmargined,6.499700963532674,0.005,Sovereign,A,87687412.32129991
T0000072,CP0023,JPM_EMEA_CH,Interest Rate Swap,Interest Rate,1085757.7212942536,17109.995130297335,0.0,Unmargined,0.38560832357290503,0.005,Hedge Fund,A,141917439.14674777
T0000073,CP0033,JPM_EMEA_UK,Equity Option,Equity,20359049.43620977,-502702.03934644745,267407.67350219964,Margined,6.85808709978975,0.08,Bank,BBB,38232381.569819406
T0000074,CP0003,JPM_EMEA_UK,Equity Option,Equity,3680180.25796282,131391.89170862603,54711.191924750165,Margined,5.554081430322333,0.08,Corporate,BBB,30977761.748185582
T0000075,CP0060,JPM_EMEA_DE,FX Forward,FX,4190923.8710547937,111518.53456256817,0.0,Unmargined,0.06909252665604823,0.04,Sovereign,BB,117319042.5294034
T0000076,CP0061,JPM_EMEA_DE,FX Forward,FX,15496199.907760069,416186.7005332953,261010.18353314363,Margined,6.398571708736272,0.04,CCP,BBB,135803023.8142082
T0000077,CP0079,JPM_EMEA_DE,FX Forward,FX,7750619.345847277,58293.90890192217,0.0,Unmargined,6.7245661576312035,0.04,Corporate,A,45536506.54289452
T0000078,CP0045,JPM_EMEA_FR,Securities Financing,SFT,1666400.0294261673,60318.104210629914,0.0,Unmargined,4.419868225571608,0.03,Bank,AAA,92130821.02089284
T0000079,CP0080,JPM_EMEA_FR,Securities Financing,SFT,2093875.0434078316,93196.24637066273,29404.138446840145,Margined,5.528886562355182,0.03,Sovereign,A,60342077.47701232
T0000080,CP0017,JPM_EMEA_CH,Interest Rate Swap,Interest Rate,6561542.192476826,65014.79263842479,55924.48630254795,Margined,2.361095005074911,0.005,Corporate,A,144612697.7213879
T0000081,CP0038,JPM_EMEA_DE,Interest Rate Swap,Interest Rate,2142928.4026349457,-8596.212778817464,29730.64049994269,Margined,4.02763276776496,0.005,Sovereign,BBB,105724942.50994723
T0000082,CP0063,JPM_EMEA_CH,Interest Rate Swap,Interest Rate,481451.8989846727,15074.251568857264,7104.217470429874,Margined,5.134272146509917,0.005,Asset Manager,AA,87451586.85023838
T0000083,CP0064,JPM_EMEA_UK,Interest Rate Swap,Interest Rate,3792606.685436733,-120014.70887458569,0.0,Unmargined,3.9507632044918535,0.005,CCP,BB,61070776.73800309
T0000084,CP0062,JPM_EMEA_UK,Equity Option,Equity,910357.1353760648,-22876.009253116757,3305.283695670256,Margined,2.167005261698051,0.08,Sovereign,BBB,136148063.1607222
T0000085,CP0038,JPM_EMEA_DE,FX Forward,FX,20137346.274547048,-37566.46114288719,455101.5051976958,Margined,4.5619418855666805,0.04,Sovereign,BBB,105724942.50994723
T0000086,CP0006,JPM_EMEA_UK,Interest Rate Swap,Interest Rate,4773510.5514853895,-290933.5219032604,58166.805388100125,Margined,5.877011532836586,0.005,CCP,BBB,84218806.50178745
T0000087,CP0070,JPM_EMEA_UK,FX Forward,FX,1617884.2940647064,46863.3688229157,0.0,Unmargined,5.86025709322577,0.04,Asset Manager,BBB,54119867.06997241
T0000088,CP0031,JPM_EMEA_DE,FX Forward,FX,1989059.564650636,-67035.25772295878,15327.564116411353,Margined,0.9685882201657745,0.04,Asset Manager,AA,127417950.14526652
T0000089,CP0052,JPM_EMEA_FR,Interest Rate Swap,Interest Rate,604651.3749737418,-9978.0693053584,2411.9893641951867,Margined,3.1456745334637644,0.005,Hedge Fund,BBB,86957426.80012289
T0000090,CP0011,JPM_EMEA_DE,Commodity Future,Commodity,1332201.0169251936,-9944.59529888948,0.0,Margined,0.31923759997580936,0.15,Corporate,AA,42177085.909795195
T0000091,CP0075,JPM_EMEA_DE,Interest Rate Swap,Interest Rate,11052068.042946255,15197.021881608323,192518.17307546362,Margined,4.44772817883642,0.005,Sovereign,AA,39926961.16118422
T0000092,CP0021,JPM_EMEA_UK,Securities Financing,SFT,37265967.34780829,-448230.0122351945,1037748.7915164387,Margined,1.7330273931469709,0.03,Corporate,BBB,83265583.00896084
T0000093,CP0080,JPM_EMEA_UK,Interest Rate Swap,Interest Rate,8270466.154029795,-19501.648805805,0.0,Margined,6.515966124386214,0.005,Sovereign,A,60342077.47701232
T0000094,CP0058,JPM_EMEA_CH,Commodity Future,Commodity,3648265.4027001015,-7613.8099903203665,16039.878564808518,Margined,4.346878802073646,0.15,Bank,AA,149008823.32725883
T0000095,CP0027,JPM_EMEA_UK,Securities Financing,SFT,2596943.003709045,-40631.9871247892,0.0,Unmargined,2.8342924224595007,0.03,Asset Manager,A,63103969.654531784
T0000096,CP0030,JPM_EMEA_FR,Securities Financing,SFT,1536947.8704351701,-41592.58512850619,0.0,Unmargined,5.133669165472974,0.03,Asset Manager,A,22809570.384442955
T0000097,CP0079,JPM_EMEA_FR,Commodity Future,Commodity,31376533.114322048,1187651.5839936775,0.0,Unmargined,1.4913722812936838,0.15,Corporate,A,45536506.54289452
T0000098,CP0048,JPM_EMEA_UK,Commodity Future,Commodity,3311978.216161686,-243941.10453558143,0.0,Unmargined,0.6854510507172631,0.15,CCP,A,125072691.36835924
T0000099,CP0056,JPM_EMEA_UK,Equity Option,Equity,33179233.76386645,-238891.4972341305,244032.60094329063,Margined,0.6573016388829429,0.08,Bank,A,25838380.52100277
T0000100,CP0050,JPM_EMEA_DE,Commodity Future,Commodity,16116021.005621813,-264487.78084438475,164274.84247096456,Margined,4.100495860942581,0.15,Sovereign,A,143876921.35906684
T0000101,CP0020,JPM_EMEA_FR,Interest Rate Swap,Interest Rate,701522.6652792331,10282.710198761612,0.0,Margined,6.227636392435377,0.005,Asset Manager,AA,30754899.989917014
T0000102,CP0011,JPM_EMEA_UK,FX Forward,FX,2055135.8757743128,-104606.92550022286,5861.504892263954,Margined,1.598168828234227,0.04,Corporate,AA,42177085.909795195
T0000103,CP0001,JPM_EMEA_CH,FX Forward,FX,2048789.7171864773,-35838.42737791508,0.0,Unmargined,5.332336281039907,0.04,Bank,A,95932735.95865563
T0000104,CP0033,JPM_EMEA_DE,Securities Financing,SFT,3693032.7243487635,-13230.62465479311,79530.19372177449,Margined,0.31148350350157983,0.03,Bank,BBB,38232381.569819406
T0000105,CP0055,JPM_EMEA_DE,FX Forward,FX,3765874.510577053,141041.7026807346,87554.05336301136,Margined,2.505713508723718,0.04,Asset Manager,A,41399016.28566236
T0000106,CP0025,JPM_EMEA_CH,FX Forward,FX,80040556.02400336,930589.4305792287,1242786.0932771564,Margined,4.593329741428583,0.04,Sovereign,A,81553622.137404
T0000107,CP0018,JPM_EMEA_UK,Equity Option,Equity,1362152.9324714448,-56423.217794314136,0.0,Unmargined,5.792441409921914,0.08,Bank,A,82699446.80257703
T0000108,CP0032,JPM_EMEA_CH,Interest Rate Swap,Interest Rate,5029216.953700114,-85806.91624134153,34801.91862601545,Margined,6.60518287398055,0.005,Hedge Fund,A,136500900.33916968
T0000109,CP0019,JPM_EMEA_FR,Interest Rate Swap,Interest Rate,7409790.035287326,229790.90692943157,167440.8438816627,Margined,4.446364036465745,0.005,CCP,AA,121755579.54253721
T0000110,CP0035,JPM_EMEA_DE,FX Forward,FX,3993716.9219305115,-167844.42155130286,99780.75648909854,Margined,3.265585916307282,0.04,CCP,AAA,34114846.34760766
T0000111,CP0045,JPM_EMEA_UK,FX Forward,FX,4465918.654709175,-12292.661682354397,102274.81565885732,Margined,0.47142292452466156,0.04,Bank,AAA,92130821.02089284
T0000112,CP0022,JPM_EMEA_UK,Interest Rate Swap,Interest Rate,1407036.1444384877,-449.1482225336771,0.0,Unmargined,1.9657511455464614,0.005,Asset Manager,A,83791909.26608771
T0000113,CP0003,JPM_EMEA_CH,FX Forward,FX,4449450.278929775,-60078.28902497897,6885.048515372408,Margined,6.465627050462096,0.04,Corporate,BBB,30977761.748185582
T0000114,CP0009,JPM_EMEA_DE,FX Forward,FX,6670490.245451738,629369.5089961755,0.0,Unmargined,4.101130974407471,0.04,Hedge Fund,BBB,33442385.803931713
T0000115,CP0034,JPM_EMEA_CH,FX Forward,FX,5550538.473981659,-80180.86457801776,67263.95708275607,Margined,2.4316071538019783,0.04,Corporate,AA,92024698.66007642
T0000116,CP0015,JPM_EMEA_CH,FX Forward,FX,7074489.355560461,111365.05913573036,173498.44550814084,Margined,1.7792772697012649,0.04,Sovereign,BBB,96819013.89258417
T0000117,CP0064,JPM_EMEA_DE,Equity Option,Equity,16426604.757945033,-440570.3969594446,0.0,Unmargined,0.8399163424292098,0.08,CCP,BB,61070776.73800309
T0000118,CP0014,JPM_EMEA_DE,Interest Rate Swap,Interest Rate,10208910.353606226,188570.6178866165,123869.29752156482,Margined,5.2736546006622875,0.005,Sovereign,BBB,65093074.58952882
T0000119,CP0003,JPM_EMEA_DE,Securities Financing,SFT,4295590.25593818,130919.1350610149,54072.723409048354,Margined,2.9160141489412457,0.03,Corporate,BBB,30977761.748185582
T0000120,CP0050,JPM_EMEA_FR,Securities Financing,SFT,1239286.7459406927,-25502.9613240229,18835.758935066337,Margined,6.559018089360484,0.03,Sovereign,A,143876921.35906684
T0000121,CP0050,JPM_EMEA_FR,FX Forward,FX,2195234.965115287,-4202.916809804964,0.0,Unmargined,3.208022392809803,0.04,Sovereign,A,143876921.35906684
T0000122,CP0054,JPM_EMEA_DE,FX Forward,FX,3211259.440319842,-100624.14644763051,19921.691884994878,Margined,5.737717116995364,0.04,Asset Manager,A,141685664.10636523
T0000123,CP0013,JPM_EMEA_FR,FX Forward,FX,5148164.237860754,-206205.25726033704,18219.542911580807,Margined,0.9551514815444838,0.04,Sovereign,BBB,95537948.16105135
T0000124,CP0055,JPM_EMEA_FR,Commodity Future,Commodity,2479263.647159425,89967.12288685434,0.0,Unmargined,1.0988080095731656,0.15,Asset Manager,A,41399016.28566236
T0000125,CP0070,JPM_EMEA_UK,Equity Option,Equity,1569192.5095707886,-30426.694710151325,0.0,Margined,1.9488228074577914,0.08,Asset Manager,BBB,54119867.06997241
T0000126,CP0049,JPM_EMEA_FR,Commodity Future,Commodity,1219079.0199700787,-102983.44532088614,30601.296779847667,Margined,1.3790808830519827,0.15,Sovereign,AA,61228056.066952996
T0000127,CP0032,JPM_EMEA_CH,FX Forward,FX,767295.4129890957,47409.2388409366,0.0,Margined,6.83834708143532,0.04,Hedge Fund,A,136500900.33916968
T0000128,CP0039,JPM_EMEA_CH,Equity Option,Equity,3162439.2909926553,-88780.22176711218,23160.664726582443,Margined,5.666585167060078,0.08,Hedge Fund,A,114509299.85729474
T0000129,CP0065,JPM_EMEA_DE,Interest Rate Swap,Interest Rate,920009.6858005315,-7933.295529892123,0.0,Unmargined,2.4714650915877114,0.005,Asset Manager,BBB,120361616.17442845
T0000130,CP0012,JPM_EMEA_UK,Commodity Future,Commodity,1470744.4143963598,84467.39271258446,17652.95562437403,Margined,3.662770942346009,0.15,CCP,AAA,140265615.38898364
T0000131,CP0058,JPM_EMEA_CH,Interest Rate Swap,Interest Rate,2697680.9277307144,-13383.123045131237,0.0,Unmargined,3.756074411539185,0.005,Bank,AA,149008823.32725883
T0000132,CP0022,JPM_EMEA_CH,Equity Option,Equity,1051667.55469794,-6012.153176060636,0.0,Unmargined,4.27010293222705,0.08,Asset Manager,A,83791909.26608771
T0000133,CP0071,JPM_EMEA_CH,Securities Financing,SFT,5847689.053563678,-251369.0923975045,73306.83309146743,Margined,0.770136397438533,0.03,Sovereign,A,141785709.5693913
T0000134,CP0012,JPM_EMEA_DE,Interest Rate Swap,Interest Rate,8385612.374302049,-479817.8595533023,86133.77088357798,Margined,2.475412146875597,0.005,CCP,AAA,140265615.38898364
T0000135,CP0042,JPM_EMEA_DE,Equity Option,Equity,2309121.9437546115,-13447.216115139832,16183.762102299674,Margined,0.6472121062704284,0.08,Sovereign,A,139081539.86788905
T0000136,CP0033,JPM_EMEA_FR,Interest Rate Swap,Interest Rate,2583815.1668622117,32810.1688929198,0.0,Unmargined,6.437503269758414,0.005,Bank,BBB,38232381.569819406
T0000137,CP0039,JPM_EMEA_DE,Equity Option,Equity,6846407.9731752435,73211.3056773649,50284.31356743416,Margined,2.854004421590147,0.08,Hedge Fund,A,114509299.85729474
T0000138,CP0031,JPM_EMEA_CH,Interest Rate Swap,Interest Rate,1958735.797541343,-32993.21571974673,61653.6798805658,Margined,5.102768457501159,0.005,Asset Manager,AA,127417950.14526652
T0000139,CP0003,JPM_EMEA_DE,Securities Financing,SFT,1828617.925441137,1296.532125553298,0.0,Unmargined,6.4497435460543935,0.03,Corporate,BBB,30977761.748185582
T0000140,CP0069,JPM_EMEA_DE,Interest Rate Swap,Interest Rate,13234047.162305702,-850980.3303830416,119238.02871501385,Margined,2.20058941622412,0.005,Bank,AA,117082649.47537337
T0000141,CP0043,JPM_EMEA_CH,Securities Financing,SFT,9684068.376610868,155970.1112576713,0.0,Unmargined,0.6605519081042139,0.03,Sovereign,BBB,49927818.8163345
T0000142,CP0049,JPM_EMEA_DE,Commodity Future,Commodity,7299781.11504071,41237.95681283509,191368.19101973588,Margined,2.38670290209884,0.15,Sovereign,AA,61228056.066952996
T0000143,CP0042,JPM_EMEA_UK,Equity Option,Equity,10093977.738675678,697273.1195351775,0.0,Margined,4.713363419003002,0.08,Sovereign,A,139081539.86788905
T0000144,CP0043,JPM_EMEA_CH,Commodity Future,Commodity,553781.8932499941,144.97324661114294,8237.760055759052,Margined,3.523592392193368,0.15,Sovereign,BBB,49927818.8163345
T0000145,CP0049,JPM_EMEA_DE,Commodity Future,Commodity,15488997.108937768,-511035.10045262007,0.0,Unmargined,0.570927296435276,0.15,Sovereign,AA,61228056.066952996
T0000146,CP0034,JPM_EMEA_FR,Securities Financing,SFT,5920118.571729116,-10510.043884743345,3627.8437048106425,Margined,0.5378638454532668,0.03,Corporate,AA,92024698.66007642
T0000147,CP0011,JPM_EMEA_FR,Interest Rate Swap,Interest Rate,10990988.888531752,-126099.53858729482,59872.196115157814,Margined,4.911953155848091,0.005,Corporate,AA,42177085.909795195
T0000148,CP0003,JPM_EMEA_UK,Equity Option,Equity,5891178.957729427,89632.96472408506,0.0,Unmargined,5.168990106216853,0.08,Corporate,BBB,30977761.748185582
T0000149,CP0044,JPM_EMEA_UK,Interest Rate Swap,Interest Rate,4200565.612227003,3953.6654403646016,0.0,Unmargined,0.8110790775596808,0.005,Asset Manager,AA,24863632.30290337
T0000150,CP0015,JPM_EMEA_CH,Equity Option,Equity,3037349.1617722614,-133941.43197119908,42755.28017971084,Margined,5.573289351715363,0.08,Sovereign,BBB,96819013.89258417
T0000151,CP0037,JPM_EMEA_UK,Interest Rate Swap,Interest Rate,5774425.309826426,-330591.7105304187,149172.03306427354,Margined,2.4516358889744225,0.005,CCP,AA,56560391.89907108
T0000152,CP0049,JPM_EMEA_DE,Equity Option,Equity,2928664.3100569984,26948.945445539157,39141.0286377877,Margined,0.5240535100548168,0.08,Sovereign,AA,61228056.066952996
T0000153,CP0048,JPM_EMEA_CH,Equity Option,Equity,9527386.694109444,461211.34762543254,3543.2367483827693,Margined,2.3703342218983456,0.08,CCP,A,125072691.36835924
T0000154,CP0014,JPM_EMEA_UK,FX Forward,FX,818597.8974216622,2273.3903867358326,4277.6896531208495,Margined,5.12680200613522,0.04,Sovereign,BBB,65093074.58952882
T0000155,CP0053,JPM_EMEA_FR,FX Forward,FX,2327322.57947436,66248.18534618369,22614.021192945052,Margined,4.607658761621547,0.04,Asset Manager,A,53275461.77378836
T0000156,CP0076,JPM_EMEA_UK,Commodity Future,Commodity,30911170.07236264,1095749.0605751637,283830.04351872933,Margined,3.396222597919255,0.15,Asset Manager,BBB,43304880.06050608
T0000157,CP0029,JPM_EMEA_FR,Commodity Future,Commodity,2138733.6414551213,19970.88435534375,28265.740693592357,Margined,1.9935861258324614,0.15,Corporate,AAA,77058489.83965607
T0000158,CP0010,JPM_EMEA_FR,FX Forward,FX,3150655.8517063907,-89816.38303384568,45683.07169073766,Margined,2.9546217196081432,0.04,Bank,AA,96393794.38310257
T0000159,CP0041,JPM_EMEA_UK,Equity Option,Equity,1654855.0596941079,11312.230045788669,0.0,Unmargined,2.7021942296340047,0.08,Bank,BBB,34006322.97426655
T0000160,CP0050,JPM_EMEA_DE,Securities Financing,SFT,5596492.3420822,236438.0960126898,66991.37148755034,Margined,2.7606579328655614,0.03,Sovereign,A,143876921.35906684
T0000161,CP0032,JPM_EMEA_FR,Interest Rate Swap,Interest Rate,1915597.2827068113,35526.99139309651,0.0,Unmargined,3.4533660053767874,0.005,Hedge Fund,A,136500900.33916968
T0000162,CP0048,JPM_EMEA_CH,Interest Rate Swap,Interest Rate,3322386.7535459544,87008.61453957322,70535.76266893512,Margined,3.2142226718852487,0.005,CCP,A,125072691.36835924
T0000163,CP0062,JPM_EMEA_FR,Interest Rate Swap,Interest Rate,9347985.79552241,-151335.64939876128,0.0,Unmargined,0.7621588947481088,0.005,Sovereign,BBB,136148063.1607222
T0000164,CP0047,JPM_EMEA_FR,Equity Option,Equity,1988799.0066558344,-14085.433473121095,0.0,Unmargined,2.0666784849590423,0.08,Asset Manager,BBB,127872666.6072137
T0000165,CP0064,JPM_EMEA_DE,FX Forward,FX,8801353.182357617,-36573.634846899804,88267.4054331916,Margined,0.9473096064010886,0.04,CCP,BB,61070776.73800309
T0000166,CP0012,JPM_EMEA_UK,Commodity Future,Commodity,9102268.577457372,-16355.230056203638,154559.89939294007,Margined,4.234568691378521,0.15,CCP,AAA,140265615.38898364
T0000167,CP0024,JPM_EMEA_CH,Equity Option,Equity,11487396.247176435,469587.9991676608,118450.69528998173,Margined,2.988564368844355,0.08,CCP,BBB,94324646.8088898
T0000168,CP0045,JPM_EMEA_CH,FX Forward,FX,4603585.037982415,-378189.48500630463,0.0,Margined,4.719883670161431,0.04,Bank,AAA,92130821.02089284
T0000169,CP0021,JPM_EMEA_UK,Securities Financing,SFT,102263563.66406125,109303.45491790368,0.0,Unmargined,0.6588422527765558,0.03,Corporate,BBB,83265583.00896084
T0000170,CP0080,JPM_EMEA_DE,Commodity Future,Commodity,11482545.01658834,-31948.724940012373,219753.08220288425,Margined,2.447118055794403,0.15,Sovereign,A,60342077.47701232
T0000171,CP0055,JPM_EMEA_DE,Interest Rate Swap,Interest Rate,5535445.139090123,-265715.42643322493,130241.81610434633,Margined,1.3034445721516796,0.005,Asset Manager,A,41399016.28566236
T0000172,CP0033,JPM_EMEA_UK,FX Forward,FX,1665907.3784617276,39168.56869526144,0.0,Unmargined,0.6900096158650577,0.04,Bank,BBB,38232381.569819406
T0000173,CP0062,JPM_EMEA_CH,FX Forward,FX,3630009.3907095795,-92047.98751158392,50127.97045194872,Margined,5.42545511478285,0.04,Sovereign,BBB,136148063.1607222
T0000174,CP0079,JPM_EMEA_UK,Interest Rate Swap,Interest Rate,16653515.545622012,-208104.70717041104,232856.05685868743,Margined,0.9600095182474395,0.005,Corporate,A,45536506.54289452
T0000175,CP0001,JPM_EMEA_UK,Interest Rate Swap,Interest Rate,22105555.935979787,1430392.3156349552,280366.1028276759,Margined,1.265658680609137,0.005,Bank,A,95932735.95865563
T0000176,CP0045,JPM_EMEA_DE,Securities Financing,SFT,17542446.555378336,620109.3069282755,0.0,Unmargined,2.599105006046252,0.03,Bank,AAA,92130821.02089284
T0000177,CP0035,JPM_EMEA_CH,FX Forward,FX,8771314.383536981,176365.19433671926,107861.62592902964,Margined,2.0847013912534185,0.04,CCP,AAA,34114846.34760766
T0000178,CP0061,JPM_EMEA_UK,FX Forward,FX,1139550.8058776415,15187.013195677708,15605.003280274155,Margined,6.442739884226,0.04,CCP,BBB,135803023.8142082
T0000179,CP0025,JPM_EMEA_DE,Equity Option,Equity,6510759.90928877,-37526.72307992692,116708.28996512522,Margined,6.921092722910034,0.08,Sovereign,A,81553622.137404
T0000180,CP0027,JPM_EMEA_FR,Equity Option,Equity,1155914.7051629848,80888.83537734495,0.0,Unmargined,2.9856848745865143,0.08,Asset Manager,A,63103969.654531784
T0000181,CP0062,JPM_EMEA_UK,Securities Financing,SFT,903773.2024959872,25374.216322187796,5376.854637937193,Margined,1.447887096853436,0.03,Sovereign,BBB,136148063.1607222
T0000182,CP0072,JPM_EMEA_UK,Commodity Future,Commodity,5080720.314325589,-133288.87160694896,0.0,Unmargined,3.511876219735167,0.15,Hedge Fund,AA,51326174.75073902
T0000183,CP0012,JPM_EMEA_UK,FX Forward,FX,6749671.306663285,-330758.05607878586,58176.32847381031,Margined,3.494896795964233,0.04,CCP,AAA,140265615.38898364
T0000184,CP0050,JPM_EMEA_UK,FX Forward,FX,9871693.898090389,195847.79359051265,73787.17192196287,Margined,3.288968544166749,0.04,Sovereign,A,143876921.35906684
T0000185,CP0063,JPM_EMEA_DE,Securities Financing,SFT,6576025.934164988,-12858.889644995948,0.0,Margined,0.19133679052977448,0.03,Asset Manager,AA,87451586.85023838
T0000186,CP0014,JPM_EMEA_CH,Equity Option,Equity,6806515.715493224,-340413.15314255096,82997.15279736691,Margined,0.9422198335493548,0.08,Sovereign,BBB,65093074.58952882
T0000187,CP0053,JPM_EMEA_CH,Securities Financing,SFT,1494275.9514707043,22414.91001945493,0.0,Unmargined,1.0300096916065833,0.03,Asset Manager,A,53275461.77378836
T0000188,CP0079,JPM_EMEA_FR,Interest Rate Swap,Interest Rate,3601382.056724494,-33910.43557711091,38747.99697276578,Margined,2.4947396559150032,0.005,Corporate,A,45536506.54289452
T0000189,CP0068,JPM_EMEA_CH,Securities Financing,SFT,886191.3114738389,16459.47262072245,10570.788458036628,Margined,4.086475688839748,0.03,Asset Manager,AA,32280666.847996987
T0000190,CP0016,JPM_EMEA_UK,Equity Option,Equity,539520.3535628924,8341.474286377357,8280.28615706915,Margined,6.151012514540646,0.08,Sovereign,BBB,22964503.233860675
T0000191,CP0080,JPM_EMEA_FR,Interest Rate Swap,Interest Rate,8389132.103452014,-178598.25306778873,195374.1415335093,Margined,1.6023255038689521,0.005,Sovereign,A,60342077.47701232
T0000192,CP0029,JPM_EMEA_DE,Equity Option,Equity,1883571.9871992327,41720.303468029546,0.0,Unmargined,5.409840401780944,0.08,Corporate,AAA,77058489.83965607
T0000193,CP0039,JPM_EMEA_UK,Equity Option,Equity,9571528.047106698,-166799.93621329207,25145.39086386595,Margined,1.6221446225679343,0.08,Hedge Fund,A,114509299.85729474
T0000194,CP0024,JPM_EMEA_FR,Interest Rate Swap,Interest Rate,12117393.975520117,-183589.00707682382,0.0,Unmargined,0.27668607401343787,0.005,CCP,BBB,94324646.8088898
T0000195,CP0056,JPM_EMEA_DE,FX Forward,FX,2153247.2175927027,-40113.91738590727,58285.151007246284,Margined,4.566515406768649,0.04,Bank,A,25838380.52100277
T0000196,CP0011,JPM_EMEA_CH,Commodity Future,Commodity,7218198.854702402,285725.9411821125,0.0,Unmargined,1.541698868906575,0.15,Corporate,AA,42177085.909795195
T0000197,CP0057,JPM_EMEA_DE,Interest Rate Swap,Interest Rate,2065015.2936391982,-20278.519530679427,0.0,Unmargined,6.441602307967059,0.005,Corporate,A,76562617.80039492
T0000198,CP0005,JPM_EMEA_DE,FX Forward,FX,631545.9898314158,30336.634543488948,13428.755530199058,Margined,6.537264925903602,0.04,Asset Manager,BBB,25409842.60204602
T0000199,CP0068,JPM_EMEA_UK,FX Forward,FX,4524937.502988923,282455.5151292649,0.0,Margined,0.779970926685031,0.04,Asset Manager,AA,32280666.847996987
T0000200,CP0027,JPM_EMEA_DE,FX Forward,FX,2497825.3202202334,-64581.69775981973,0.0,Unmargined,1.4032948268731116,0.04,Asset Manager,A,63103969.654531784
T0000201,CP0042,JPM_EMEA_UK,Securities Financing,SFT,2575916.3902976154,-263348.389748863,43345.679484503475,Margined,1.5123745813083591,0.03,Sovereign,A,139081539.86788905
T0000202,CP0019,JPM_EMEA_FR,Commodity Future,Commodity,28836371.19158111,1054195.2716021747,284364.6375024488,Margined,6.384497617884758,0.15,CCP,AA,121755579.54253721
T0000203,CP0009,JPM_EMEA_DE,Interest Rate Swap,Interest Rate,869738.5570678962,-10409.915059872295,0.0,Unmargined,0.5922654484054074,0.005,Hedge Fund,BBB,33442385.803931713
T0000204,CP0002,JPM_EMEA_DE,Securities Financing,SFT,5865956.1573050115,-177835.40332199418,0.0,Unmargined,5.270617859859077,0.03,Sovereign,BBB,104480058.20212659
T0000205,CP0079,JPM_EMEA_DE,Securities Financing,SFT,1479178.8814413028,-30478.678641025643,0.0,Unmargined,2.0495471575704913,0.03,Corporate,A,45536506.54289452
T0000206,CP0011,JPM_EMEA_CH,Interest Rate Swap,Interest Rate,9920028.26301737,-144023.76911444374,0.0,Unmargined,4.097920201758495,0.005,Corporate,AA,42177085.909795195
T0000207,CP0005,JPM_EMEA_FR,Commodity Future,Commodity,5390971.432225557,244759.5812903615,43525.5370499557,Margined,1.282110302433985,0.15,Asset Manager,BBB,25409842.60204602
T0000208,CP0042,JPM_EMEA_CH,Interest Rate Swap,Interest Rate,5845304.62231316,32715.546721987273,0.0,Unmargined,5.655381120718465,0.005,Sovereign,A,139081539.86788905
T0000209,CP0077,JPM_EMEA_DE,Securities Financing,SFT,1554889.9066108703,69854.9093933138,33471.08038152142,Margined,4.7118649892999835,0.03,Hedge Fund,BBB,97919762.89770965
T0000210,CP0007,JPM_EMEA_DE,Equity Option,Equity,1860241.7415060461,32177.91133808841,0.0,Unmargined,0.1969698282937808,0.08,Bank,A,62881957.60326209
T0000211,CP0021,JPM_EMEA_UK,Equity Option,Equity,10110200.538220502,-109423.46211014761,0.0,Margined,1.6980712521686052,0.08,Corporate,BBB,83265583.00896084
T0000212,CP0045,JPM_EMEA_FR,Interest Rate Swap,Interest Rate,23502154.1486124,-321098.23069958127,508922.24669911375,Margined,3.2911343278532863,0.005,Bank,AAA,92130821.02089284
T0000213,CP0040,JPM_EMEA_UK,Securities Financing,SFT,6466287.7372000115,127103.33223267275,0.0,Unmargined,3.741669389659933,0.03,Corporate,BBB,119924173.94929542
T0000214,CP0012,JPM_EMEA_CH,Interest Rate Swap,Interest Rate,1630478.6798864314,46819.02739707864,14501.708352747515,Margined,5.799536783694391,0.005,CCP,AAA,140265615.38898364
T0000215,CP0077,JPM_EMEA_FR,Interest Rate Swap,Interest Rate,5613828.245903062,195853.80270039898,62371.108305728325,Margined,2.7394037828755917,0.005,Hedge Fund,BBB,97919762.89770965
T0000216,CP0029,JPM_EMEA_DE,Interest Rate Swap,Interest Rate,45320814.37588834,-414859.8414172174,619726.4965843331,Margined,6.491568623832494,0.005,Corporate,AAA,77058489.83965607
T0000217,CP0055,JPM_EMEA_FR,Commodity Future,Commodity,4431407.137306166,27174.296889901638,34598.610862342946,Margined,1.3975035390327253,0.15,Asset Manager,A,41399016.28566236
T0000218,CP0037,JPM_EMEA_CH,Interest Rate Swap,Interest Rate,17255573.979236964,352728.3371069192,276907.9437629781,Margined,6.011105230374439,0.005,CCP,AA,56560391.89907108
T0000219,CP0047,JPM_EMEA_UK,Securities Financing,SFT,1907827.185489393,-25638.86201658198,0.0,Unmargined,6.334881733677324,0.03,Asset Manager,BBB,127872666.6072137
T0000220,CP0073,JPM_EMEA_FR,Equity Option,Equity,3835149.087235368,-152343.24821469458,36761.40192296805,Margined,4.405474419742208,0.08,Asset Manager,A,35958531.21349318
T0000221,CP0027,JPM_EMEA_CH,Interest Rate Swap,Interest Rate,7432479.868025663,-209740.77150022882,0.0,Margined,6.774290469162443,0.005,Asset Manager,A,63103969.654531784
T0000222,CP0066,JPM_EMEA_FR,Interest Rate Swap,Interest Rate,5951377.28584017,-50207.250025188,127227.9310944551,Margined,2.9035817091656395,0.005,Hedge Fund,BBB,106015964.21180893
T0000223,CP0024,JPM_EMEA_FR,Interest Rate Swap,Interest Rate,1858752.717896909,43080.7761942765,0.0,Unmargined,4.910017985862408,0.005,CCP,BBB,94324646.8088898
T0000224,CP0026,JPM_EMEA_FR,Equity Option,Equity,1780291.1244443797,78447.12614347793,0.0,Unmargined,0.12017887313994652,0.08,Corporate,A,54706836.20194616
T0000225,CP0003,JPM_EMEA_UK,Commodity Future,Commodity,10746485.428372234,-510045.95490980055,169929.8397432653,Margined,1.9590291571146135,0.15,Corporate,BBB,30977761.748185582
T0000226,CP0028,JPM_EMEA_CH,Interest Rate Swap,Interest Rate,13168731.237174073,-275319.65805084805,215947.5740797256,Margined,3.986264593986229,0.005,Sovereign,A,87687412.32129991
T0000227,CP0047,JPM_EMEA_DE,Commodity Future,Commodity,18145778.048456304,-227279.27052516394,216620.5924557195,Margined,6.137739639213521,0.15,Asset Manager,BBB,127872666.6072137
T0000228,CP0052,JPM_EMEA_DE,Interest Rate Swap,Interest Rate,24293889.17332489,675736.8627453942,366979.0961059338,Margined,6.672833424161286,0.005,Hedge Fund,BBB,86957426.80012289
T0000229,CP0035,JPM_EMEA_CH,Commodity Future,Commodity,4576405.192376479,-84589.6728705229,19723.046490694745,Margined,4.077061938589082,0.15,CCP,AAA,34114846.34760766
T0000230,CP0029,JPM_EMEA_UK,Securities Financing,SFT,2930271.6055957014,-44073.13606860214,7708.289119927984,Margined,5.998300206144912,0.03,Corporate,AAA,77058489.83965607
T0000231,CP0018,JPM_EMEA_DE,Commodity Future,Commodity,15444999.591137106,-763287.8671870843,172847.3462804437,Margined,5.604665243102642,0.15,Bank,A,82699446.80257703
T0000232,CP0073,JPM_EMEA_FR,Equity Option,Equity,8160974.9660433475,138077.62514209907,0.0,Unmargined,5.427034224210685,0.08,Asset Manager,A,35958531.21349318
T0000233,CP0031,JPM_EMEA_UK,Commodity Future,Commodity,1497562.9733626854,-8459.684731778078,0.0,Unmargined,0.8246379253961783,0.15,Asset Manager,AA,127417950.14526652
T0000234,CP0025,JPM_EMEA_FR,Interest Rate Swap,Interest Rate,1422845.4371446457,-32571.174779774017,0.0,Unmargined,3.376541014135966,0.005,Sovereign,A,81553622.137404
T0000235,CP0076,JPM_EMEA_FR,Interest Rate Swap,Interest Rate,6541879.8465445805,-59419.651660292955,41005.47682690456,Margined,3.4295033373570156,0.005,Asset Manager,BBB,43304880.06050608
T0000236,CP0051,JPM_EMEA_DE,Interest Rate Swap,Interest Rate,3350198.8411272997,132148.0658584029,0.0,Unmargined,5.522834723781999,0.005,Sovereign,AA,57819318.95821542
T0000237,CP0068,JPM_EMEA_UK,FX Forward,FX,3895665.0386534254,-137014.597878975,50893.17319473575,Margined,4.1234472111027305,0.04,Asset Manager,AA,32280666.847996987
T0000238,CP0032,JPM_EMEA_DE,Commodity Future,Commodity,11691098.331139507,-344397.39280039613,0.0,Unmargined,5.747976264800021,0.15,Hedge Fund,A,136500900.33916968
T0000239,CP0035,JPM_EMEA_CH,Equity Option,Equity,8544873.445534017,374511.8539908888,121114.76503240192,Margined,6.697331528364057,0.08,CCP,AAA,34114846.34760766
T0000240,CP0059,JPM_EMEA_FR,Securities Financing,SFT,15122256.658844812,40106.02391533463,189772.7730433785,Margined,3.904913785049162,0.03,Sovereign,AA,135918044.6131388
T0000241,CP0079,JPM_EMEA_CH,Interest Rate Swap,Interest Rate,579701.626282791,13589.013867571108,507.09168587954355,Margined,5.552391684873922,0.005,Corporate,A,45536506.54289452
T0000242,CP0064,JPM_EMEA_FR,Commodity Future,Commodity,5153583.398973634,72466.16908689396,0.0,Unmargined,3.9458919056303707,0.15,CCP,BB,61070776.73800309
T0000243,CP0037,JPM_EMEA_CH,Interest Rate Swap,Interest Rate,8012340.242521039,-9908.935935369347,72200.22062738889,Margined,4.398633629500139,0.005,CCP,AA,56560391.89907108
T0000244,CP0048,JPM_EMEA_CH,Interest Rate Swap,Interest Rate,869104.8582573137,-10594.795980256373,14326.273763237894,Margined,3.3582439741138157,0.005,CCP,A,125072691.36835924
T0000245,CP0028,JPM_EMEA_FR,Equity Option,Equity,2077985.0948355866,60478.781167431574,18911.841516802415,Margined,6.719187778192253,0.08,Sovereign,A,87687412.32129991
T0000246,CP0037,JPM_EMEA_DE,Securities Financing,SFT,1726004.4981857836,70216.93505567576,0.0,Unmargined,5.732162292358019,0.03,CCP,AA,56560391.89907108
T0000247,CP0032,JPM_EMEA_FR,Equity Option,Equity,4087741.153085382,155115.84633276597,0.0,Unmargined,5.275992605074556,0.08,Hedge Fund,A,136500900.33916968
T0000248,CP0008,JPM_EMEA_CH,Interest Rate Swap,Interest Rate,20371733.55210889,-845253.9288988853,0.0,Unmargined,2.340604110343817,0.005,Sovereign,AA,38788144.55258609
T0000249,CP0070,JPM_EMEA_DE,Equity Option,Equity,30231480.0061393,1380728.6971013104,641367.7264186472,Margined,3.423634185751363,0.08,Asset Manager,BBB,54119867.06997241
T0000250,CP0011,JPM_EMEA_DE,Interest Rate Swap,Interest Rate,1771819.1870161202,-22196.879288390795,0.0,Unmargined,6.0472173743493,0.005,Corporate,AA,42177085.909795195
T0000251,CP0022,JPM_EMEA_CH,Securities Financing,SFT,6772373.4681017175,-178966.97026956113,16063.43953677878,Margined,6.557863497886401,0.03,Asset Manager,A,83791909.26608771
T0000252,CP0021,JPM_EMEA_FR,Equity Option,Equity,6994276.790376331,-41451.36728164652,84890.41409392806,Margined,6.982972572661181,0.08,Corporate,BBB,83265583.00896084
T0000253,CP0018,JPM_EMEA_UK,Interest Rate Swap,Interest Rate,5893913.054234278,171450.9556990234,128382.32161276005,Margined,5.154283217759641,0.005,Bank,A,82699446.80257703
T0000254,CP0040,JPM_EMEA_DE,Interest Rate Swap,Interest Rate,5961213.07153473,112763.77554835533,84522.59632394594,Margined,5.129327938964022,0.005,Corporate,BBB,119924173.94929542
T0000255,CP0077,JPM_EMEA_DE,Interest Rate Swap,Interest Rate,5419680.490226521,-48443.946382843555,89071.79437621213,Margined,0.7024336865858871,0.005,Hedge Fund,BBB,97919762.89770965
T0000256,CP0027,JPM_EMEA_DE,Securities Financing,SFT,21625312.031719606,634017.5012344986,19395.77607673325,Margined,5.2732087875025,0.03,Asset Manager,A,63103969.654531784
T0000257,CP0059,JPM_EMEA_CH,FX Forward,FX,12046339.95335374,58968.283566557344,0.0,Unmargined,2.459852136126939,0.04,Sovereign,AA,135918044.6131388
T0000258,CP0059,JPM_EMEA_CH,Commodity Future,Commodity,1385609.98286217,-27787.024389128375,0.0,Unmargined,6.059133573802262,0.15,Sovereign,AA,135918044.6131388
T0000259,CP0062,JPM_EMEA_CH,Equity Option,Equity,8864153.454856511,-219664.6689858892,0.0,Margined,0.1281929147375968,0.08,Sovereign,BBB,136148063.1607222
T0000260,CP0050,JPM_EMEA_FR,Equity Option,Equity,9763663.959177332,140188.83078473315,0.0,Unmargined,6.543980211267744,0.08,Sovereign,A,143876921.35906684
T0000261,CP0060,JPM_EMEA_FR,Interest Rate Swap,Interest Rate,5480857.946421273,-15829.37958229711,0.0,Margined,3.4129718410638565,0.005,Sovereign,BB,117319042.5294034
T0000262,CP0061,JPM_EMEA_FR,Securities Financing,SFT,12400276.014816074,-596982.5246745857,41156.5017295711,Margined,0.9392924983183212,0.03,CCP,BBB,135803023.8142082
T0000263,CP0055,JPM_EMEA_DE,FX Forward,FX,4827691.462921694,143144.20077326728,156745.94343076006,Margined,4.226940157853393,0.04,Asset Manager,A,41399016.28566236
T0000264,CP0045,JPM_EMEA_UK,Equity Option,Equity,4887896.6703698095,-82163.71496462743,43793.95963673578,Margined,4.859649183756274,0.08,Bank,AAA,92130821.02089284
T0000265,CP0008,JPM_EMEA_UK,Equity Option,Equity,4515585.718948447,251627.34608604002,2608.66586396224,Margined,5.469598301367777,0.08,Sovereign,AA,38788144.55258609
T0000266,CP0041,JPM_EMEA_FR,Equity Option,Equity,531554.405274889,-26101.792750793822,6486.2304876855815,Margined,4.927840283188303,0.08,Bank,BBB,34006322.97426655
T0000267,CP0061,JPM_EMEA_FR,Securities Financing,SFT,3690994.6228301944,-23344.806015115337,0.0,Unmargined,3.895958294246794,0.03,CCP,BBB,135803023.8142082
T0000268,CP0028,JPM_EMEA_DE,Interest Rate Swap,Interest Rate,2050418.2293623427,-50233.64515123618,38786.026165509465,Margined,0.6195109756047199,0.005,Sovereign,A,87687412.32129991
T0000269,CP0020,JPM_EMEA_UK,FX Forward,FX,1221215.144254632,-41692.02638761401,0.0,Unmargined,6.047143709268175,0.04,Asset Manager,AA,30754899.989917014
T0000270,CP0048,JPM_EMEA_UK,FX Forward,FX,16782096.705069013,-285927.9109319128,0.0,Unmargined,6.884661235780425,0.04,CCP,A,125072691.36835924
T0000271,CP0011,JPM_EMEA_DE,FX Forward,FX,6622691.641302042,410407.3156655276,18699.35333102286,Margined,5.457148553174267,0.04,Corporate,AA,42177085.909795195
T0000272,CP0058,JPM_EMEA_CH,Interest Rate Swap,Interest Rate,3882437.8965494274,19481.902354299054,127313.7776668603,Margined,0.2914581191674222,0.005,Bank,AA,149008823.32725883
T0000273,CP0079,JPM_EMEA_DE,Interest Rate Swap,Interest Rate,2273887.700576051,-63008.93101540313,36448.12266842034,Margined,5.302100234199814,0.005,Corporate,A,45536506.54289452
T0000274,CP0039,JPM_EMEA_CH,Interest Rate Swap,Interest Rate,5378792.710553269,-344253.4607341706,58284.34834390374,Margined,1.9240052063583377,0.005,Hedge Fund,A,114509299.85729474
T0000275,CP0003,JPM_EMEA_CH,FX Forward,FX,10780408.45068948,-649494.6969471436,104099.22460183605,Margined,6.7365962845427205,0.04,Corporate,BBB,30977761.748185582
T0000276,CP0022,JPM_EMEA_CH,FX Forward,FX,1749497.3490674875,-32848.92969778479,13245.794563701304,Margined,0.4913775420994415,0.04,Asset Manager,A,83791909.26608771
T0000277,CP0003,JPM_EMEA_CH,Equity Option,Equity,3980733.0622986034,-88288.9948374741,23536.84917463551,Margined,0.691195830166508,0.08,Corporate,BBB,30977761.748185582
T0000278,CP0037,JPM_EMEA_UK,Equity Option,Equity,9529200.86967326,-74725.84646451984,54248.084285892626,Margined,1.3105238447516967,0.08,CCP,AA,56560391.89907108
T0000279,CP0025,JPM_EMEA_CH,FX Forward,FX,577119.0153548636,-45896.21671644837,14674.192133220455,Margined,5.284448871110585,0.04,Sovereign,A,81553622.137404
T0000280,CP0062,JPM_EMEA_CH,FX Forward,FX,3776224.1138788955,-12117.358750475993,28620.3361440428,Margined,4.577264487346516,0.04,Sovereign,BBB,136148063.1607222
T0000281,CP0068,JPM_EMEA_CH,Interest Rate Swap,Interest Rate,2603880.9119757726,93663.00804611473,0.0,Margined,5.104295103213727,0.005,Asset Manager,AA,32280666.847996987
T0000282,CP0035,JPM_EMEA_UK,Equity Option,Equity,3498955.5279202117,198738.72736906592,0.0,Unmargined,2.5094954967876206,0.08,CCP,AAA,34114846.34760766
T0000283,CP0079,JPM_EMEA_DE,FX Forward,FX,2422174.7768984246,-160603.78864870468,47042.986718537795,Margined,6.163051510072435,0.04,Corporate,A,45536506.54289452
T0000284,CP0036,JPM_EMEA_FR,Interest Rate Swap,Interest Rate,4590178.748429636,-128748.76044117358,45816.44480289074,Margined,3.151479729701245,0.005,Bank,AA,107391212.09517552
T0000285,CP0010,JPM_EMEA_UK,FX Forward,FX,27382978.056807872,-818701.3474656788,299223.308566847,Margined,0.9820953722535896,0.04,Bank,AA,96393794.38310257
T0000286,CP0073,JPM_EMEA_CH,FX Forward,FX,2893225.2612133482,14756.172032604827,61794.99690878541,Margined,5.383944559467322,0.04,Asset Manager,A,35958531.21349318
T0000287,CP0032,JPM_EMEA_DE,Interest Rate Swap,Interest Rate,5354864.339831387,-228610.06318289114,30965.398842239396,Margined,3.730291721643468,0.005,Hedge Fund,A,136500900.33916968
T0000288,CP0071,JPM_EMEA_UK,Equity Option,Equity,29401355.52366844,1731128.6951075117,501567.77258673543,Margined,4.174206522955361,0.08,Sovereign,A,141785709.5693913
T0000289,CP0059,JPM_EMEA_DE,Equity Option,Equity,2307763.290045612,3515.384685693994,15362.629759588619,Margined,2.7265896451926452,0.08,Sovereign,AA,135918044.6131388
T0000290,CP0076,JPM_EMEA_DE,Equity Option,Equity,24556331.176324703,-105840.73721084271,407807.31338628323,Margined,4.989500803830825,0.08,Asset Manager,BBB,43304880.06050608
T0000291,CP0052,JPM_EMEA_FR,Equity Option,Equity,4021348.795990943,224170.01094969644,35673.05539387386,Margined,0.29719728182154037,0.08,Hedge Fund,BBB,86957426.80012289
T0000292,CP0048,JPM_EMEA_FR,Equity Option,Equity,23764445.733439956,-13347.701208778017,0.0,Unmargined,3.4636715718533693,0.08,CCP,A,125072691.36835924
T0000293,CP0019,JPM_EMEA_DE,FX Forward,FX,8469703.36379154,118665.78879957047,157206.7507477539,Margined,3.0187521099321746,0.04,CCP,AA,121755579.54253721
T0000294,CP0023,JPM_EMEA_FR,Commodity Future,Commodity,5437953.111003829,-142898.20320946808,97797.22797240666,Margined,5.23802231994029,0.15,Hedge Fund,A,141917439.14674777
T0000295,CP0027,JPM_EMEA_CH,FX Forward,FX,3745906.632905512,-179682.0471564271,39993.4572925043,Margined,1.8977910059450258,0.04,Asset Manager,A,63103969.654531784
T0000296,CP0025,JPM_EMEA_DE,FX Forward,FX,2143099.019065179,-45782.28948131087,17631.29843251219,Margined,1.674294451607852,0.04,Sovereign,A,81553622.137404
T0000297,CP0048,JPM_EMEA_DE,Equity Option,Equity,4314950.751239342,330284.2563719041,106981.35358288564,Margined,2.2728342806098305,0.08,CCP,A,125072691.36835924
T0000298,CP0070,JPM_EMEA_UK,FX Forward,FX,9812487.607128331,217402.85735414329,164012.26156012158,Margined,3.389777954737092,0.04,Asset Manager,BBB,54119867.06997241
T0000299,CP0003,JPM_EMEA_DE,FX Forward,FX,3947896.5975173744,37934.23022657453,35021.25984583044,Margined,1.5086479226590126,0.04,Corporate,BBB,30977761.748185582
T0000300,CP0050,JPM_EMEA_DE,Commodity Future,Commodity,2914422.118473377,-99594.7471485604,0.0,Unmargined,4.80523874423119,0.15,Sovereign,A,143876921.35906684
T0000301,CP0061,JPM_EMEA_CH,Securities Financing,SFT,3112766.3329276396,99277.87849545511,62875.32762961939,Margined,2.3546982592985075,0.03,CCP,BBB,135803023.8142082
T0000302,CP0036,JPM_EMEA_UK,Securities Financing,SFT,10791631.52205724,-512810.39377294376,139462.41991508202,Margined,2.9796140855214888,0.03,Bank,AA,107391212.09517552
T0000303,CP0023,JPM_EMEA_FR,FX Forward,FX,13618862.988549994,-746953.4479241779,145607.10920668673,Margined,3.9252743182506227,0.04,Hedge Fund,A,141917439.14674777
T0000304,CP0035,JPM_EMEA_CH,FX Forward,FX,2052675.0549416954,-40152.4779483551,26520.15405781937,Margined,2.669283573497636,0.04,CCP,AAA,34114846.34760766
T0000305,CP0067,JPM_EMEA_DE,Commodity Future,Commodity,2049726.7747797002,140216.03236588408,30135.85168439915,Margined,4.923528128610313,0.15,CCP,A,68575504.7535823
T0000306,CP0074,JPM_EMEA_UK,FX Forward,FX,5845389.791865722,388287.6050224011,67493.71619277744,Margined,4.610556626914948,0.04,Bank,A,128044647.3762378
T0000307,CP0055,JPM_EMEA_FR,Commodity Future,Commodity,18427174.05350055,-291025.74956838985,0.0,Unmargined,5.310002454177409,0.15,Asset Manager,A,41399016.28566236
T0000308,CP0039,JPM_EMEA_FR,FX Forward,FX,12582219.536232239,-296902.2020327745,0.0,Unmargined,3.6848818155881866,0.04,Hedge Fund,A,114509299.85729474
T0000309,CP0052,JPM_EMEA_FR,Interest Rate Swap,Interest Rate,1143898.4813484866,-65674.26764703129,18594.18987059977,Margined,2.603581889127871,0.005,Hedge Fund,BBB,86957426.80012289
T0000310,CP0055,JPM_EMEA_CH,Interest Rate Swap,Interest Rate,3071660.7957169907,8388.937215448877,70641.29297446835,Margined,1.4478375918172643,0.005,Asset Manager,A,41399016.28566236
T0000311,CP0062,JPM_EMEA_UK,Commodity Future,Commodity,1577262.5899146257,8943.782847999202,19034.364155132276,Margined,3.0863584823332206,0.15,Sovereign,BBB,136148063.1607222
T0000312,CP0012,JPM_EMEA_UK,Interest Rate Swap,Interest Rate,3061122.991128623,84592.50808790475,53638.98078081194,Margined,6.117452014553207,0.005,CCP,AAA,140265615.38898364
T0000313,CP0007,JPM_EMEA_DE,Interest Rate Swap,Interest Rate,19899694.048305422,634298.0308932329,0.0,Unmargined,0.8911313867464479,0.005,Bank,A,62881957.60326209
T0000314,CP0028,JPM_EMEA_FR,FX Forward,FX,964344.881304736,-6663.398551503885,19433.773369157636,Margined,1.54704220463722,0.04,Sovereign,A,87687412.32129991
T0000315,CP0021,JPM_EMEA_CH,Interest Rate Swap,Interest Rate,792493.5340746703,15422.697342928794,15317.309623300413,Margined,4.673458370151023,0.005,Corporate,BBB,83265583.00896084
T0000316,CP0050,JPM_EMEA_FR,FX Forward,FX,1746720.8107166355,-42833.71719425706,29780.74013501515,Margined,4.045914290688643,0.04,Sovereign,A,143876921.35906684
T0000317,CP0042,JPM_EMEA_UK,Commodity Future,Commodity,5331352.528589883,100210.70738674828,147449.34976773028,Margined,6.417489406822782,0.15,Sovereign,A,139081539.86788905
T0000318,CP0074,JPM_EMEA_CH,Interest Rate Swap,Interest Rate,7441326.9152052235,-132106.79004775832,57167.50079911134,Margined,0.25178123661505175,0.005,Bank,A,128044647.3762378
T0000319,CP0063,JPM_EMEA_DE,Commodity Future,Commodity,6195001.740177713,99622.12070841274,66647.27648975448,Margined,6.155688190460969,0.15,Asset Manager,AA,87451586.85023838
T0000320,CP0012,JPM_EMEA_CH,Securities Financing,SFT,12961452.55300584,171707.4439127632,133294.49171428304,Margined,5.092154938633172,0.03,CCP,AAA,140265615.38898364
T0000321,CP0068,JPM_EMEA_DE,FX Forward,FX,686059.2854071881,1652.1178197222807,6212.584366338073,Margined,5.43984097554684,0.04,Asset Manager,AA,32280666.847996987
T0000322,CP0062,JPM_EMEA_CH,Interest Rate Swap,Interest Rate,13126471.27684685,365032.5976056466,0.0,Margined,2.681736200881431,0.005,Sovereign,BBB,136148063.1607222
T0000323,CP0031,JPM_EMEA_FR,Equity Option,Equity,2927647.036161646,-160915.09654010393,67332.71542237741,Margined,2.1859103034330927,0.08,Asset Manager,AA,127417950.14526652
T0000324,CP0005,JPM_EMEA_FR,Interest Rate Swap,Interest Rate,8312734.955657392,-309832.81952180894,0.0,Unmargined,0.14992594619164143,0.005,Asset Manager,BBB,25409842.60204602
T0000325,CP0064,JPM_EMEA_CH,FX Forward,FX,1064887.2599506986,-10065.40870275748,14225.316982395658,Margined,5.52246589313986,0.04,CCP,BB,61070776.73800309
T0000326,CP0016,JPM_EMEA_UK,Securities Financing,SFT,4019876.0070143472,-203060.8952368583,2512.867016648641,Margined,1.1727948469358511,0.03,Sovereign,BBB,22964503.233860675
T0000327,CP0018,JPM_EMEA_DE,Securities Financing,SFT,5066068.797402784,-72142.12676846083,85949.5343324841,Margined,1.621597765829158,0.03,Bank,A,82699446.80257703
T0000328,CP0038,JPM_EMEA_UK,Commodity Future,Commodity,12705632.494098973,-166597.01976439232,72635.96276936124,Margined,1.9721020597552972,0.15,Sovereign,BBB,105724942.50994723
T0000329,CP0007,JPM_EMEA_CH,FX Forward,FX,819582.4616734033,37568.78516615116,2386.873779052382,Margined,6.094236551932942,0.04,Bank,A,62881957.60326209
T0000330,CP0032,JPM_EMEA_CH,Equity Option,Equity,4124921.1714593344,20577.910017998725,55912.26582691478,Margined,2.0509077602280987,0.08,Hedge Fund,A,136500900.33916968
T0000331,CP0020,JPM_EMEA_CH,Equity Option,Equity,1351289.1598011614,48686.99594198383,8640.309577582011,Margined,3.0084984719973105,0.08,Asset Manager,AA,30754899.989917014
T0000332,CP0005,JPM_EMEA_UK,FX Forward,FX,6631230.649695969,70016.61245632956,49115.71663019412,Margined,5.244044436603825,0.04,Asset Manager,BBB,25409842.60204602
T0000333,CP0073,JPM_EMEA_DE,Equity Option,Equity,8701634.63921126,-163141.33088556497,116378.41940075746,Margined,6.251283455374693,0.08,Asset Manager,A,35958531.21349318
T0000334,CP0021,JPM_EMEA_DE,Interest Rate Swap,Interest Rate,14490084.72755785,67814.87558109337,0.0,Unmargined,5.54871856304716,0.005,Corporate,BBB,83265583.00896084
T0000335,CP0044,JPM_EMEA_CH,Interest Rate Swap,Interest Rate,2342608.159659859,59806.60286090999,12773.764629855257,Margined,3.771126374650478,0.005,Asset Manager,AA,24863632.30290337
T0000336,CP0066,JPM_EMEA_CH,FX Forward,FX,10109957.677366998,422283.2915856846,41152.18043097397,Margined,0.06514542837473626,0.04,Hedge Fund,BBB,106015964.21180893
T0000337,CP0039,JPM_EMEA_CH,Interest Rate Swap,Interest Rate,15598830.57956037,-72235.87894898186,0.0,Unmargined,1.147003843802756,0.005,Hedge Fund,A,114509299.85729474
T0000338,CP0024,JPM_EMEA_CH,Interest Rate Swap,Interest Rate,773404.8655314444,-44596.74617897484,0.0,Unmargined,1.812539245992426,0.005,CCP,BBB,94324646.8088898
T0000339,CP0060,JPM_EMEA_CH,Commodity Future,Commodity,7379008.5090405485,-443648.7116027847,174897.5661675489,Margined,2.9256706002690342,0.15,Sovereign,BB,117319042.5294034
T0000340,CP0056,JPM_EMEA_DE,Securities Financing,SFT,10431244.851887196,-119171.14506054937,35772.527367641946,Margined,2.567217821643346,0.03,Bank,A,25838380.52100277
T0000341,CP0001,JPM_EMEA_FR,Equity Option,Equity,3088136.9328918797,-252691.59899054482,29202.235603681474,Margined,3.625124085302877,0.08,Bank,A,95932735.95865563
T0000342,CP0066,JPM_EMEA_FR,Commodity Future,Commodity,1191866.7596696129,74883.38699961727,0.0,Unmargined,2.9135913170629264,0.15,Hedge Fund,BBB,106015964.21180893
T0000343,CP0010,JPM_EMEA_UK,Securities Financing,SFT,10270237.17081742,214572.60515661945,285356.036822518,Margined,5.096163594370454,0.03,Bank,AA,96393794.38310257
T0000344,CP0060,JPM_EMEA_CH,Interest Rate Swap,Interest Rate,1205368.7461856506,-26817.46011802466,0.0,Unmargined,0.41300342483474,0.005,Sovereign,BB,117319042.5294034
T0000345,CP0008,JPM_EMEA_UK,FX Forward,FX,3346593.3788610273,-129973.8751842617,20379.095913944017,Margined,6.963360822316725,0.04,Sovereign,AA,38788144.55258609
T0000346,CP0006,JPM_EMEA_CH,FX Forward,FX,3842681.0124726873,138275.68050337938,57827.740928943065,Margined,5.909259025134093,0.04,CCP,BBB,84218806.50178745
T0000347,CP0010,JPM_EMEA_DE,Interest Rate Swap,Interest Rate,8181147.425339863,-318879.0412050962,0.0,Unmargined,2.378018337307453,0.005,Bank,AA,96393794.38310257
T0000348,CP0060,JPM_EMEA_UK,Commodity Future,Commodity,2137555.3187425304,-76178.0611977498,12667.46482482259,Margined,2.8077746524898335,0.15,Sovereign,BB,117319042.5294034
T0000349,CP0037,JPM_EMEA_FR,FX Forward,FX,2017200.5266337043,-54077.329375817666,28151.576206915015,Margined,6.747761630007209,0.04,CCP,AA,56560391.89907108
T0000350,CP0049,JPM_EMEA_DE,FX Forward,FX,4415891.945812641,17632.91932980727,107727.27210495871,Margined,6.55383983788618,0.04,Sovereign,AA,61228056.066952996
T0000351,CP0023,JPM_EMEA_DE,Interest Rate Swap,Interest Rate,10942834.283782165,237764.92251352133,16678.42938283147,Margined,2.7825562805132655,0.005,Hedge Fund,A,141917439.14674777
T0000352,CP0010,JPM_EMEA_CH,Interest Rate Swap,Interest Rate,39399154.700552315,1644659.7240988933,945054.6348507802,Margined,0.4643300099764818,0.005,Bank,AA,96393794.38310257
T0000353,CP0063,JPM_EMEA_FR,Securities Financing,SFT,885868.4296603156,32399.74792733052,6557.06191525891,Margined,6.916366249035243,0.03,Asset Manager,AA,87451586.85023838
T0000354,CP0067,JPM_EMEA_FR,Interest Rate Swap,Interest Rate,5482912.176666187,148.47629245274175,80962.52000526922,Margined,4.593585993059444,0.005,CCP,A,68575504.7535823
T0000355,CP0068,JPM_EMEA_CH,Interest Rate Swap,Interest Rate,1349533.982740222,48203.017930105416,33369.66466963265,Margined,4.866362582505008,0.005,Asset Manager,AA,32280666.847996987
T0000356,CP0006,JPM_EMEA_CH,Interest Rate Swap,Interest Rate,11079600.27413353,-260204.26274345914,0.0,Unmargined,1.9584384545174747,0.005,CCP,BBB,84218806.50178745
T0000357,CP0074,JPM_EMEA_UK,FX Forward,FX,1564787.1585406475,-99724.37148986109,15053.364526464677,Margined,5.73999606471944,0.04,Bank,A,128044647.3762378
T0000358,CP0044,JPM_EMEA_DE,Equity Option,Equity,2037342.256346136,-47856.329217994054,36153.463424903166,Margined,3.9244990406868734,0.08,Asset Manager,AA,24863632.30290337
T0000359,CP0016,JPM_EMEA_CH,FX Forward,FX,2218926.4593546106,-62616.147589117856,23553.17296648408,Margined,3.3181842200631406,0.04,Sovereign,BBB,22964503.233860675
T0000360,CP0016,JPM_EMEA_CH,Interest Rate Swap,Interest Rate,3706527.3810746525,-81986.70851380946,59937.5440966914,Margined,5.20135383703074,0.005,Sovereign,BBB,22964503.233860675
T0000361,CP0041,JPM_EMEA_UK,Interest Rate Swap,Interest Rate,5526153.246268823,-185557.81210359186,0.0,Unmargined,2.6347013573100972,0.005,Bank,BBB,34006322.97426655
T0000362,CP0049,JPM_EMEA_UK,Commodity Future,Commodity,6488268.854764762,-104713.10187954639,0.0,Unmargined,3.034363484187002,0.15,Sovereign,AA,61228056.066952996
T0000363,CP0004,JPM_EMEA_DE,Equity Option,Equity,3976996.2167276484,86303.21401646617,0.0,Unmargined,4.583671454651587,0.08,Asset Manager,A,74054962.28217925
T0000364,CP0040,JPM_EMEA_FR,Equity Option,Equity,1058024.3398272782,63517.4317287516,0.0,Unmargined,4.495125619885866,0.08,Corporate,BBB,119924173.94929542
T0000365,CP0020,JPM_EMEA_CH,Equity Option,Equity,8281967.08993751,-500124.1951493531,6034.014304579527,Margined,6.7997424707471446,0.08,Asset Manager,AA,30754899.989917014
T0000366,CP0074,JPM_EMEA_DE,Commodity Future,Commodity,3793676.8633933137,-170983.7171092321,43811.52220106661,Margined,3.9618165994115735,0.15,Bank,A,128044647.3762378
T0000367,CP0050,JPM_EMEA_UK,Interest Rate Swap,Interest Rate,12781887.773337545,-354066.2040191958,0.0,Margined,2.280848872540346,0.005,Sovereign,A,143876921.35906684
T0000368,CP0030,JPM_EMEA_FR,FX Forward,FX,1971028.685096861,52825.472203260724,0.0,Unmargined,2.047700198414663,0.04,Asset Manager,A,22809570.384442955
T0000369,CP0034,JPM_EMEA_UK,FX Forward,FX,805751.1216494879,-5779.782121915524,2530.003056851645,Margined,3.7614320945056265,0.04,Corporate,AA,92024698.66007642
T0000370,CP0067,JPM_EMEA_FR,FX Forward,FX,3866185.4860470677,-97983.91990366156,92159.84793409961,Margined,0.880934645532606,0.04,CCP,A,68575504.7535823
T0000371,CP0056,JPM_EMEA_CH,Commodity Future,Commodity,14617903.570429204,366699.68973335397,0.0,Unmargined,4.13728741228224,0.15,Bank,A,25838380.52100277
T0000372,CP0031,JPM_EMEA_FR,FX Forward,FX,4698467.998131945,157274.917104642,8023.2654710274,Margined,2.7622718384377336,0.04,Asset Manager,AA,127417950.14526652
T0000373,CP0068,JPM_EMEA_CH,Commodity Future,Commodity,3276004.5731557403,-2151.0199502410037,0.0,Unmargined,2.496379695695163,0.15,Asset Manager,AA,32280666.847996987
T0000374,CP0050,JPM_EMEA_FR,Securities Financing,SFT,1675224.763539435,-47857.273131910944,0.0,Unmargined,1.3877176103749052,0.03,Sovereign,A,143876921.35906684
T0000375,CP0005,JPM_EMEA_CH,FX Forward,FX,23197878.43679092,219446.9390636285,0.0,Unmargined,3.493122868923708,0.04,Asset Manager,BBB,25409842.60204602
T0000376,CP0051,JPM_EMEA_CH,Securities Financing,SFT,1428595.4606255358,-11663.60662962559,16700.631723732808,Margined,0.31154894148720175,0.03,Sovereign,AA,57819318.95821542
T0000377,CP0076,JPM_EMEA_UK,Equity Option,Equity,1936534.6317441731,-16335.567265484096,43235.18777741528,Margined,4.269928284656939,0.08,Asset Manager,BBB,43304880.06050608
T0000378,CP0070,JPM_EMEA_FR,Securities Financing,SFT,7073310.081105176,-126852.79711289027,0.0,Unmargined,2.0345661357273244,0.03,Asset Manager,BBB,54119867.06997241
T0000379,CP0004,JPM_EMEA_DE,FX Forward,FX,625173.3368313547,20239.62021345084,9629.744885719265,Margined,6.340236685025478,0.04,Asset Manager,A,74054962.28217925
T0000380,CP0071,JPM_EMEA_UK,FX Forward,FX,14308947.293992091,125143.30459123182,105045.90520931846,Margined,3.708215168965632,0.04,Sovereign,A,141785709.5693913
T0000381,CP0079,JPM_EMEA_UK,FX Forward,FX,7466956.417366438,270673.6671274249,0.0,Unmargined,5.475081297274418,0.04,Corporate,A,45536506.54289452
T0000382,CP0014,JPM_EMEA_UK,Interest Rate Swap,Interest Rate,9830850.319703285,459802.7810075522,0.0,Unmargined,5.9657625944488935,0.005,Sovereign,BBB,65093074.58952882
T0000383,CP0052,JPM_EMEA_UK,FX Forward,FX,6989516.42632632,112281.87681764443,0.0,Unmargined,6.158933113656229,0.04,Hedge Fund,BBB,86957426.80012289
T0000384,CP0061,JPM_EMEA_UK,Securities Financing,SFT,3404747.712678113,-60354.9379450161,79847.12604512963,Margined,6.100885380089523,0.03,CCP,BBB,135803023.8142082
T0000385,CP0004,JPM_EMEA_CH,Equity Option,Equity,1381466.548188109,50301.15611549726,30966.8732979012,Margined,1.617007717852706,0.08,Asset Manager,A,74054962.28217925
T0000386,CP0067,JPM_EMEA_DE,Interest Rate Swap,Interest Rate,3477170.6096898364,56671.84658562916,0.0,Unmargined,2.1580430772151638,0.005,CCP,A,68575504.7535823
T0000387,CP0032,JPM_EMEA_UK,FX Forward,FX,1508412.9164319944,137443.3753265821,0.0,Margined,4.970169877697615,0.04,Hedge Fund,A,136500900.33916968
T0000388,CP0024,JPM_EMEA_DE,Interest Rate Swap,Interest Rate,6504210.075768371,70594.10161552054,15182.307820674367,Margined,3.7864477930476057,0.005,CCP,BBB,94324646.8088898
T0000389,CP0021,JPM_EMEA_FR,Interest Rate Swap,Interest Rate,8962723.937512558,218861.48508657038,58833.296843597855,Margined,4.284859400388962,0.005,Corporate,BBB,83265583.00896084
T0000390,CP0041,JPM_EMEA_FR,Securities Financing,SFT,17515794.072236113,178045.1775759572,0.0,Unmargined,4.760218739171539,0.03,Bank,BBB,34006322.97426655
T0000391,CP0064,JPM_EMEA_UK,FX Forward,FX,5801183.808692368,-20121.120131333897,11583.286340119717,Margined,0.8440556740867582,0.04,CCP,BB,61070776.73800309
T0000392,CP0066,JPM_EMEA_UK,FX Forward,FX,10083190.371902365,-91330.55613958652,101129.25913409413,Margined,1.2197297527720332,0.04,Hedge Fund,BBB,106015964.21180893
T0000393,CP0019,JPM_EMEA_FR,Equity Option,Equity,2971745.8960492206,30604.627823064406,77676.56972135472,Margined,4.4829617640952515,0.08,CCP,AA,121755579.54253721
T0000394,CP0067,JPM_EMEA_CH,Interest Rate Swap,Interest Rate,2479401.5562945427,45227.138955258786,37703.48345075116,Margined,4.396330673053865,0.005,CCP,A,68575504.7535823
T0000395,CP0067,JPM_EMEA_UK,Interest Rate Swap,Interest Rate,6423519.986411952,259533.1810903328,0.0,Unmargined,5.731149711937143,0.005,CCP,A,68575504.7535823
T0000396,CP0005,JPM_EMEA_CH,Equity Option,Equity,2717796.6269370406,29378.755195495738,10489.490039004853,Margined,4.87178378281942,0.08,Asset Manager,BBB,25409842.60204602
T0000397,CP0025,JPM_EMEA_UK,Equity Option,Equity,5235593.18855229,-84822.47948688203,0.0,Margined,1.4933526300241002,0.08,Sovereign,A,81553622.137404
T0000398,CP0002,JPM_EMEA_DE,Securities Financing,SFT,1384172.0620858571,-15834.775966569652,3009.7833131071984,Margined,0.5370029507976348,0.03,Sovereign,BBB,104480058.20212659
T0000399,CP0080,JPM_EMEA_UK,Equity Option,Equity,1656433.3038375273,-76697.48838856419,0.0,Margined,2.7676221694415677,0.08,Sovereign,A,60342077.47701232
T0000400,CP0038,JPM_EMEA_DE,FX Forward,FX,7551178.638512899,439044.2871354798,95146.98101714117,Margined,2.630342817678752,0.04,Sovereign,BBB,105724942.50994723
T0000401,CP0022,JPM_EMEA_CH,Commodity Future,Commodity,9708331.520867594,-183886.24976421954,0.0,Unmargined,5.383541441110588,0.15,Asset Manager,A,83791909.26608771
T0000402,CP0072,JPM_EMEA_UK,Securities Financing,SFT,1492777.0723239689,50546.05282063461,6385.623190180375,Margined,4.716809335478635,0.03,Hedge Fund,AA,51326174.75073902
T0000403,CP0055,JPM_EMEA_FR,Equity Option,Equity,7821752.791888251,75708.93544550794,103116.94158192814,Margined,6.111807083794967,0.08,Asset Manager,A,41399016.28566236
T0000404,CP0076,JPM_EMEA_DE,Securities Financing,SFT,2347987.7578387773,24960.551716691003,55769.289068899474,Margined,3.5546193670163713,0.03,Asset Manager,BBB,43304880.06050608
T0000405,CP0065,JPM_EMEA_FR,Commodity Future,Commodity,4066568.556463165,-16716.344281206246,0.0,Unmargined,2.0564585991170254,0.15,Asset Manager,BBB,120361616.17442845
T0000406,CP0077,JPM_EMEA_UK,Securities Financing,SFT,16497993.656058207,-454898.5373384398,0.0,Unmargined,3.5545401031185415,0.03,Hedge Fund,BBB,97919762.89770965
T0000407,CP0018,JPM_EMEA_DE,Interest Rate Swap,Interest Rate,8969066.442660628,-304040.0425678506,95083.54853696233,Margined,1.5477389872739893,0.005,Bank,A,82699446.80257703
T0000408,CP0017,JPM_EMEA_CH,Commodity Future,Commodity,8865491.21985408,536329.3154895143,158735.14818562477,Margined,0.47068772235691475,0.15,Corporate,A,144612697.7213879
T0000409,CP0007,JPM_EMEA_FR,FX Forward,FX,26979699.681821145,107612.24888558344,615527.8152740053,Margined,3.5227972060215076,0.04,Bank,A,62881957.60326209
T0000410,CP0028,JPM_EMEA_CH,Equity Option,Equity,1978650.44735143,77927.90352845158,0.0,Unmargined,2.9245555427784,0.08,Sovereign,A,87687412.32129991
T0000411,CP0045,JPM_EMEA_FR,Equity Option,Equity,1492450.4794368201,72341.67580724116,0.0,Unmargined,0.27399192054394544,0.08,Bank,AAA,92130821.02089284
T0000412,CP0046,JPM_EMEA_UK,Securities Financing,SFT,1942881.326148029,-27937.938993825275,0.0,Unmargined,5.062852541897876,0.03,CCP,AA,68219896.90211704
T0000413,CP0055,JPM_EMEA_DE,Securities Financing,SFT,3101212.945523125,45968.3547329691,0.0,Unmargined,4.5282403121187915,0.03,Asset Manager,A,41399016.28566236
T0000414,CP0059,JPM_EMEA_CH,Interest Rate Swap,Interest Rate,379744.6396137649,598.2410251194275,3478.67971505731,Margined,0.5629250837978552,0.005,Sovereign,AA,135918044.6131388
T0000415,CP0066,JPM_EMEA_FR,Commodity Future,Commodity,3250686.238704243,-131660.86446469612,47332.179705617695,Margined,4.984663857098896,0.15,Hedge Fund,BBB,106015964.21180893
T0000416,CP0042,JPM_EMEA_FR,Commodity Future,Commodity,2320362.977420482,-15063.33041993776,7216.249898776623,Margined,0.6256149527211533,0.15,Sovereign,A,139081539.86788905
T0000417,CP0022,JPM_EMEA_CH,FX Forward,FX,8758758.126504121,180103.98425713964,0.0,Unmargined,3.6477135996990624,0.04,Asset Manager,A,83791909.26608771
T0000418,CP0036,JPM_EMEA_UK,Interest Rate Swap,Interest Rate,5690019.869467415,-99382.02317600562,92190.94036921966,Margined,4.3746156743391955,0.005,Bank,AA,107391212.09517552
T0000419,CP0070,JPM_EMEA_CH,Interest Rate Swap,Interest Rate,2193717.8072149563,-24941.500578395073,30160.482820000092,Margined,3.5179495693514284,0.005,Asset Manager,BBB,54119867.06997241
T0000420,CP0066,JPM_EMEA_UK,Commodity Future,Commodity,7215671.129075774,-43783.53746006991,108570.71192339782,Margined,5.244470741795844,0.15,Hedge Fund,BBB,106015964.21180893
T0000421,CP0074,JPM_EMEA_CH,FX Forward,FX,8244591.593480456,609304.394100734,77567.18134057369,Margined,2.7296880224843147,0.04,Bank,A,128044647.3762378
T0000422,CP0044,JPM_EMEA_CH,Securities Financing,SFT,1854747.5058098875,-119059.41920697072,0.0,Unmargined,1.5300412168602273,0.03,Asset Manager,AA,24863632.30290337
T0000423,CP0063,JPM_EMEA_DE,FX Forward,FX,2443105.817078978,42894.8681683265,49964.76078831727,Margined,3.4305354751209447,0.04,Asset Manager,AA,87451586.85023838
T0000424,CP0034,JPM_EMEA_DE,Securities Financing,SFT,432112.70827646105,-3831.4862174292393,0.0,Unmargined,2.4285466998750964,0.03,Corporate,AA,92024698.66007642
T0000425,CP0001,JPM_EMEA_UK,FX Forward,FX,1343978.6905780616,-30135.92907645281,20725.336613451123,Margined,1.1013706325304433,0.04,Bank,A,95932735.95865563
T0000426,CP0060,JPM_EMEA_DE,Commodity Future,Commodity,1903748.430299905,-18515.190446102573,37144.303804221956,Margined,3.3240299646757965,0.15,Sovereign,BB,117319042.5294034
T0000427,CP0007,JPM_EMEA_UK,Interest Rate Swap,Interest Rate,4307943.041860606,100625.65960738415,0.0,Unmargined,1.4499412972605148,0.005,Bank,A,62881957.60326209
T0000428,CP0051,JPM_EMEA_FR,Equity Option,Equity,1554123.4388342157,39409.968480951575,0.0,Unmargined,3.3185585994493785,0.08,Sovereign,AA,57819318.95821542
T0000429,CP0080,JPM_EMEA_UK,Commodity Future,Commodity,2393704.99821975,15584.454050428327,0.0,Unmargined,4.1680697528397515,0.15,Sovereign,A,60342077.47701232
T0000430,CP0003,JPM_EMEA_CH,Securities Financing,SFT,1174642.3044870652,44925.30623597947,13261.766716508926,Margined,5.486273382084281,0.03,Corporate,BBB,30977761.748185582
T0000431,CP0059,JPM_EMEA_DE,Commodity Future,Commodity,4746503.585087128,210788.21260426036,22339.730974312784,Margined,5.979503592080213,0.15,Sovereign,AA,135918044.6131388
T0000432,CP0070,JPM_EMEA_CH,Interest Rate Swap,Interest Rate,6122735.389306436,174945.88547657913,0.0,Unmargined,4.693734990199906,0.005,Asset Manager,BBB,54119867.06997241
T0000433,CP0051,JPM_EMEA_DE,FX Forward,FX,5981430.237639317,-114345.42150018089,0.0,Unmargined,6.260118255218949,0.04,Sovereign,AA,57819318.95821542
T0000434,CP0056,JPM_EMEA_CH,Interest Rate Swap,Interest Rate,4049751.385853192,70082.78722018862,0.0,Unmargined,3.9266348716397226,0.005,Bank,A,25838380.52100277
T0000435,CP0073,JPM_EMEA_FR,Interest Rate Swap,Interest Rate,856604.7784873535,14966.618451474733,0.0,Unmargined,4.9875041821069726,0.005,Asset Manager,A,35958531.21349318
T0000436,CP0063,JPM_EMEA_CH,Equity Option,Equity,2151877.457693107,-61429.86135474741,46345.88294008597,Margined,5.404020112969037,0.08,Asset Manager,AA,87451586.85023838
T0000437,CP0004,JPM_EMEA_FR,Equity Option,Equity,2661760.347809677,-146211.45757763638,2351.6544947135444,Margined,5.7826792912639,0.08,Asset Manager,A,74054962.28217925
T0000438,CP0062,JPM_EMEA_DE,Commodity Future,Commodity,2672459.069057631,-189202.47689038905,0.0,Unmargined,5.275367577123254,0.15,Sovereign,BBB,136148063.1607222
T0000439,CP0061,JPM_EMEA_FR,Securities Financing,SFT,4311455.624974691,10541.259602279006,47077.094120545335,Margined,6.321778175213724,0.03,CCP,BBB,135803023.8142082
T0000440,CP0019,JPM_EMEA_UK,Commodity Future,Commodity,16640437.60610224,173582.8947784209,0.0,Unmargined,3.33634101707627,0.15,CCP,AA,121755579.54253721
T0000441,CP0053,JPM_EMEA_CH,Commodity Future,Commodity,9010500.08855792,-372695.50535326195,17427.47104067843,Margined,6.67670066334911,0.15,Asset Manager,A,53275461.77378836
T0000442,CP0068,JPM_EMEA_FR,Interest Rate Swap,Interest Rate,1490000.6873577624,54550.611307499086,0.0,Unmargined,2.8319918368492853,0.005,Asset Manager,AA,32280666.847996987
T0000443,CP0068,JPM_EMEA_UK,Interest Rate Swap,Interest Rate,7882910.87797618,41997.27367199314,0.0,Unmargined,0.5378236151461813,0.005,Asset Manager,AA,32280666.847996987
T0000444,CP0070,JPM_EMEA_UK,Equity Option,Equity,7588217.602017213,358397.90299560927,91673.82330945594,Margined,1.3157026477015468,0.08,Asset Manager,BBB,54119867.06997241
T0000445,CP0063,JPM_EMEA_UK,Securities Financing,SFT,1786443.7077127208,23167.951569491575,0.0,Unmargined,3.9299479407353077,0.03,Asset Manager,AA,87451586.85023838
T0000446,CP0010,JPM_EMEA_FR,Interest Rate Swap,Interest Rate,9347980.061473127,-348882.27390820056,71857.22288666322,Margined,0.15138595879938244,0.005,Bank,AA,96393794.38310257
T0000447,CP0039,JPM_EMEA_FR,FX Forward,FX,3407291.605669756,54652.42058778864,40754.86790122934,Margined,1.1438893259125729,0.04,Hedge Fund,A,114509299.85729474
T0000448,CP0019,JPM_EMEA_UK,Equity Option,Equity,976618.554072307,22905.48882630332,0.0,Unmargined,2.649837575266362,0.08,CCP,AA,121755579.54253721
T0000449,CP0006,JPM_EMEA_FR,Interest Rate Swap,Interest Rate,6305971.7784061795,-120865.4607227568,149867.49652960355,Margined,4.388864938858545,0.005,CCP,BBB,84218806.50178745
T0000450,CP0022,JPM_EMEA_DE,FX Forward,FX,4969186.6993429335,-250811.02695067358,65504.517240836314,Margined,1.2005733403235825,0.04,Asset Manager,A,83791909.26608771
T0000451,CP0073,JPM_EMEA_DE,Securities Financing,SFT,3185523.7937340513,11182.342474330117,43974.06929566044,Margined,4.045306154914533,0.03,Asset Manager,A,35958531.21349318
T0000452,CP0048,JPM_EMEA_FR,Equity Option,Equity,3852958.4282521424,-134967.44705543527,0.0,Unmargined,4.658862159069741,0.08,CCP,A,125072691.36835924
T0000453,CP0062,JPM_EMEA_CH,Interest Rate Swap,Interest Rate,1948790.4191341875,76453.12985447352,30888.3066295517,Margined,5.357433049440349,0.005,Sovereign,BBB,136148063.1607222
T0000454,CP0041,JPM_EMEA_CH,Securities Financing,SFT,7362686.390962373,-104926.99712929381,111336.73889685152,Margined,4.6403273633871125,0.03,Bank,BBB,34006322.97426655
T0000455,CP0029,JPM_EMEA_UK,FX Forward,FX,3829919.2775431913,231177.90583408513,86582.14813488859,Margined,1.788075253850454,0.04,Corporate,AAA,77058489.83965607
T0000456,CP0039,JPM_EMEA_CH,Securities Financing,SFT,4724412.45501149,-351239.05828363093,0.0,Margined,6.981653426341416,0.03,Hedge Fund,A,114509299.85729474
T0000457,CP0079,JPM_EMEA_FR,Interest Rate Swap,Interest Rate,5716954.797385738,26971.713152443946,0.0,Unmargined,6.223328313103169,0.005,Corporate,A,45536506.54289452
T0000458,CP0023,JPM_EMEA_UK,Equity Option,Equity,1260752.477021747,63073.8609075538,18550.105465727836,Margined,2.645956785570368,0.08,Hedge Fund,A,141917439.14674777
T0000459,CP0025,JPM_EMEA_CH,FX Forward,FX,1635602.6655877237,-50966.44392873312,0.0,Unmargined,0.25286815026112536,0.04,Sovereign,A,81553622.137404
T0000460,CP0068,JPM_EMEA_DE,Interest Rate Swap,Interest Rate,438826.9660033349,-2445.1582248136483,0.0,Unmargined,3.7245221622960893,0.005,Asset Manager,AA,32280666.847996987
T0000461,CP0030,JPM_EMEA_DE,Securities Financing,SFT,7035977.433719545,-99251.25669369573,0.0,Unmargined,6.063068282379729,0.03,Asset Manager,A,22809570.384442955
T0000462,CP0073,JPM_EMEA_CH,Interest Rate Swap,Interest Rate,1190155.9362130829,-28482.654140428687,0.0,Unmargined,5.762505694833884,0.005,Asset Manager,A,35958531.21349318
T0000463,CP0078,JPM_EMEA_FR,Interest Rate Swap,Interest Rate,4567034.420753222,39102.00077225698,27149.161747292026,Margined,6.288021419166772,0.005,Hedge Fund,BBB,133693065.30887038
T0000464,CP0006,JPM_EMEA_UK,FX Forward,FX,5796664.037075282,-262819.3332576697,0.0,Unmargined,6.788137986557198,0.04,CCP,BBB,84218806.50178745
T0000465,CP0054,JPM_EMEA_UK,Equity Option,Equity,7305643.999270603,-28374.444400103715,137730.2589886022,Margined,5.005545580402427,0.08,Asset Manager,A,141685664.10636523
T0000466,CP0008,JPM_EMEA_CH,Commodity Future,Commodity,1199947.0697552247,21670.802073206472,18805.406328726778,Margined,1.1786629167571923,0.15,Sovereign,AA,38788144.55258609
T0000467,CP0071,JPM_EMEA_DE,Securities Financing,SFT,3747664.114055643,-28213.464416296738,41497.91179432519,Margined,0.303071304537563,0.03,Sovereign,A,141785709.5693913
T0000468,CP0010,JPM_EMEA_UK,Interest Rate Swap,Interest Rate,21254630.593369417,-744063.9776021987,0.0,Unmargined,1.1022806108113943,0.005,Bank,AA,96393794.38310257
T0000469,CP0072,JPM_EMEA_UK,FX Forward,FX,22211474.863991994,800867.7980201091,246380.08422423436,Margined,1.4476441338593022,0.04,Hedge Fund,AA,51326174.75073902
T0000470,CP0062,JPM_EMEA_CH,Interest Rate Swap,Interest Rate,10736159.698302196,274405.4376250404,233239.85723122765,Margined,0.4766625801675529,0.005,Sovereign,BBB,136148063.1607222
T0000471,CP0043,JPM_EMEA_FR,Equity Option,Equity,5605719.971575683,-204281.13021140214,0.0,Margined,3.2014894878835753,0.08,Sovereign,BBB,49927818.8163345
T0000472,CP0017,JPM_EMEA_FR,Securities Financing,SFT,1464022.77523777,-66311.10320801729,0.0,Margined,5.497950107198082,0.03,Corporate,A,144612697.7213879
T0000473,CP0022,JPM_EMEA_FR,Equity Option,Equity,8206413.531200076,-273415.98928320076,0.0,Unmargined,0.07954997805833397,0.08,Asset Manager,A,83791909.26608771
T0000474,CP0035,JPM_EMEA_DE,Equity Option,Equity,3415326.624000063,65180.00858044476,40255.94434506994,Margined,5.635202905578808,0.08,CCP,AAA,34114846.34760766
T0000475,CP0068,JPM_EMEA_CH,FX Forward,FX,7006390.326464539,67576.99527344396,0.0,Unmargined,6.480885999314551,0.04,Asset Manager,AA,32280666.847996987
T0000476,CP0072,JPM_EMEA_FR,Securities Financing,SFT,2124318.205167717,58743.54813728523,0.0,Unmargined,1.1063024012603184,0.03,Hedge Fund,AA,51326174.75073902
T0000477,CP0041,JPM_EMEA_FR,FX Forward,FX,3364775.512130124,-38409.77934404133,69686.7604900083,Margined,0.19835580223046373,0.04,Bank,BBB,34006322.97426655
T0000478,CP0019,JPM_EMEA_CH,Interest Rate Swap,Interest Rate,4713551.7985493,-152557.3954922061,67074.55005403492,Margined,3.3815863589556536,0.005,CCP,AA,121755579.54253721
T0000479,CP0046,JPM_EMEA_UK,FX Forward,FX,5117021.096363978,164561.49029379332,84346.2061650453,Margined,6.086284963510585,0.04,CCP,AA,68219896.90211704
T0000480,CP0067,JPM_EMEA_DE,Interest Rate Swap,Interest Rate,6553616.768044032,-126948.1310300907,92909.29071028526,Margined,5.170978380186778,0.005,CCP,A,68575504.7535823
T0000481,CP0044,JPM_EMEA_CH,Interest Rate Swap,Interest Rate,2241397.099538827,14634.489496050015,27067.256453663886,Margined,0.2911586886425477,0.005,Asset Manager,AA,24863632.30290337
T0000482,CP0072,JPM_EMEA_UK,Interest Rate Swap,Interest Rate,1043948.2392925778,-56631.44573906145,1724.1122547657578,Margined,4.729187681739082,0.005,Hedge Fund,AA,51326174.75073902
T0000483,CP0001,JPM_EMEA_DE,FX Forward,FX,20309309.988151822,-405035.97897182195,0.0,Unmargined,5.733327224950201,0.04,Bank,A,95932735.95865563
T0000484,CP0041,JPM_EMEA_UK,Equity Option,Equity,48209135.20355333,1703174.3298583555,57496.73040009616,Margined,1.933795057588207,0.08,Bank,BBB,34006322.97426655
T0000485,CP0004,JPM_EMEA_FR,FX Forward,FX,6257089.070943879,-156862.781701676,67651.40701505647,Margined,4.591222798325095,0.04,Asset Manager,A,74054962.28217925
T0000486,CP0049,JPM_EMEA_CH,FX Forward,FX,1064283.9933941779,30340.21829052271,14749.086246179262,Margined,3.4829452690167804,0.04,Sovereign,AA,61228056.066952996
T0000487,CP0050,JPM_EMEA_DE,Securities Financing,SFT,1846144.1933617375,-150618.94668553866,0.0,Unmargined,1.4791220125057973,0.03,Sovereign,A,143876921.35906684
T0000488,CP0025,JPM_EMEA_FR,Commodity Future,Commodity,6655289.354535069,-130301.96751036504,83728.60060778054,Margined,6.315490325619891,0.15,Sovereign,A,81553622.137404
T0000489,CP0064,JPM_EMEA_CH,FX Forward,FX,15293225.809467437,-91719.78525204635,76439.66219187845,Margined,1.599908135558141,0.04,CCP,BB,61070776.73800309
T0000490,CP0077,JPM_EMEA_CH,Interest Rate Swap,Interest Rate,1189346.1788311221,72536.92779338302,4098.968916819005,Margined,5.89130420022287,0.005,Hedge Fund,BBB,97919762.89770965
T0000491,CP0037,JPM_EMEA_CH,Securities Financing,SFT,3532343.530298586,-144533.60952559486,0.0,Unmargined,4.926503611215834,0.03,CCP,AA,56560391.89907108
T0000492,CP0035,JPM_EMEA_DE,Interest Rate Swap,Interest Rate,4865777.050839175,114271.63223886896,14773.413956854369,Margined,1.5853176294582938,0.005,CCP,AAA,34114846.34760766
T0000493,CP0016,JPM_EMEA_UK,FX Forward,FX,9496020.464836454,351282.60386361077,160039.02477260557,Margined,4.993696481887957,0.04,Sovereign,BBB,22964503.233860675
T0000494,CP0003,JPM_EMEA_FR,Securities Financing,SFT,2836847.120722167,-71636.45399455202,30229.34265178038,Margined,0.23073418245759697,0.03,Corporate,BBB,30977761.748185582
T0000495,CP0033,JPM_EMEA_FR,FX Forward,FX,837343.9757905082,-10946.880991140297,15509.044346272472,Margined,1.6920874774907546,0.04,Bank,BBB,38232381.569819406
T0000496,CP0036,JPM_EMEA_DE,Commodity Future,Commodity,7444622.20886782,36903.04502271849,0.0,Unmargined,2.03356480102731,0.15,Bank,AA,107391212.09517552
T0000497,CP0062,JPM_EMEA_FR,Equity Option,Equity,12318353.76604556,-638730.9573734592,107841.16976665,Margined,6.2298700571666545,0.08,Sovereign,BBB,136148063.1607222
T0000498,CP0069,JPM_EMEA_FR,Equity Option,Equity,3682908.8907481055,-58663.628281027326,99390.88735797758,Margined,6.411943052236843,0.08,Bank,AA,117082649.47537337
T0000499,CP0009,JPM_EMEA_DE,Interest Rate Swap,Interest Rate,5998650.051075893,267923.2345860623,0.0,Margined,1.9333948507311278,0.005,Hedge Fund,BBB,33442385.803931713
T0000500,CP0013,JPM_EMEA_DE,Interest Rate Swap,Interest Rate,2488806.1351273623,45527.52749416204,55440.27201416012,Margined,3.348877053623494,0.005,Sovereign,BBB,95537948.16105135
T0000501,CP0045,JPM_EMEA_DE,FX Forward,FX,1716902.1071405879,-9419.431672377434,0.0,Unmargined,6.872282959255084,0.04,Bank,AAA,92130821.02089284
T0000502,CP0031,JPM_EMEA_DE,Interest Rate Swap,Interest Rate,11164287.208680587,44183.03130172238,202369.89832573547,Margined,4.678543830280001,0.005,Asset Manager,AA,127417950.14526652
T0000503,CP0057,JPM_EMEA_FR,Securities Financing,SFT,5893147.344984078,119817.63193955726,0.0,Unmargined,0.5345011538966924,0.03,Corporate,A,76562617.80039492
T0000504,CP0026,JPM_EMEA_UK,Interest Rate Swap,Interest Rate,6531672.006556435,176579.54092396118,0.0,Unmargined,2.7704524094458094,0.005,Corporate,A,54706836.20194616
T0000505,CP0034,JPM_EMEA_DE,Equity Option,Equity,17964714.153057273,-349853.7387933928,169333.76298930476,Margined,2.9789959734148903,0.08,Corporate,AA,92024698.66007642
T0000506,CP0036,JPM_EMEA_FR,Commodity Future,Commodity,1392989.3185220347,74824.74583152245,8850.657565769594,Margined,2.1794568209006284,0.15,Bank,AA,107391212.09517552
T0000507,CP0049,JPM_EMEA_UK,Commodity Future,Commodity,2303127.7558401944,106110.13274906688,20483.680268306853,Margined,3.6633967666253073,0.15,Sovereign,AA,61228056.066952996
T0000508,CP0006,JPM_EMEA_CH,FX Forward,FX,4684352.550869403,111037.97279192941,34844.322639795355,Margined,5.165344008563358,0.04,CCP,BBB,84218806.50178745
T0000509,CP0071,JPM_EMEA_CH,FX Forward,FX,2275002.4364256007,-67120.751201294,0.0,Unmargined,4.855929694593965,0.04,Sovereign,A,141785709.5693913
T0000510,CP0028,JPM_EMEA_DE,Securities Financing,SFT,8753301.08773909,-312561.446150536,182769.47530650836,Margined,2.4932597773069367,0.03,Sovereign,A,87687412.32129991
T0000511,CP0018,JPM_EMEA_FR,Equity Option,Equity,3316450.6847825167,-37910.78847063695,19276.58166781881,Margined,5.1696461502633495,0.08,Bank,A,82699446.80257703
T0000512,CP0052,JPM_EMEA_DE,Commodity Future,Commodity,1482546.998564073,3153.0489595560925,0.0,Unmargined,3.7618140263378455,0.15,Hedge Fund,BBB,86957426.80012289
T0000513,CP0011,JPM_EMEA_DE,Securities Financing,SFT,4271931.369374631,-264420.6556937953,1921.621036143326,Margined,5.398116854766377,0.03,Corporate,AA,42177085.909795195
T0000514,CP0048,JPM_EMEA_UK,Commodity Future,Commodity,4742825.864099859,82118.51859998664,0.0,Unmargined,0.8415286379285036,0.15,CCP,A,125072691.36835924
T0000515,CP0005,JPM_EMEA_CH,Interest Rate Swap,Interest Rate,10185614.931189807,458975.82002994494,28036.838571187254,Margined,2.863082070392254,0.005,Asset Manager,BBB,25409842.60204602
T0000516,CP0022,JPM_EMEA_CH,Equity Option,Equity,5926508.562197916,119576.76239576809,15148.828049417818,Margined,2.79281569122067,0.08,Asset Manager,A,83791909.26608771
T0000517,CP0059,JPM_EMEA_CH,Interest Rate Swap,Interest Rate,6343563.980110108,-150100.44729825,70576.56896174511,Margined,2.495029554157323,0.005,Sovereign,AA,135918044.6131388
T0000518,CP0030,JPM_EMEA_UK,Equity Option,Equity,5510118.036276511,-153203.9770833523,112713.75197305821,Margined,4.901335447300637,0.08,Asset Manager,A,22809570.384442955
T0000519,CP0073,JPM_EMEA_CH,Securities Financing,SFT,3313721.3733228887,34776.94926057155,0.0,Unmargined,3.922043206408529,0.03,Asset Manager,A,35958531.21349318
T0000520,CP0029,JPM_EMEA_FR,FX Forward,FX,1954384.3747267711,-10486.503504557479,31412.747916823053,Margined,2.731949765607953,0.04,Corporate,AAA,77058489.83965607
T0000521,CP0056,JPM_EMEA_FR,FX Forward,FX,5339503.722432671,82796.6999695627,0.0,Unmargined,3.7773010476253726,0.04,Bank,A,25838380.52100277
T0000522,CP0003,JPM_EMEA_DE,Interest Rate Swap,Interest Rate,2866723.085070546,60373.89923701181,0.0,Unmargined,4.945530816415793,0.005,Corporate,BBB,30977761.748185582
T0000523,CP0079,JPM_EMEA_UK,Securities Financing,SFT,21674077.941146836,828300.2149262032,397266.8861828239,Margined,4.742135758781659,0.03,Corporate,A,45536506.54289452
T0000524,CP0050,JPM_EMEA_DE,Interest Rate Swap,Interest Rate,15309547.538368072,-606630.4109073875,0.0,Unmargined,5.336685131128054,0.005,Sovereign,A,143876921.35906684
T0000525,CP0057,JPM_EMEA_UK,Interest Rate Swap,Interest Rate,7531795.755089391,58421.60277305889,140659.8500400388,Margined,5.96775186345744,0.005,Corporate,A,76562617.80039492
T0000526,CP0027,JPM_EMEA_CH,Interest Rate Swap,Interest Rate,5840178.143581799,-74296.55708556304,127827.34011809778,Margined,5.188773494758007,0.005,Asset Manager,A,63103969.654531784
T0000527,CP0024,JPM_EMEA_CH,Interest Rate Swap,Interest Rate,3663193.5080019953,-12646.173841192765,0.0,Unmargined,1.3019669893049863,0.005,CCP,BBB,94324646.8088898
T0000528,CP0035,JPM_EMEA_CH,FX Forward,FX,1133341.8184263452,34288.47453315988,7303.7488545647475,Margined,5.933723218395685,0.04,CCP,AAA,34114846.34760766
T0000529,CP0021,JPM_EMEA_CH,FX Forward,FX,3222386.1896475437,109752.55809381626,0.0,Unmargined,2.357561449101415,0.04,Corporate,BBB,83265583.00896084
T0000530,CP0002,JPM_EMEA_UK,FX Forward,FX,4426877.111617211,216675.8365719437,1170.0191670411805,Margined,4.678529923094625,0.04,Sovereign,BBB,104480058.20212659
T0000531,CP0054,JPM_EMEA_FR,Interest Rate Swap,Interest Rate,5031664.458137124,74949.95677776924,41484.957167129,Margined,6.937239681560778,0.005,Asset Manager,A,141685664.10636523
T0000532,CP0058,JPM_EMEA_CH,Interest Rate Swap,Interest Rate,6397010.220288538,-24632.248720385673,143367.22080494254,Margined,2.0977623106132173,0.005,Bank,AA,149008823.32725883
T0000533,CP0055,JPM_EMEA_FR,FX Forward,FX,10050521.854697917,-88954.62043277743,36537.62354454269,Margined,1.9279659791853916,0.04,Asset Manager,A,41399016.28566236
T0000534,CP0045,JPM_EMEA_FR,Interest Rate Swap,Interest Rate,2001987.2043259484,-121553.5061102095,45248.05167389334,Margined,1.3160359902838068,0.005,Bank,AAA,92130821.02089284
T0000535,CP0042,JPM_EMEA_DE,Equity Option,Equity,2020244.9246928284,94730.75237113332,17237.627365786433,Margined,6.889341784148093,0.08,Sovereign,A,139081539.86788905
T0000536,CP0079,JPM_EMEA_CH,Interest Rate Swap,Interest Rate,17067072.815255176,-192285.228351831,493448.07500287856,Margined,3.017202075573347,0.005,Corporate,A,45536506.54289452
T0000537,CP0043,JPM_EMEA_FR,FX Forward,FX,8647549.191304022,153116.9399238938,0.0,Unmargined,5.497864951990792,0.04,Sovereign,BBB,49927818.8163345
T0000538,CP0057,JPM_EMEA_FR,FX Forward,FX,2706140.415920962,64311.09792035304,29356.602002436743,Margined,0.3922145515012737,0.04,Corporate,A,76562617.80039492
T0000539,CP0034,JPM_EMEA_UK,FX Forward,FX,3593343.8091905885,-156619.63712270206,16955.320249973272,Margined,1.3039468081759824,0.04,Corporate,AA,92024698.66007642
T0000540,CP0003,JPM_EMEA_CH,Interest Rate Swap,Interest Rate,3609540.2672576513,-116649.95944735483,23456.214134433605,Margined,0.48913179664200346,0.005,Corporate,BBB,30977761.748185582
T0000541,CP0028,JPM_EMEA_FR,Interest Rate Swap,Interest Rate,4128311.4909081217,223530.3020636284,93735.10134238028,Margined,5.71866344699726,0.005,Sovereign,A,87687412.32129991
T0000542,CP0058,JPM_EMEA_CH,Securities Financing,SFT,6417171.558158092,65232.10857531964,101367.52525130898,Margined,0.790546802984221,0.03,Bank,AA,149008823.32725883
T0000543,CP0051,JPM_EMEA_FR,Interest Rate Swap,Interest Rate,50465357.320155896,-1025481.2051324642,1020941.5425900246,Margined,6.46597298779176,0.005,Sovereign,AA,57819318.95821542
T0000544,CP0056,JPM_EMEA_FR,FX Forward,FX,4835821.020679142,-21384.703630869517,7134.217077684269,Margined,4.663114372521855,0.04,Bank,A,25838380.52100277
T0000545,CP0060,JPM_EMEA_CH,FX Forward,FX,7759303.007539424,294995.4448899417,133759.7351785579,Margined,6.371288483979743,0.04,Sovereign,BB,117319042.5294034
T0000546,CP0018,JPM_EMEA_UK,FX Forward,FX,740683.1484464764,24221.084667105762,3131.9442264312684,Margined,2.8915676075630605,0.04,Bank,A,82699446.80257703
T0000547,CP0066,JPM_EMEA_DE,FX Forward,FX,2463035.0960361813,-126385.37919191849,3205.521695003492,Margined,3.703322032243802,0.04,Hedge Fund,BBB,106015964.21180893
T0000548,CP0058,JPM_EMEA_UK,Commodity Future,Commodity,13668711.158847079,781849.3833752524,190133.5369981844,Margined,0.2416273622621094,0.15,Bank,AA,149008823.32725883
T0000549,CP0025,JPM_EMEA_FR,Commodity Future,Commodity,5981131.4304147,202253.04241238176,82708.9196371492,Margined,3.288046078138257,0.15,Sovereign,A,81553622.137404
T0000550,CP0041,JPM_EMEA_DE,Interest Rate Swap,Interest Rate,49646.85550421912,-264.94708352110297,0.0,Unmargined,4.155482719199938,0.005,Bank,BBB,34006322.97426655
T0000551,CP0069,JPM_EMEA_UK,FX Forward,FX,7848461.799112162,-327361.582439876,139235.3799104643,Margined,0.7491010584325328,0.04,Bank,AA,117082649.47537337
T0000552,CP0014,JPM_EMEA_CH,Interest Rate Swap,Interest Rate,27233797.462755375,1004663.0239594717,517129.7948708292,Margined,6.869585131725325,0.005,Sovereign,BBB,65093074.58952882
T0000553,CP0025,JPM_EMEA_UK,FX Forward,FX,543561.0642534385,9063.860368491209,12913.83392125431,Margined,0.08051754970554707,0.04,Sovereign,A,81553622.137404
T0000554,CP0016,JPM_EMEA_UK,Equity Option,Equity,18277705.46913458,-932582.3285760623,45278.555787370016,Margined,1.9087817453983604,0.08,Sovereign,BBB,22964503.233860675
T0000555,CP0025,JPM_EMEA_UK,Interest Rate Swap,Interest Rate,250158.32301466147,-2031.9691749042643,0.0,Unmargined,4.328569987142528,0.005,Sovereign,A,81553622.137404
T0000556,CP0017,JPM_EMEA_FR,FX Forward,FX,10219455.507189978,1118172.485382715,0.0,Unmargined,3.508586205620426,0.04,Corporate,A,144612697.7213879
T0000557,CP0065,JPM_EMEA_DE,Securities Financing,SFT,3965554.6630748627,2290.3517372291317,0.0,Unmargined,1.7124308597253548,0.03,Asset Manager,BBB,120361616.17442845
T0000558,CP0080,JPM_EMEA_FR,Interest Rate Swap,Interest Rate,381487.6297322603,-9906.841117745118,0.0,Margined,6.907938052329466,0.005,Sovereign,A,60342077.47701232
T0000559,CP0078,JPM_EMEA_DE,FX Forward,FX,6249067.098452393,-220575.70780363996,5824.184874189741,Margined,1.3626979543618367,0.04,Hedge Fund,BBB,133693065.30887038
T0000560,CP0029,JPM_EMEA_CH,Equity Option,Equity,12643384.453458281,784186.5057978262,105005.69688545514,Margined,4.00004568495077,0.08,Corporate,AAA,77058489.83965607
T0000561,CP0075,JPM_EMEA_DE,Interest Rate Swap,Interest Rate,5755646.453832697,170779.13649617933,0.0,Unmargined,0.8553943423995225,0.005,Sovereign,AA,39926961.16118422
T0000562,CP0007,JPM_EMEA_CH,Interest Rate Swap,Interest Rate,7178726.489511171,353626.71573081065,87125.61907332939,Margined,0.44017124973468597,0.005,Bank,A,62881957.60326209
T0000563,CP0009,JPM_EMEA_DE,Interest Rate Swap,Interest Rate,2650155.3178255972,23020.534265501108,18716.793661208678,Margined,3.440708744478766,0.005,Hedge Fund,BBB,33442385.803931713
T0000564,CP0027,JPM_EMEA_UK,Securities Financing,SFT,621825.7351285488,27292.35015066528,4052.3027162482367,Margined,5.642665457665549,0.03,Asset Manager,A,63103969.654531784
T0000565,CP0024,JPM_EMEA_DE,Interest Rate Swap,Interest Rate,7989741.317381003,-237225.11633616913,0.0,Unmargined,3.7426394483807908,0.005,CCP,BBB,94324646.8088898
T0000566,CP0074,JPM_EMEA_UK,Interest Rate Swap,Interest Rate,23012747.017661583,130958.27889030875,437164.13956190465,Margined,2.090731526897473,0.005,Bank,A,128044647.3762378
T0000567,CP0061,JPM_EMEA_DE,Interest Rate Swap,Interest Rate,12377436.962715374,124354.53752753207,139412.64288061007,Margined,0.16627136682547566,0.005,CCP,BBB,135803023.8142082
T0000568,CP0061,JPM_EMEA_UK,Interest Rate Swap,Interest Rate,547944.3937282717,26512.6416081757,0.0,Unmargined,6.586698081408269,0.005,CCP,BBB,135803023.8142082
T0000569,CP0065,JPM_EMEA_CH,Equity Option,Equity,879325.584930061,9812.83949703347,14971.111778930725,Margined,1.5225979252793804,0.08,Asset Manager,BBB,120361616.17442845
T0000570,CP0059,JPM_EMEA_FR,Interest Rate Swap,Interest Rate,1716567.4347256054,-37580.658006600795,0.0,Unmargined,4.04327439607076,0.005,Sovereign,AA,135918044.6131388
T0000571,CP0041,JPM_EMEA_UK,Equity Option,Equity,813278.9713017214,1823.8467031579896,8184.157514071997,Margined,0.1579074925241316,0.08,Bank,BBB,34006322.97426655
T0000572,CP0005,JPM_EMEA_CH,Equity Option,Equity,4180723.345282037,-245301.69341525924,0.0,Unmargined,0.7255717230288568,0.08,Asset Manager,BBB,25409842.60204602
T0000573,CP0002,JPM_EMEA_DE,Commodity Future,Commodity,5928137.995407827,-481565.80268485664,0.0,Unmargined,1.2326781264099134,0.15,Sovereign,BBB,104480058.20212659
T0000574,CP0079,JPM_EMEA_UK,Interest Rate Swap,Interest Rate,956993.2679178966,27845.583308734494,1001.0383556627166,Margined,0.8305813730389714,0.005,Corporate,A,45536506.54289452
T0000575,CP0041,JPM_EMEA_UK,Securities Financing,SFT,8700868.25751651,-114120.90147714358,0.0,Unmargined,3.738738014725389,0.03,Bank,BBB,34006322.97426655
T0000576,CP0077,JPM_EMEA_UK,Equity Option,Equity,7296525.713015218,-66760.33153427787,65089.960067625194,Margined,2.8095212341165903,0.08,Hedge Fund,BBB,97919762.89770965
T0000577,CP0003,JPM_EMEA_UK,Interest Rate Swap,Interest Rate,2312051.5245716437,67241.70379035645,45362.46089261293,Margined,5.61893086756078,0.005,Corporate,BBB,30977761.748185582
T0000578,CP0051,JPM_EMEA_DE,Commodity Future,Commodity,3366159.146112439,164589.57496911782,44053.985820677364,Margined,0.8576189999646578,0.15,Sovereign,AA,57819318.95821542
T0000579,CP0023,JPM_EMEA_FR,Securities Financing,SFT,569209.4477928011,10648.245776675927,5497.113576780081,Margined,3.0459226815521356,0.03,Hedge Fund,A,141917439.14674777
T0000580,CP0030,JPM_EMEA_DE,Interest Rate Swap,Interest Rate,2869197.014778777,193620.7283057955,7583.796476796866,Margined,3.026343944555262,0.005,Asset Manager,A,22809570.384442955
T0000581,CP0053,JPM_EMEA_CH,Securities Financing,SFT,4029649.2412106115,70898.13106665546,58079.583802586036,Margined,1.6541420098304276,0.03,Asset Manager,A,53275461.77378836
T0000582,CP0040,JPM_EMEA_CH,FX Forward,FX,4735285.196265591,50087.342907087484,0.0,Unmargined,0.7169323182417816,0.04,Corporate,BBB,119924173.94929542
T0000583,CP0011,JPM_EMEA_DE,Equity Option,Equity,5842572.948211332,49157.12309962113,0.0,Unmargined,0.12410655151847035,0.08,Corporate,AA,42177085.909795195
T0000584,CP0080,JPM_EMEA_FR,Securities Financing,SFT,5106611.6615555305,-229758.43199642928,32052.743936845123,Margined,0.18085380913246746,0.03,Sovereign,A,60342077.47701232
T0000585,CP0057,JPM_EMEA_DE,FX Forward,FX,3070838.538421353,102750.10763068678,51985.802418461615,Margined,2.8204439756317075,0.04,Corporate,A,76562617.80039492
T0000586,CP0029,JPM_EMEA_DE,Commodity Future,Commodity,5325407.868438724,-455808.6394746128,133810.39095459844,Margined,0.4272271533891929,0.15,Corporate,AAA,77058489.83965607
T0000587,CP0050,JPM_EMEA_UK,FX Forward,FX,10895243.898565523,-223557.8753187685,154499.43211250033,Margined,2.7921750318742102,0.04,Sovereign,A,143876921.35906684
T0000588,CP0013,JPM_EMEA_FR,Commodity Future,Commodity,3635680.4514384,2917.859955615433,0.0,Unmargined,3.089996280038633,0.15,Sovereign,BBB,95537948.16105135
T0000589,CP0035,JPM_EMEA_UK,Equity Option,Equity,5495278.406259963,-151898.7344675903,0.0,Unmargined,3.1454323769525776,0.08,CCP,AAA,34114846.34760766
T0000590,CP0034,JPM_EMEA_FR,Interest Rate Swap,Interest Rate,3320526.313264192,-52502.360040769025,90267.6175137553,Margined,1.38200552585934,0.005,Corporate,AA,92024698.66007642
T0000591,CP0030,JPM_EMEA_CH,FX Forward,FX,2094962.062546227,134869.77105071853,31366.78464969272,Margined,3.5160712811535486,0.04,Asset Manager,A,22809570.384442955
T0000592,CP0039,JPM_EMEA_DE,FX Forward,FX,6747513.2394681005,260729.55251003132,118754.01182696316,Margined,2.776605112810107,0.04,Hedge Fund,A,114509299.85729474
T0000593,CP0074,JPM_EMEA_FR,Interest Rate Swap,Interest Rate,2295770.2702722135,-55107.59800440485,26882.99182094272,Margined,6.927212510752907,0.005,Bank,A,128044647.3762378
T0000594,CP0001,JPM_EMEA_CH,Interest Rate Swap,Interest Rate,5885203.161944764,-96722.30102913002,34162.96707314557,Margined,0.36531467523635985,0.005,Bank,A,95932735.95865563
T0000595,CP0045,JPM_EMEA_FR,FX Forward,FX,4114633.363665381,-183904.10682853466,9606.000480200288,Margined,0.4244556282428983,0.04,Bank,AAA,92130821.02089284
T0000596,CP0076,JPM_EMEA_DE,Interest Rate Swap,Interest Rate,2951636.270657425,72830.98302773345,65335.62744230492,Margined,5.780482689787795,0.005,Asset Manager,BBB,43304880.06050608
T0000597,CP0072,JPM_EMEA_CH,Interest Rate Swap,Interest Rate,2881040.544226171,-25183.134383644112,11331.49267480788,Margined,1.8988320974952602,0.005,Hedge Fund,AA,51326174.75073902
T0000598,CP0072,JPM_EMEA_UK,Equity Option,Equity,2406499.901196755,-165630.54787700615,0.0,Unmargined,1.3273159982514398,0.08,Hedge Fund,AA,51326174.75073902
T0000599,CP0033,JPM_EMEA_FR,Equity Option,Equity,771431.9537768707,2721.1689098539337,0.0,Unmargined,6.127672567091113,0.08,Bank,BBB,38232381.569819406
T0000600,CP0046,JPM_EMEA_DE,Commodity Future,Commodity,5866096.70606774,90128.24040954873,113463.70118137365,Margined,3.7524672337573057,0.15,CCP,AA,68219896.90211704
T0000601,CP0048,JPM_EMEA_UK,FX Forward,FX,5042193.402892191,169972.00713494458,39744.10031743908,Margined,4.329738158423976,0.04,CCP,A,125072691.36835924
T0000602,CP0068,JPM_EMEA_FR,Securities Financing,SFT,9355501.94516053,-24019.482317245413,0.0,Unmargined,0.10532673477195943,0.03,Asset Manager,AA,32280666.847996987
T0000603,CP0077,JPM_EMEA_FR,Equity Option,Equity,2350992.2164517725,-30665.145105238513,35328.300567797916,Margined,1.8622194800098495,0.08,Hedge Fund,BBB,97919762.89770965
T0000604,CP0021,JPM_EMEA_FR,Interest Rate Swap,Interest Rate,26620403.92508427,1850630.8833865894,0.0,Unmargined,1.8514607099284126,0.005,Corporate,BBB,83265583.00896084
T0000605,CP0010,JPM_EMEA_FR,Interest Rate Swap,Interest Rate,2736168.032522911,630.7290421879833,5887.613336259314,Margined,5.33820077240036,0.005,Bank,AA,96393794.38310257
T0000606,CP0022,JPM_EMEA_DE,Equity Option,Equity,1667265.2660693147,41989.5157014359,0.0,Unmargined,2.7295881477600883,0.08,Asset Manager,A,83791909.26608771
T0000607,CP0022,JPM_EMEA_DE,Interest Rate Swap,Interest Rate,1480839.92142543,-27964.014508612123,8394.488606709807,Margined,4.063175207984097,0.005,Asset Manager,A,83791909.26608771
T0000608,CP0025,JPM_EMEA_UK,FX Forward,FX,706361.564114063,17056.398121940638,0.0,Unmargined,6.526729905442015,0.04,Sovereign,A,81553622.137404
T0000609,CP0074,JPM_EMEA_FR,Securities Financing,SFT,18521315.41665581,-943605.7294280813,186378.40151103368,Margined,6.893506185211335,0.03,Bank,A,128044647.3762378
T0000610,CP0018,JPM_EMEA_CH,Interest Rate Swap,Interest Rate,15758213.980359973,-254847.57405848976,0.0,Unmargined,0.9349389281071422,0.005,Bank,A,82699446.80257703
T0000611,CP0034,JPM_EMEA_DE,Interest Rate Swap,Interest Rate,7293908.326798951,-308456.45376022276,0.0,Margined,3.913276388264234,0.005,Corporate,AA,92024698.66007642
T0000612,CP0029,JPM_EMEA_DE,Securities Financing,SFT,1632651.7824998575,-34569.87703102662,34871.92193923016,Margined,4.9090365060694054,0.03,Corporate,AAA,77058489.83965607
T0000613,CP0022,JPM_EMEA_DE,Equity Option,Equity,24472793.782515157,1071087.3399025952,0.0,Unmargined,5.485266870979956,0.08,Asset Manager,A,83791909.26608771
T0000614,CP0016,JPM_EMEA_FR,Interest Rate Swap,Interest Rate,2813910.6313287304,-60306.06154123231,39721.730659107976,Margined,6.444751948026785,0.005,Sovereign,BBB,22964503.233860675
T0000615,CP0080,JPM_EMEA_FR,Securities Financing,SFT,3056494.068582011,76837.09555319823,20148.238672352592,Margined,5.111943683860211,0.03,Sovereign,A,60342077.47701232
T0000616,CP0051,JPM_EMEA_DE,Securities Financing,SFT,16836572.27626965,894094.0714989776,470335.28396103124,Margined,4.845049622069543,0.03,Sovereign,AA,57819318.95821542
T0000617,CP0009,JPM_EMEA_UK,FX Forward,FX,7730742.757283665,-7461.759109146926,0.0,Unmargined,0.4259788269142547,0.04,Hedge Fund,BBB,33442385.803931713
T0000618,CP0053,JPM_EMEA_DE,Equity Option,Equity,36139899.33977409,1257012.5100369432,0.0,Unmargined,3.8364931551480046,0.08,Asset Manager,A,53275461.77378836
T0000619,CP0049,JPM_EMEA_DE,Interest Rate Swap,Interest Rate,5129543.256708471,95347.99383559798,49198.831403813936,Margined,4.211419715983428,0.005,Sovereign,AA,61228056.066952996
T0000620,CP0029,JPM_EMEA_UK,Interest Rate Swap,Interest Rate,2689253.2733871806,10959.493885022253,0.0,Unmargined,4.890658297052368,0.005,Corporate,AAA,77058489.83965607
T0000621,CP0064,JPM_EMEA_DE,Equity Option,Equity,2169484.274227597,56972.92551058117,0.0,Unmargined,4.104374903768809,0.08,CCP,BB,61070776.73800309
T0000622,CP0065,JPM_EMEA_CH,Interest Rate Swap,Interest Rate,630840.7559310053,40624.77774448489,9784.403125402107,Margined,2.8956782013011026,0.005,Asset Manager,BBB,120361616.17442845
T0000623,CP0063,JPM_EMEA_FR,Equity Option,Equity,3027383.116138462,-67524.00011589089,36294.57910900363,Margined,3.437829411894971,0.08,Asset Manager,AA,87451586.85023838
T0000624,CP0052,JPM_EMEA_UK,Commodity Future,Commodity,12564654.831019405,-421820.9878510419,12347.294684704364,Margined,6.77287114736538,0.15,Hedge Fund,BBB,86957426.80012289
T0000625,CP0036,JPM_EMEA_CH,Interest Rate Swap,Interest Rate,7279983.04903015,-259364.02232062447,67542.65357798531,Margined,2.3372717108076393,0.005,Bank,AA,107391212.09517552
T0000626,CP0017,JPM_EMEA_UK,Equity Option,Equity,4082062.468518554,142076.0982517343,68796.08868742528,Margined,5.501975912541341,0.08,Corporate,A,144612697.7213879
T0000627,CP0004,JPM_EMEA_FR,Interest Rate Swap,Interest Rate,1478990.731986312,58461.348666428545,9821.885086623555,Margined,4.271708821459843,0.005,Asset Manager,A,74054962.28217925
T0000628,CP0074,JPM_EMEA_FR,Securities Financing,SFT,5018682.1490649935,-94332.61847490695,0.0,Unmargined,3.1346250095759154,0.03,Bank,A,128044647.3762378
T0000629,CP0068,JPM_EMEA_FR,Interest Rate Swap,Interest Rate,11013348.821731858,-823363.1807772393,134954.76875868978,Margined,2.9295136400979462,0.005,Asset Manager,AA,32280666.847996987
T0000630,CP0017,JPM_EMEA_CH,Equity Option,Equity,6153454.414792375,-145322.9694066718,63122.619946049774,Margined,3.78372505945672,0.08,Corporate,A,144612697.7213879
T0000631,CP0065,JPM_EMEA_DE,Equity Option,Equity,4725765.36932233,90616.06053216013,101855.13525867893,Margined,5.6085578843049255,0.08,Asset Manager,BBB,120361616.17442845
T0000632,CP0004,JPM_EMEA_CH,FX Forward,FX,1802792.2407733009,-4210.078503340148,0.0,Margined,0.8989435722545824,0.04,Asset Manager,A,74054962.28217925
T0000633,CP0019,JPM_EMEA_FR,Equity Option,Equity,9520774.259083979,60096.75647473029,0.0,Unmargined,6.379068791460411,0.08,CCP,AA,121755579.54253721
T0000634,CP0013,JPM_EMEA_DE,Equity Option,Equity,174538.40813660205,-3197.029558554961,3815.310058672665,Margined,5.430320602773104,0.08,Sovereign,BBB,95537948.16105135
T0000635,CP0028,JPM_EMEA_UK,Equity Option,Equity,5865807.008429854,208195.78832132617,0.0,Unmargined,2.47574645644251,0.08,Sovereign,A,87687412.32129991
T0000636,CP0026,JPM_EMEA_FR,Commodity Future,Commodity,52280128.259124,627973.8994624286,1583457.3814937286,Margined,0.12076197601009467,0.15,Corporate,A,54706836.20194616
T0000637,CP0042,JPM_EMEA_DE,Securities Financing,SFT,885078.4213439104,18167.31575034677,10977.489802509017,Margined,0.7813187892668183,0.03,Sovereign,A,139081539.86788905
T0000638,CP0037,JPM_EMEA_DE,FX Forward,FX,3142205.388523071,17493.596621743956,49216.925571225285,Margined,1.053547632013703,0.04,CCP,AA,56560391.89907108
T0000639,CP0010,JPM_EMEA_FR,FX Forward,FX,3968480.877615995,72833.07605420871,73573.34414111942,Margined,0.7698811923639675,0.04,Bank,AA,96393794.38310257
T0000640,CP0012,JPM_EMEA_FR,Interest Rate Swap,Interest Rate,2518621.0441839863,40423.89064418413,55914.90383721966,Margined,0.7643139074736129,0.005,CCP,AAA,140265615.38898364
T0000641,CP0066,JPM_EMEA_UK,Commodity Future,Commodity,11275910.135453004,-366271.01370485645,163554.0937816579,Margined,6.723008993094,0.15,Hedge Fund,BBB,106015964.21180893
T0000642,CP0044,JPM_EMEA_DE,FX Forward,FX,6415682.447367543,83770.90234655846,124523.20850282074,Margined,4.626297121391704,0.04,Asset Manager,AA,24863632.30290337
T0000643,CP0074,JPM_EMEA_CH,FX Forward,FX,4658039.882921915,129040.6821404927,73029.6361918083,Margined,5.75343915040083,0.04,Bank,A,128044647.3762378
T0000644,CP0011,JPM_EMEA_FR,Interest Rate Swap,Interest Rate,8877916.688149808,358933.7394966764,143625.0854483557,Margined,3.961555647848673,0.005,Corporate,AA,42177085.909795195
T0000645,CP0025,JPM_EMEA_DE,Securities Financing,SFT,4067567.1553071123,59239.031930656776,18926.577508011575,Margined,4.355418654510463,0.03,Sovereign,A,81553622.137404
T0000646,CP0013,JPM_EMEA_CH,FX Forward,FX,96173980.67591463,-3249119.465756617,0.0,Unmargined,6.172938325416936,0.04,Sovereign,BBB,95537948.16105135
T0000647,CP0074,JPM_EMEA_FR,Equity Option,Equity,4653600.84305657,-132144.14531121947,36381.136669487256,Margined,1.8706859211091336,0.08,Bank,A,128044647.3762378
T0000648,CP0013,JPM_EMEA_CH,Interest Rate Swap,Interest Rate,4862615.488980172,-74058.52299651765,0.0,Unmargined,4.876946260445164,0.005,Sovereign,BBB,95537948.16105135
T0000649,CP0065,JPM_EMEA_DE,Securities Financing,SFT,723124.6330725917,4795.2106668103315,0.0,Unmargined,6.30019740413055,0.03,Asset Manager,BBB,120361616.17442845
T0000650,CP0016,JPM_EMEA_UK,Interest Rate Swap,Interest Rate,2322964.1796816713,-9938.252968051758,20002.998118118387,Margined,6.557231233773823,0.005,Sovereign,BBB,22964503.233860675
T0000651,CP0059,JPM_EMEA_FR,Interest Rate Swap,Interest Rate,12599687.888790252,-495553.5654151277,124597.57504576513,Margined,3.136135264243813,0.005,Sovereign,AA,135918044.6131388
T0000652,CP0037,JPM_EMEA_CH,Securities Financing,SFT,1052151.9160274174,-41602.29845376994,13509.942678701902,Margined,6.004149838650044,0.03,CCP,AA,56560391.89907108
T0000653,CP0078,JPM_EMEA_FR,Securities Financing,SFT,462428.7383325488,-33964.58718567176,7605.0580486574745,Margined,3.5518239602861224,0.03,Hedge Fund,BBB,133693065.30887038
T0000654,CP0006,JPM_EMEA_DE,Interest Rate Swap,Interest Rate,4131373.1448530066,-451070.0224278737,0.0,Unmargined,1.8423075544720362,0.005,CCP,BBB,84218806.50178745
T0000655,CP0026,JPM_EMEA_UK,FX Forward,FX,15753126.737664452,-72659.15155552882,0.0,Unmargined,1.794165545222708,0.04,Corporate,A,54706836.20194616
T0000656,CP0058,JPM_EMEA_UK,Commodity Future,Commodity,4173168.543389704,338894.93452372105,19526.211686851108,Margined,3.189777277894983,0.15,Bank,AA,149008823.32725883
T0000657,CP0074,JPM_EMEA_CH,Securities Financing,SFT,2858136.2697901973,179740.42540176222,54351.89922692545,Margined,1.8423252450704035,0.03,Bank,A,128044647.3762378
T0000658,CP0044,JPM_EMEA_UK,FX Forward,FX,623632.7805061917,-21352.00114322614,6975.595986190341,Margined,0.2583515708263163,0.04,Asset Manager,AA,24863632.30290337
T0000659,CP0008,JPM_EMEA_FR,FX Forward,FX,6287405.363753486,32987.59786203205,53629.56609409809,Margined,0.7835516003663737,0.04,Sovereign,AA,38788144.55258609
T0000660,CP0051,JPM_EMEA_FR,Commodity Future,Commodity,7749043.915420912,-397218.1829351533,81429.78760394122,Margined,5.952079942778684,0.15,Sovereign,AA,57819318.95821542
T0000661,CP0039,JPM_EMEA_DE,Commodity Future,Commodity,673384.939088505,-30924.417878001997,4133.267207374891,Margined,6.183435816897701,0.15,Hedge Fund,A,114509299.85729474
T0000662,CP0062,JPM_EMEA_CH,Commodity Future,Commodity,12438876.99866721,-521332.50229195826,96458.62270631934,Margined,6.1176547925633145,0.15,Sovereign,BBB,136148063.1607222
T0000663,CP0045,JPM_EMEA_FR,Equity Option,Equity,8601958.303200275,-67890.55983483077,64517.55597271886,Margined,3.8983007789036317,0.08,Bank,AAA,92130821.02089284
T0000664,CP0072,JPM_EMEA_CH,Interest Rate Swap,Interest Rate,12411336.684215581,-79259.86787640516,120406.10871637095,Margined,6.549760627010766,0.005,Hedge Fund,AA,51326174.75073902
T0000665,CP0010,JPM_EMEA_DE,Securities Financing,SFT,7169381.960748403,63410.09328318923,123643.44559364454,Margined,3.51869365257655,0.03,Bank,AA,96393794.38310257
T0000666,CP0050,JPM_EMEA_FR,Securities Financing,SFT,7690432.854702824,178514.73896057231,117332.13847603965,Margined,3.264685785323314,0.03,Sovereign,A,143876921.35906684
T0000667,CP0059,JPM_EMEA_CH,Commodity Future,Commodity,6732962.633694073,-79387.23342283849,164108.55294319586,Margined,3.3469559875178514,0.15,Sovereign,AA,135918044.6131388
T0000668,CP0033,JPM_EMEA_CH,Interest Rate Swap,Interest Rate,9533068.82002064,12079.055721152055,206808.80045084696,Margined,1.8160779360517396,0.005,Bank,BBB,38232381.569819406
T0000669,CP0039,JPM_EMEA_DE,Interest Rate Swap,Interest Rate,648908.5975608111,-24842.45188987867,17943.214443586403,Margined,4.313848414105871,0.005,Hedge Fund,A,114509299.85729474
T0000670,CP0056,JPM_EMEA_DE,Commodity Future,Commodity,891575.5749247449,-41955.22475853468,0.0,Unmargined,3.170210390192302,0.15,Bank,A,25838380.52100277
T0000671,CP0037,JPM_EMEA_CH,Interest Rate Swap,Interest Rate,1916089.63522347,-100525.78815124212,31318.18192208692,Margined,6.8238707847449085,0.005,CCP,AA,56560391.89907108
T0000672,CP0032,JPM_EMEA_FR,Securities Financing,SFT,3513013.4062084695,79828.56802601917,28457.775584607363,Margined,1.2452707036165949,0.03,Hedge Fund,A,136500900.33916968
T0000673,CP0047,JPM_EMEA_DE,FX Forward,FX,5896926.508562965,-69741.62113950605,109730.7112668286,Margined,0.5830945967202783,0.04,Asset Manager,BBB,127872666.6072137
T0000674,CP0065,JPM_EMEA_DE,Equity Option,Equity,5534360.457672208,-362440.8897943612,37362.82474614844,Margined,2.4904217450194217,0.08,Asset Manager,BBB,120361616.17442845
T0000675,CP0011,JPM_EMEA_CH,Securities Financing,SFT,12223987.044421947,-26991.948908770806,2889.2102975505986,Margined,1.54807189329416,0.03,Corporate,AA,42177085.909795195
T0000676,CP0070,JPM_EMEA_FR,FX Forward,FX,12613777.3832655,-551332.3994717981,0.0,Unmargined,6.943736864739213,0.04,Asset Manager,BBB,54119867.06997241
T0000677,CP0017,JPM_EMEA_CH,FX Forward,FX,1671813.9805581425,97154.55829035712,0.0,Unmargined,3.9321189046499496,0.04,Corporate,A,144612697.7213879
T0000678,CP0008,JPM_EMEA_FR,Equity Option,Equity,5077761.278106087,-102869.14836801012,78760.21232956176,Margined,2.550037530066839,0.08,Sovereign,AA,38788144.55258609
T0000679,CP0015,JPM_EMEA_CH,Equity Option,Equity,1713371.0658019185,40868.54230456532,8493.778369380108,Margined,4.5170509027035415,0.08,Sovereign,BBB,96819013.89258417
T0000680,CP0007,JPM_EMEA_DE,FX Forward,FX,3313640.131607643,126295.10562829464,0.0,Unmargined,3.1991249542617175,0.04,Bank,A,62881957.60326209
T0000681,CP0077,JPM_EMEA_CH,Equity Option,Equity,5518387.677249666,-184438.28918360543,121976.23323467319,Margined,1.5013347175699971,0.08,Hedge Fund,BBB,97919762.89770965
T0000682,CP0024,JPM_EMEA_UK,Securities Financing,SFT,132335.12932207674,352.22967976607015,2148.2520605026834,Margined,2.791909185697329,0.03,CCP,BBB,94324646.8088898
T0000683,CP0062,JPM_EMEA_FR,FX Forward,FX,44591283.4132088,863794.5417819457,0.0,Unmargined,2.0401627846647177,0.04,Sovereign,BBB,136148063.1607222
T0000684,CP0015,JPM_EMEA_DE,Interest Rate Swap,Interest Rate,7047712.094259354,28501.76548590301,84986.22191568429,Margined,4.481268415830925,0.005,Sovereign,BBB,96819013.89258417
T0000685,CP0043,JPM_EMEA_FR,FX Forward,FX,2204699.207378934,27864.149524200056,65861.85567225343,Margined,5.7251517824377505,0.04,Sovereign,BBB,49927818.8163345
T0000686,CP0035,JPM_EMEA_CH,FX Forward,FX,27485651.815534405,-1279100.5694273473,493898.52422355674,Margined,1.8749108318001735,0.04,CCP,AAA,34114846.34760766
T0000687,CP0053,JPM_EMEA_UK,Interest Rate Swap,Interest Rate,2826002.561406625,54799.772160885135,13552.342623477201,Margined,4.3682203717078965,0.005,Asset Manager,A,53275461.77378836
T0000688,CP0080,JPM_EMEA_UK,Interest Rate Swap,Interest Rate,4566804.594787265,-77707.59065191417,0.0,Unmargined,4.973935041187482,0.005,Sovereign,A,60342077.47701232
T0000689,CP0052,JPM_EMEA_FR,Equity Option,Equity,2457583.501574752,30058.194633187668,26492.71031023405,Margined,2.6215751729085914,0.08,Hedge Fund,BBB,86957426.80012289
T0000690,CP0057,JPM_EMEA_DE,FX Forward,FX,20869446.482225284,671988.0291768177,208623.66590329204,Margined,3.4383727496135363,0.04,Corporate,A,76562617.80039492
T0000691,CP0021,JPM_EMEA_FR,Securities Financing,SFT,3601353.1679176604,84301.54730484262,0.0,Margined,2.543775884946765,0.03,Corporate,BBB,83265583.00896084
T0000692,CP0010,JPM_EMEA_DE,Interest Rate Swap,Interest Rate,4644940.031549367,56692.377445093705,70114.9812527727,Margined,2.6416895296553755,0.005,Bank,AA,96393794.38310257
T0000693,CP0007,JPM_EMEA_UK,Interest Rate Swap,Interest Rate,13330791.558297532,299602.74645421864,12184.025791199412,Margined,3.1512049663549653,0.005,Bank,A,62881957.60326209
T0000694,CP0025,JPM_EMEA_CH,Commodity Future,Commodity,7180965.311924242,173020.95644122022,0.0,Margined,2.1031893337548513,0.15,Sovereign,A,81553622.137404
T0000695,CP0045,JPM_EMEA_FR,Securities Financing,SFT,3788409.5832094117,198294.98260206846,35034.79840022263,Margined,3.4438932669475135,0.03,Bank,AAA,92130821.02089284
T0000696,CP0005,JPM_EMEA_FR,Interest Rate Swap,Interest Rate,12142179.906543378,-14470.740158721212,72280.5850408974,Margined,5.278104294788334,0.005,Asset Manager,BBB,25409842.60204602
T0000697,CP0022,JPM_EMEA_UK,Interest Rate Swap,Interest Rate,50641813.588206336,290607.7824437276,0.0,Unmargined,2.7903692213051365,0.005,Asset Manager,A,83791909.26608771
T0000698,CP0051,JPM_EMEA_UK,Interest Rate Swap,Interest Rate,5494264.9394087205,179235.76964104056,0.0,Margined,6.620792719903819,0.005,Sovereign,AA,57819318.95821542
T0000699,CP0070,JPM_EMEA_FR,FX Forward,FX,4495399.088620083,-77157.08049005171,0.0,Unmargined,1.5650689242627558,0.04,Asset Manager,BBB,54119867.06997241
T0000700,CP0080,JPM_EMEA_UK,FX Forward,FX,4744193.478703885,-221716.85326715113,50339.996909388115,Margined,3.174058003922875,0.04,Sovereign,A,60342077.47701232
T0000701,CP0019,JPM_EMEA_DE,Interest Rate Swap,Interest Rate,14831063.435164021,256029.4802580934,102731.34271617328,Margined,4.231710819500638,0.005,CCP,AA,121755579.54253721
T0000702,CP0009,JPM_EMEA_CH,Interest Rate Swap,Interest Rate,2197008.4204239724,-15842.25194678011,0.0,Unmargined,3.825687729188147,0.005,Hedge Fund,BBB,33442385.803931713
T0000703,CP0046,JPM_EMEA_CH,FX Forward,FX,3028225.4909379855,-127983.28512271334,0.0,Unmargined,6.631237655213949,0.04,CCP,AA,68219896.90211704
T0000704,CP0076,JPM_EMEA_FR,Securities Financing,SFT,859719.9450951115,15061.405801548222,13868.090440221997,Margined,2.3040798510071747,0.03,Asset Manager,BBB,43304880.06050608
T0000705,CP0034,JPM_EMEA_UK,Equity Option,Equity,1224370.0887518532,61328.27598194739,24745.932848734585,Margined,2.6745439522132517,0.08,Corporate,AA,92024698.66007642
T0000706,CP0073,JPM_EMEA_UK,FX Forward,FX,2383319.7254543165,-135946.91452940233,0.0,Unmargined,4.189986908254703,0.04,Asset Manager,A,35958531.21349318
T0000707,CP0060,JPM_EMEA_UK,Interest Rate Swap,Interest Rate,3782394.8493955033,135339.28787102853,14558.868451911749,Margined,4.194749910905134,0.005,Sovereign,BB,117319042.5294034
T0000708,CP0072,JPM_EMEA_DE,Interest Rate Swap,Interest Rate,23461896.669039186,-2083354.5563880396,363962.46839375346,Margined,5.522714758739402,0.005,Hedge Fund,AA,51326174.75073902
T0000709,CP0077,JPM_EMEA_FR,Interest Rate Swap,Interest Rate,6836576.988161323,-95780.6627598653,136466.68275087886,Margined,5.571884438123667,0.005,Hedge Fund,BBB,97919762.89770965
T0000710,CP0009,JPM_EMEA_FR,Commodity Future,Commodity,1606753.7688949718,103503.95575474264,0.0,Unmargined,0.1255531611741541,0.15,Hedge Fund,BBB,33442385.803931713
T0000711,CP0033,JPM_EMEA_DE,Securities Financing,SFT,1931532.782916094,-22195.90320928176,10961.42304634803,Margined,5.3611857030454315,0.03,Bank,BBB,38232381.569819406
T0000712,CP0004,JPM_EMEA_CH,Securities Financing,SFT,15816331.482828584,49787.341846852876,256908.65283074832,Margined,5.03918728505771,0.03,Asset Manager,A,74054962.28217925
T0000713,CP0004,JPM_EMEA_UK,Securities Financing,SFT,12340724.27154852,329501.2503940577,0.0,Unmargined,4.12110275128174,0.03,Asset Manager,A,74054962.28217925
T0000714,CP0039,JPM_EMEA_DE,Securities Financing,SFT,4114199.452020919,-247167.00368348655,13560.250548670301,Margined,2.2530579208124704,0.03,Hedge Fund,A,114509299.85729474
T0000715,CP0053,JPM_EMEA_FR,Securities Financing,SFT,2569645.355923595,6484.0324557439835,0.0,Unmargined,6.3540396631486535,0.03,Asset Manager,A,53275461.77378836
T0000716,CP0071,JPM_EMEA_UK,Interest Rate Swap,Interest Rate,12320039.901084678,27688.766305708876,192243.3034672249,Margined,5.180626402776401,0.005,Sovereign,A,141785709.5693913
T0000717,CP0011,JPM_EMEA_CH,Interest Rate Swap,Interest Rate,1481369.850554987,96557.51496394165,0.0,Unmargined,1.8381474542728953,0.005,Corporate,AA,42177085.909795195
T0000718,CP0003,JPM_EMEA_CH,FX Forward,FX,5919930.7972709555,-256042.5071004226,119931.68287978243,Margined,2.171280389575041,0.04,Corporate,BBB,30977761.748185582
T0000719,CP0009,JPM_EMEA_FR,Equity Option,Equity,38820690.003385,-518406.68348047533,179547.22720985237,Margined,4.987667180534601,0.08,Hedge Fund,BBB,33442385.803931713
T0000720,CP0075,JPM_EMEA_FR,Interest Rate Swap,Interest Rate,4911847.005992902,-159597.95640786027,20611.17212513634,Margined,6.427697515401232,0.005,Sovereign,AA,39926961.16118422
T0000721,CP0053,JPM_EMEA_UK,Commodity Future,Commodity,1841692.3085959249,-66677.38919727379,0.0,Unmargined,3.4592611895810625,0.15,Asset Manager,A,53275461.77378836
T0000722,CP0039,JPM_EMEA_UK,Equity Option,Equity,6029493.821151951,237918.37218750076,33829.46854604798,Margined,6.160437847888529,0.08,Hedge Fund,A,114509299.85729474
T0000723,CP0009,JPM_EMEA_UK,FX Forward,FX,2499987.2756083533,2331.9945557263172,17929.830431173268,Margined,2.705695705325845,0.04,Hedge Fund,BBB,33442385.803931713
T0000724,CP0030,JPM_EMEA_UK,Interest Rate Swap,Interest Rate,992209.0255701573,-19293.357531178583,0.0,Margined,2.7963880462135204,0.005,Asset Manager,A,22809570.384442955
T0000725,CP0011,JPM_EMEA_FR,Interest Rate Swap,Interest Rate,8063360.36197975,-146145.2339510242,115521.89329766603,Margined,4.8172913521972305,0.005,Corporate,AA,42177085.909795195
T0000726,CP0003,JPM_EMEA_CH,Interest Rate Swap,Interest Rate,12232896.55335531,-241146.44989126024,297630.3338434588,Margined,0.40123690955253694,0.005,Corporate,BBB,30977761.748185582
T0000727,CP0036,JPM_EMEA_FR,Securities Financing,SFT,2931129.0469114794,-48607.23895365256,11037.719441081092,Margined,1.0155067241541327,0.03,Bank,AA,107391212.09517552
T0000728,CP0041,JPM_EMEA_CH,Equity Option,Equity,2743017.7611694415,-121393.86130947118,55336.622362827206,Margined,5.112553822000473,0.08,Bank,BBB,34006322.97426655
T0000729,CP0037,JPM_EMEA_CH,Commodity Future,Commodity,1529175.910943657,-13847.504437906147,17623.46389777133,Margined,1.732494169749779,0.15,CCP,AA,56560391.89907108
T0000730,CP0070,JPM_EMEA_FR,Interest Rate Swap,Interest Rate,3443053.629604586,-43286.876621491014,0.0,Margined,1.266799457938026,0.005,Asset Manager,BBB,54119867.06997241
T0000731,CP0074,JPM_EMEA_UK,FX Forward,FX,2279431.291264544,-60457.09337475463,11037.428360346612,Margined,0.6689164344992192,0.04,Bank,A,128044647.3762378
T0000732,CP0010,JPM_EMEA_CH,FX Forward,FX,1455372.1984663522,7897.750381589201,6328.338662365237,Margined,1.6127385813585253,0.04,Bank,AA,96393794.38310257
T0000733,CP0023,JPM_EMEA_FR,Commodity Future,Commodity,26534962.194010697,222791.0399986675,251227.1238316447,Margined,1.7907728164656036,0.15,Hedge Fund,A,141917439.14674777
T0000734,CP0041,JPM_EMEA_FR,Commodity Future,Commodity,6377570.196480159,-124251.98393371746,0.0,Unmargined,2.421071078731789,0.15,Bank,BBB,34006322.97426655
T0000735,CP0033,JPM_EMEA_CH,Interest Rate Swap,Interest Rate,7090029.271871343,-35767.037180317275,189951.68756224145,Margined,6.5713903968256115,0.005,Bank,BBB,38232381.569819406
T0000736,CP0035,JPM_EMEA_FR,Securities Financing,SFT,9676438.6937032,731072.6554645243,5330.1079541994695,Margined,4.53009862174863,0.03,CCP,AAA,34114846.34760766
T0000737,CP0057,JPM_EMEA_UK,Interest Rate Swap,Interest Rate,8648021.598777005,641814.3416704738,0.0,Unmargined,4.868529508221082,0.005,Corporate,A,76562617.80039492
T0000738,CP0015,JPM_EMEA_CH,Securities Financing,SFT,2646358.140835384,-97632.50545385905,12787.607896961472,Margined,0.9726013061221574,0.03,Sovereign,BBB,96819013.89258417
T0000739,CP0067,JPM_EMEA_CH,Interest Rate Swap,Interest Rate,5253250.270015558,-168133.76741337456,0.0,Unmargined,1.3890334857144608,0.005,CCP,A,68575504.7535823
T0000740,CP0022,JPM_EMEA_UK,Interest Rate Swap,Interest Rate,3056479.8466442525,-113331.56679582207,39011.62960397866,Margined,6.295764148385372,0.005,Asset Manager,A,83791909.26608771
T0000741,CP0028,JPM_EMEA_DE,Commodity Future,Commodity,6201294.036866192,229428.58031085163,0.0,Unmargined,4.458448432022026,0.15,Sovereign,A,87687412.32129991
T0000742,CP0018,JPM_EMEA_UK,Interest Rate Swap,Interest Rate,5629300.825153875,-78520.44602323079,0.0,Unmargined,5.677074417510683,0.005,Bank,A,82699446.80257703
T0000743,CP0051,JPM_EMEA_FR,FX Forward,FX,2728178.3086558473,22885.59253830229,0.0,Unmargined,2.5343652968219668,0.04,Sovereign,AA,57819318.95821542
T0000744,CP0056,JPM_EMEA_UK,FX Forward,FX,1058651.1927586368,73993.21472472447,2495.063067968771,Margined,4.061587768599476,0.04,Bank,A,25838380.52100277
T0000745,CP0050,JPM_EMEA_DE,Interest Rate Swap,Interest Rate,4629882.16794041,-1695.7767599211013,0.0,Unmargined,3.5403429024554836,0.005,Sovereign,A,143876921.35906684
T0000746,CP0040,JPM_EMEA_FR,Equity Option,Equity,3260970.5745169013,80606.9704979279,0.0,Unmargined,1.4776134706341366,0.08,Corporate,BBB,119924173.94929542
T0000747,CP0025,JPM_EMEA_CH,Securities Financing,SFT,604062.3326690444,11002.830012711862,9486.523294043172,Margined,5.782148101785258,0.03,Sovereign,A,81553622.137404
T0000748,CP0056,JPM_EMEA_DE,Securities Financing,SFT,6645607.632249251,-136817.16026482155,89184.96324656275,Margined,2.369605868115008,0.03,Bank,A,25838380.52100277
T0000749,CP0010,JPM_EMEA_CH,FX Forward,FX,10502743.12835067,389343.62599523313,81604.99013960356,Margined,3.294867812777745,0.04,Bank,AA,96393794.38310257
T0000750,CP0025,JPM_EMEA_UK,FX Forward,FX,50131564.33373588,-1490889.077154169,0.0,Unmargined,0.974302024311786,0.04,Sovereign,A,81553622.137404
T0000751,CP0055,JPM_EMEA_UK,Interest Rate Swap,Interest Rate,2704986.3276141738,126852.47760423333,0.0,Unmargined,4.486579035070689,0.005,Asset Manager,A,41399016.28566236
T0000752,CP0056,JPM_EMEA_UK,Interest Rate Swap,Interest Rate,2333997.5042702095,-47988.81803377239,36674.87473669098,Margined,5.548391333434866,0.005,Bank,A,25838380.52100277
T0000753,CP0022,JPM_EMEA_FR,Interest Rate Swap,Interest Rate,1318999.2837112711,-22065.367835847625,14781.035577328998,Margined,2.9021987361852206,0.005,Asset Manager,A,83791909.26608771
T0000754,CP0028,JPM_EMEA_DE,Securities Financing,SFT,4928014.987922134,-187742.9508151251,67706.05011418875,Margined,6.848017469894767,0.03,Sovereign,A,87687412.32129991
T0000755,CP0026,JPM_EMEA_UK,Securities Financing,SFT,4896949.898843942,-158411.82099064495,7186.300614312415,Margined,1.8402085104115395,0.03,Corporate,A,54706836.20194616
T0000756,CP0071,JPM_EMEA_CH,Commodity Future,Commodity,1777127.0194538736,-26544.504285213687,0.0,Unmargined,6.117910001578472,0.15,Sovereign,A,141785709.5693913
T0000757,CP0046,JPM_EMEA_DE,FX Forward,FX,3358063.5355080953,-285761.80270504364,59305.00725983959,Margined,5.0624477033015784,0.04,CCP,AA,68219896.90211704
T0000758,CP0010,JPM_EMEA_FR,FX Forward,FX,553014.3625312642,-4516.264756960249,0.0,Unmargined,6.4944683034703194,0.04,Bank,AA,96393794.38310257
T0000759,CP0013,JPM_EMEA_FR,FX Forward,FX,10101370.51254678,-179593.2593421715,128780.23851472666,Margined,5.197505083435269,0.04,Sovereign,BBB,95537948.16105135
T0000760,CP0006,JPM_EMEA_UK,FX Forward,FX,1850794.6759908532,51175.191734956235,44107.63136897764,Margined,3.4892233301828197,0.04,CCP,BBB,84218806.50178745
T0000761,CP0020,JPM_EMEA_FR,FX Forward,FX,3863749.2088691504,57200.20226175759,0.0,Unmargined,2.923619721541152,0.04,Asset Manager,AA,30754899.989917014
T0000762,CP0018,JPM_EMEA_CH,Interest Rate Swap,Interest Rate,960406.1028400371,-23786.67575990338,9733.696506915348,Margined,5.814326432993413,0.005,Bank,A,82699446.80257703
T0000763,CP0036,JPM_EMEA_DE,Interest Rate Swap,Interest Rate,2234328.5584577397,-35859.35700507259,0.0,Unmargined,5.890526135474504,0.005,Bank,AA,107391212.09517552
T0000764,CP0060,JPM_EMEA_CH,Securities Financing,SFT,3024371.216620892,-24835.021491092913,0.0,Unmargined,4.142882228622087,0.03,Sovereign,BB,117319042.5294034
T0000765,CP0071,JPM_EMEA_DE,FX Forward,FX,3955090.621713701,205698.24915085026,0.0,Unmargined,4.929764069765603,0.04,Sovereign,A,141785709.5693913
T0000766,CP0045,JPM_EMEA_DE,Securities Financing,SFT,6462568.740736352,-185997.0183147649,0.0,Unmargined,3.2668598761746144,0.03,Bank,AAA,92130821.02089284
T0000767,CP0062,JPM_EMEA_UK,Interest Rate Swap,Interest Rate,16867175.322079208,-424911.5263980648,494794.8712904367,Margined,1.5676805814377806,0.005,Sovereign,BBB,136148063.1607222
T0000768,CP0053,JPM_EMEA_UK,Equity Option,Equity,8322854.657762831,-328756.4652037441,14186.118880596958,Margined,0.39736432853743064,0.08,Asset Manager,A,53275461.77378836
T0000769,CP0026,JPM_EMEA_UK,Interest Rate Swap,Interest Rate,10469422.903052337,-543063.4324232936,0.0,Unmargined,4.593252406759838,0.005,Corporate,A,54706836.20194616
T0000770,CP0049,JPM_EMEA_FR,Interest Rate Swap,Interest Rate,16986152.80173601,182518.3661556257,0.0,Margined,4.701030576900338,0.005,Sovereign,AA,61228056.066952996
T0000771,CP0025,JPM_EMEA_UK,Interest Rate Swap,Interest Rate,7071002.333575229,50215.547462809925,0.0,Unmargined,4.673581753876394,0.005,Sovereign,A,81553622.137404
T0000772,CP0025,JPM_EMEA_FR,Interest Rate Swap,Interest Rate,3855833.381029945,173114.05902260303,66520.30345622281,Margined,3.958731885341797,0.005,Sovereign,A,81553622.137404
T0000773,CP0079,JPM_EMEA_DE,Securities Financing,SFT,10972654.985404328,399945.7609167954,0.0,Unmargined,2.429685986645267,0.03,Corporate,A,45536506.54289452
T0000774,CP0073,JPM_EMEA_UK,FX Forward,FX,11696663.697521234,981339.3818754951,25626.619955296686,Margined,1.73215465315176,0.04,Asset Manager,A,35958531.21349318
T0000775,CP0053,JPM_EMEA_CH,Equity Option,Equity,7651182.408412228,-19782.49068149054,0.0,Unmargined,0.5066485331619789,0.08,Asset Manager,A,53275461.77378836
T0000776,CP0048,JPM_EMEA_FR,FX Forward,FX,933949.1962995849,-8516.248185191216,12587.434744511529,Margined,1.07866069323889,0.04,CCP,A,125072691.36835924
T0000777,CP0055,JPM_EMEA_DE,FX Forward,FX,1724322.4798478654,-78470.33305313584,31489.241461803693,Margined,4.416672380988949,0.04,Asset Manager,A,41399016.28566236
T0000778,CP0061,JPM_EMEA_FR,FX Forward,FX,3038731.799282737,74084.99798687424,0.0,Unmargined,5.388095851501611,0.04,CCP,BBB,135803023.8142082
T0000779,CP0005,JPM_EMEA_CH,Interest Rate Swap,Interest Rate,8722582.757527448,36187.365571575065,150991.48693124412,Margined,6.357978721571496,0.005,Asset Manager,BBB,25409842.60204602
T0000780,CP0029,JPM_EMEA_DE,Securities Financing,SFT,3915519.212781021,89251.60054671824,43097.93610499083,Margined,0.6332214920039779,0.03,Corporate,AAA,77058489.83965607
T0000781,CP0009,JPM_EMEA_UK,Commodity Future,Commodity,12467970.484106699,-497089.8500118411,267461.0968570126,Margined,5.70748235446809,0.15,Hedge Fund,BBB,33442385.803931713
T0000782,CP0043,JPM_EMEA_FR,Commodity Future,Commodity,14902529.890752526,183392.71778394678,254145.3695849367,Margined,4.202067461543235,0.15,Sovereign,BBB,49927818.8163345
T0000783,CP0024,JPM_EMEA_DE,FX Forward,FX,13269455.695044423,95301.05336779555,33233.82198335216,Margined,2.1441488866999685,0.04,CCP,BBB,94324646.8088898
T0000784,CP0027,JPM_EMEA_FR,Interest Rate Swap,Interest Rate,13354253.196437057,64984.819407095696,308667.0426398753,Margined,5.0942595786087015,0.005,Asset Manager,A,63103969.654531784
T0000785,CP0068,JPM_EMEA_UK,Securities Financing,SFT,1418075.1961958003,-33912.28528839127,30920.52297455963,Margined,6.926010529933335,0.03,Asset Manager,AA,32280666.847996987
T0000786,CP0017,JPM_EMEA_CH,FX Forward,FX,6481356.731381458,269795.30608448095,101911.5433388663,Margined,2.6869526075102015,0.04,Corporate,A,144612697.7213879
T0000787,CP0073,JPM_EMEA_UK,Interest Rate Swap,Interest Rate,2178780.5077516874,156350.95657904958,0.0,Unmargined,4.410693474052855,0.005,Asset Manager,A,35958531.21349318
T0000788,CP0034,JPM_EMEA_DE,FX Forward,FX,768917.2133299127,-29881.692208839726,19429.686444268365,Margined,1.8627865660057303,0.04,Corporate,AA,92024698.66007642
T0000789,CP0016,JPM_EMEA_FR,Commodity Future,Commodity,3000632.8879363015,75662.5764678819,0.0,Margined,1.4749451532637843,0.15,Sovereign,BBB,22964503.233860675
T0000790,CP0012,JPM_EMEA_FR,Equity Option,Equity,15044783.604283195,-1515382.147036443,329929.03820185317,Margined,1.0864623745298276,0.08,CCP,AAA,140265615.38898364
T0000791,CP0058,JPM_EMEA_DE,Commodity Future,Commodity,6340999.280426277,148387.93229939413,51934.98070116226,Margined,0.2734675796773545,0.15,Bank,AA,149008823.32725883
T0000792,CP0073,JPM_EMEA_CH,Commodity Future,Commodity,30087317.35789358,-1969377.7409677545,0.0,Unmargined,5.080482709674154,0.15,Asset Manager,A,35958531.21349318
T0000793,CP0070,JPM_EMEA_DE,Interest Rate Swap,Interest Rate,4775623.333155817,-87746.62105204185,0.0,Unmargined,1.064414799157952,0.005,Asset Manager,BBB,54119867.06997241
T0000794,CP0014,JPM_EMEA_FR,Securities Financing,SFT,46251648.87678095,-2125534.4467704087,95120.7624054398,Margined,4.750096893816798,0.03,Sovereign,BBB,65093074.58952882
T0000795,CP0071,JPM_EMEA_DE,FX Forward,FX,4777013.62511792,-36049.2667186858,38349.10831996337,Margined,6.0937816802235165,0.04,Sovereign,A,141785709.5693913
T0000796,CP0019,JPM_EMEA_DE,Equity Option,Equity,4090939.5286200936,120100.90039536366,0.0,Unmargined,5.933867418081777,0.08,CCP,AA,121755579.54253721
T0000797,CP0037,JPM_EMEA_CH,Interest Rate Swap,Interest Rate,1112827.7219418366,-72340.43908719953,11482.531401674722,Margined,2.127806969712374,0.005,CCP,AA,56560391.89907108
T0000798,CP0001,JPM_EMEA_DE,Securities Financing,SFT,12144265.722849052,-152796.59050058178,85351.31652049493,Margined,0.9146230643638654,0.03,Bank,A,95932735.95865563
T0000799,CP0021,JPM_EMEA_DE,Interest Rate Swap,Interest Rate,2420972.2899336508,-43499.80473373598,16885.370317345056,Margined,3.1292981584023174,0.005,Corporate,BBB,83265583.00896084
T0000800,CP0026,JPM_EMEA_CH,Interest Rate Swap,Interest Rate,2094357.2862736476,115894.82908571475,0.0,Unmargined,1.3099599990274937,0.005,Corporate,A,54706836.20194616
T0000801,CP0077,JPM_EMEA_UK,FX Forward,FX,14404273.377490627,217672.12567857344,374584.2849966681,Margined,2.645879886818702,0.04,Hedge Fund,BBB,97919762.89770965
T0000802,CP0023,JPM_EMEA_DE,Interest Rate Swap,Interest Rate,12737074.974128528,-524800.592140676,0.0,Margined,4.003308514327574,0.005,Hedge Fund,A,141917439.14674777
T0000803,CP0023,JPM_EMEA_DE,Interest Rate Swap,Interest Rate,12408053.384993,-204674.60352697136,0.0,Unmargined,4.528211378587202,0.005,Hedge Fund,A,141917439.14674777
T0000804,CP0022,JPM_EMEA_DE,Equity Option,Equity,2784597.189147822,151659.32208802772,37953.9756818251,Margined,1.567350122886945,0.08,Asset Manager,A,83791909.26608771
T0000805,CP0021,JPM_EMEA_FR,FX Forward,FX,3801206.421979319,95040.7510416249,63258.89073803423,Margined,1.629707967779983,0.04,Corporate,BBB,83265583.00896084
T0000806,CP0044,JPM_EMEA_DE,Securities Financing,SFT,3767606.666614029,-121083.98800633622,32061.978663838338,Margined,6.068473647220196,0.03,Asset Manager,AA,24863632.30290337
T0000807,CP0017,JPM_EMEA_CH,FX Forward,FX,8747890.116867624,-81770.63031297788,0.0,Unmargined,6.6169698916549455,0.04,Corporate,A,144612697.7213879
T0000808,CP0024,JPM_EMEA_CH,Equity Option,Equity,18913179.926046297,-155633.15691359885,256086.42500488175,Margined,4.5150002448904685,0.08,CCP,BBB,94324646.8088898
T0000809,CP0043,JPM_EMEA_UK,FX Forward,FX,5780215.21441117,-108837.79621484803,20850.57764265951,Margined,3.9199212552726577,0.04,Sovereign,BBB,49927818.8163345
T0000810,CP0061,JPM_EMEA_FR,Equity Option,Equity,28823339.160634298,-1725290.8756404927,0.0,Unmargined,4.623609121580519,0.08,CCP,BBB,135803023.8142082
T0000811,CP0009,JPM_EMEA_DE,Equity Option,Equity,9810848.656403664,-232681.54335942667,0.0,Unmargined,0.9439122941387561,0.08,Hedge Fund,BBB,33442385.803931713
T0000812,CP0028,JPM_EMEA_FR,FX Forward,FX,3162917.8348102607,153787.31412196698,0.0,Margined,6.284421337435208,0.04,Sovereign,A,87687412.32129991
T0000813,CP0046,JPM_EMEA_DE,Securities Financing,SFT,9161461.947887462,-122214.42502003147,142262.04707494882,Margined,1.4997399007285792,0.03,CCP,AA,68219896.90211704
T0000814,CP0074,JPM_EMEA_CH,FX Forward,FX,22026243.742956925,-79600.13711570918,199026.15886226122,Margined,4.704280236785519,0.04,Bank,A,128044647.3762378
T0000815,CP0076,JPM_EMEA_CH,Interest Rate Swap,Interest Rate,29505696.44282591,145120.74774726588,127297.68913087968,Margined,1.592696128298921,0.005,Asset Manager,BBB,43304880.06050608
T0000816,CP0070,JPM_EMEA_UK,Equity Option,Equity,13107514.683743019,1017601.2315632593,364067.18184515205,Margined,4.955251156652205,0.08,Asset Manager,BBB,54119867.06997241
T0000817,CP0041,JPM_EMEA_UK,Commodity Future,Commodity,4104027.5252485666,1274.7807161424523,0.0,Unmargined,5.286365009908407,0.15,Bank,BBB,34006322.97426655
T0000818,CP0008,JPM_EMEA_UK,Interest Rate Swap,Interest Rate,3220707.664725574,123314.73647770702,0.0,Unmargined,5.200269486275665,0.005,Sovereign,AA,38788144.55258609
T0000819,CP0078,JPM_EMEA_CH,FX Forward,FX,7116128.764314639,-148985.44950016701,0.0,Unmargined,3.029454745507591,0.04,Hedge Fund,BBB,133693065.30887038
T0000820,CP0050,JPM_EMEA_UK,Securities Financing,SFT,21333291.98296007,-193684.405756225,124832.41781692006,Margined,4.268876024332216,0.03,Sovereign,A,143876921.35906684
T0000821,CP0073,JPM_EMEA_FR,Commodity Future,Commodity,6172250.27247401,2711.7492023211707,74382.06736467344,Margined,4.206021055973931,0.15,Asset Manager,A,35958531.21349318
T0000822,CP0074,JPM_EMEA_DE,Securities Financing,SFT,6301742.818444975,-170743.53473873643,0.0,Unmargined,5.056174334028089,0.03,Bank,A,128044647.3762378
T0000823,CP0064,JPM_EMEA_DE,FX Forward,FX,4210966.59114156,-30024.706884919633,58436.69729154336,Margined,3.518056014589304,0.04,CCP,BB,61070776.73800309
T0000824,CP0034,JPM_EMEA_FR,Equity Option,Equity,2881765.993727178,89570.42456334972,31724.99648056174,Margined,3.57569128836164,0.08,Corporate,AA,92024698.66007642
T0000825,CP0049,JPM_EMEA_CH,FX Forward,FX,3401307.2889628904,-95280.00354142927,21709.545717489225,Margined,4.806638832324265,0.04,Sovereign,AA,61228056.066952996
T0000826,CP0056,JPM_EMEA_FR,Securities Financing,SFT,4580097.7759797815,14.271968149362337,78535.96407043119,Margined,1.232548811697544,0.03,Bank,A,25838380.52100277
T0000827,CP0071,JPM_EMEA_FR,FX Forward,FX,22295711.65171131,553060.1616964871,247626.38209606922,Margined,4.584734824801881,0.04,Sovereign,A,141785709.5693913
T0000828,CP0019,JPM_EMEA_FR,Commodity Future,Commodity,3147412.1722923373,-90822.706718625,25289.650381422856,Margined,1.0802052200730992,0.15,CCP,AA,121755579.54253721
T0000829,CP0045,JPM_EMEA_UK,FX Forward,FX,4216082.743151901,161642.43156790725,0.0,Unmargined,5.0876033621047965,0.04,Bank,AAA,92130821.02089284
T0000830,CP0048,JPM_EMEA_FR,Equity Option,Equity,1683570.2725990221,4294.65609319449,18568.94558938221,Margined,2.752946149496075,0.08,CCP,A,125072691.36835924
T0000831,CP0017,JPM_EMEA_DE,Equity Option,Equity,8190094.429017244,-47332.92851385572,169828.92020003655,Margined,5.885099864223443,0.08,Corporate,A,144612697.7213879
T0000832,CP0033,JPM_EMEA_UK,FX Forward,FX,15689215.097466089,-1102719.2005446446,342255.6394619171,Margined,0.664462542672877,0.04,Bank,BBB,38232381.569819406
T0000833,CP0075,JPM_EMEA_DE,Securities Financing,SFT,20303478.11481538,-265497.1213945152,452795.63524266344,Margined,3.2506380365353587,0.03,Sovereign,AA,39926961.16118422
T0000834,CP0002,JPM_EMEA_UK,FX Forward,FX,4902076.47527538,63755.10545518202,85929.78515805912,Margined,1.212161223107565,0.04,Sovereign,BBB,104480058.20212659
T0000835,CP0041,JPM_EMEA_DE,Equity Option,Equity,7103933.49770184,433958.52304412646,85211.1994150106,Margined,6.088599204025917,0.08,Bank,BBB,34006322.97426655
T0000836,CP0049,JPM_EMEA_UK,FX Forward,FX,3430630.4156843955,68187.6231691404,39409.93801365867,Margined,0.9204736733541452,0.04,Sovereign,AA,61228056.066952996
T0000837,CP0073,JPM_EMEA_FR,FX Forward,FX,6782278.048106115,267340.90691738797,68141.81241175119,Margined,3.4221071953725,0.04,Asset Manager,A,35958531.21349318
T0000838,CP0023,JPM_EMEA_DE,FX Forward,FX,5475368.139969403,-231710.24311052987,0.0,Unmargined,0.781496039715167,0.04,Hedge Fund,A,141917439.14674777
T0000839,CP0032,JPM_EMEA_FR,Interest Rate Swap,Interest Rate,4239980.831543976,-18820.37327019836,75261.58660216205,Margined,5.594101554561003,0.005,Hedge Fund,A,136500900.33916968
T0000840,CP0007,JPM_EMEA_FR,Interest Rate Swap,Interest Rate,4590771.319400084,196145.8714496063,64067.539918733164,Margined,2.0101750516366907,0.005,Bank,A,62881957.60326209
T0000841,CP0027,JPM_EMEA_CH,Equity Option,Equity,6285319.301642891,-195289.1086665613,0.0,Unmargined,4.178711417142137,0.08,Asset Manager,A,63103969.654531784
T0000842,CP0080,JPM_EMEA_UK,Equity Option,Equity,2980651.5759789487,100694.73225767279,0.0,Unmargined,1.2324986986637025,0.08,Sovereign,A,60342077.47701232
T0000843,CP0062,JPM_EMEA_FR,Equity Option,Equity,3138665.0588913304,80557.37055386542,0.0,Unmargined,2.4936608688963036,0.08,Sovereign,BBB,136148063.1607222
T0000844,CP0035,JPM_EMEA_DE,Interest Rate Swap,Interest Rate,22057581.49549554,212090.87425476214,21615.18354845041,Margined,0.8401953512274254,0.005,CCP,AAA,34114846.34760766
T0000845,CP0051,JPM_EMEA_DE,FX Forward,FX,60149981.20586979,-692000.9853487132,0.0,Unmargined,3.878275817977984,0.04,Sovereign,AA,57819318.95821542
T0000846,CP0078,JPM_EMEA_CH,Interest Rate Swap,Interest Rate,1199527.1201478187,-41408.07252330073,0.0,Margined,0.07399909417492143,0.005,Hedge Fund,BBB,133693065.30887038
T0000847,CP0036,JPM_EMEA_UK,Commodity Future,Commodity,1135216.2446921596,70540.37953046635,12402.471819750794,Margined,6.9518468647055816,0.15,Bank,AA,107391212.09517552
T0000848,CP0024,JPM_EMEA_DE,Securities Financing,SFT,1535938.4054635176,33967.566778082386,0.0,Unmargined,2.943138095932757,0.03,CCP,BBB,94324646.8088898
T0000849,CP0071,JPM_EMEA_CH,Interest Rate Swap,Interest Rate,3607467.2960519614,43006.65355961238,17218.242988436454,Margined,4.424658019665639,0.005,Sovereign,A,141785709.5693913
T0000850,CP0069,JPM_EMEA_DE,Equity Option,Equity,9796986.830828944,-141563.92411869753,0.0,Unmargined,2.0431279814451897,0.08,Bank,AA,117082649.47537337
T0000851,CP0042,JPM_EMEA_UK,Interest Rate Swap,Interest Rate,7225000.499750853,9576.788994988898,0.0,Unmargined,1.8100747248797484,0.005,Sovereign,A,139081539.86788905
T0000852,CP0001,JPM_EMEA_UK,Interest Rate Swap,Interest Rate,4750859.257014391,27389.199838954424,2543.00167763466,Margined,5.9306377991636525,0.005,Bank,A,95932735.95865563
T0000853,CP0002,JPM_EMEA_DE,Interest Rate Swap,Interest Rate,6788499.348437016,95009.45388443826,219663.17281125847,Margined,5.319371070246781,0.005,Sovereign,BBB,104480058.20212659
T0000854,CP0010,JPM_EMEA_UK,Interest Rate Swap,Interest Rate,2002123.1740331985,51458.389821155935,0.0,Unmargined,4.520879592912729,0.005,Bank,AA,96393794.38310257
T0000855,CP0056,JPM_EMEA_FR,Equity Option,Equity,3133565.8000692967,-85817.41045316438,10449.488012207981,Margined,5.278519110085992,0.08,Bank,A,25838380.52100277
T0000856,CP0015,JPM_EMEA_UK,Securities Financing,SFT,3920424.005981158,-201238.868270803,26036.77590297884,Margined,1.2684264131980645,0.03,Sovereign,BBB,96819013.89258417
T0000857,CP0006,JPM_EMEA_CH,Interest Rate Swap,Interest Rate,820433.8627350489,2420.14025277198,8708.787513863499,Margined,6.541941117942172,0.005,CCP,BBB,84218806.50178745
T0000858,CP0055,JPM_EMEA_DE,FX Forward,FX,1252302.8750454672,-76581.58532013798,0.0,Unmargined,3.210481156393881,0.04,Asset Manager,A,41399016.28566236
T0000859,CP0039,JPM_EMEA_UK,Equity Option,Equity,1303076.8814825267,-14761.430600484446,0.0,Unmargined,6.087546091421187,0.08,Hedge Fund,A,114509299.85729474
T0000860,CP0043,JPM_EMEA_UK,Securities Financing,SFT,8588315.226496994,-153057.89698941947,97602.42660138234,Margined,5.165595602810384,0.03,Sovereign,BBB,49927818.8163345
T0000861,CP0016,JPM_EMEA_FR,Equity Option,Equity,5112299.534233637,87988.74188834894,0.0,Unmargined,2.0371527206657327,0.08,Sovereign,BBB,22964503.233860675
T0000862,CP0018,JPM_EMEA_FR,Interest Rate Swap,Interest Rate,7369542.005526554,511379.1246567071,0.0,Unmargined,4.006752449072834,0.005,Bank,A,82699446.80257703
T0000863,CP0020,JPM_EMEA_UK,Equity Option,Equity,635488.9167669668,-43251.8026198886,9793.83001956483,Margined,6.768188297993347,0.08,Asset Manager,AA,30754899.989917014
T0000864,CP0052,JPM_EMEA_DE,FX Forward,FX,907308.8896553933,72218.5903155187,18305.720398787817,Margined,0.30776256005534725,0.04,Hedge Fund,BBB,86957426.80012289
T0000865,CP0079,JPM_EMEA_CH,Securities Financing,SFT,7764094.225016303,-63336.61239187751,167403.3315564106,Margined,3.0140480233534714,0.03,Corporate,A,45536506.54289452
T0000866,CP0074,JPM_EMEA_CH,FX Forward,FX,248484.38298622152,3024.8759025416525,0.0,Unmargined,4.362750198558883,0.04,Bank,A,128044647.3762378
T0000867,CP0010,JPM_EMEA_FR,Equity Option,Equity,13611618.353197392,-674035.4377191697,133719.260202775,Margined,2.4122776200593865,0.08,Bank,AA,96393794.38310257
T0000868,CP0055,JPM_EMEA_FR,Interest Rate Swap,Interest Rate,645956.7147968533,22537.755960222115,7723.113981291425,Margined,2.2595168786243987,0.005,Asset Manager,A,41399016.28566236
T0000869,CP0061,JPM_EMEA_FR,FX Forward,FX,9296511.78617421,13494.247304871978,0.0,Margined,5.2534068338822975,0.04,CCP,BBB,135803023.8142082
T0000870,CP0004,JPM_EMEA_DE,Securities Financing,SFT,1644949.5850520588,-3538.8777384938944,17159.981967328462,Margined,6.418471916888025,0.03,Asset Manager,A,74054962.28217925
T0000871,CP0051,JPM_EMEA_UK,Equity Option,Equity,11418080.140361963,-774242.6476647203,236697.1829412183,Margined,3.7865169080824015,0.08,Sovereign,AA,57819318.95821542
T0000872,CP0036,JPM_EMEA_FR,FX Forward,FX,98934228.92260845,255536.08062291768,1897033.351904967,Margined,6.640057669943239,0.04,Bank,AA,107391212.09517552
T0000873,CP0016,JPM_EMEA_FR,Securities Financing,SFT,411937.6528980312,12194.998706368644,4658.233421697968,Margined,0.7538869476637937,0.03,Sovereign,BBB,22964503.233860675
T0000874,CP0064,JPM_EMEA_CH,Securities Financing,SFT,8017859.644215959,-66305.71276808751,0.0,Unmargined,1.6309190803543683,0.03,CCP,BB,61070776.73800309
T0000875,CP0075,JPM_EMEA_UK,FX Forward,FX,655820.3708400765,26952.234760518273,0.0,Unmargined,0.6595980152512569,0.04,Sovereign,AA,39926961.16118422
T0000876,CP0048,JPM_EMEA_CH,FX Forward,FX,6129194.1626477605,243030.70660569298,0.0,Unmargined,3.076963280921662,0.04,CCP,A,125072691.36835924
T0000877,CP0017,JPM_EMEA_DE,FX Forward,FX,3252819.626400667,-72987.86751809971,26851.070071414993,Margined,4.405667299249139,0.04,Corporate,A,144612697.7213879
T0000878,CP0035,JPM_EMEA_DE,Equity Option,Equity,4554322.051778566,254263.1777776499,13755.326901652428,Margined,1.443279847849901,0.08,CCP,AAA,34114846.34760766
T0000879,CP0042,JPM_EMEA_CH,FX Forward,FX,1607384.1157439253,2548.224216276381,0.0,Unmargined,3.1673438392839066,0.04,Sovereign,A,139081539.86788905
T0000880,CP0073,JPM_EMEA_FR,Interest Rate Swap,Interest Rate,8730612.001128023,15200.726923457521,124916.3261458345,Margined,4.806542435367851,0.005,Asset Manager,A,35958531.21349318
T0000881,CP0064,JPM_EMEA_UK,Securities Financing,SFT,939823.2278791055,3255.869824407166,15864.061552391115,Margined,4.494436562964662,0.03,CCP,BB,61070776.73800309
T0000882,CP0054,JPM_EMEA_DE,Securities Financing,SFT,13845103.386479575,33588.93083319751,120245.14912685685,Margined,4.4235095404311116,0.03,Asset Manager,A,141685664.10636523
T0000883,CP0062,JPM_EMEA_FR,Commodity Future,Commodity,2656591.883550656,-244551.68247841927,30644.892958077744,Margined,4.26192424570688,0.15,Sovereign,BBB,136148063.1607222
T0000884,CP0056,JPM_EMEA_UK,Securities Financing,SFT,983737.371650161,-6387.135180280543,0.0,Margined,6.906941732228361,0.03,Bank,A,25838380.52100277
T0000885,CP0026,JPM_EMEA_UK,Commodity Future,Commodity,19712070.906349607,-941017.3346656483,0.0,Unmargined,5.011754444585584,0.15,Corporate,A,54706836.20194616
T0000886,CP0011,JPM_EMEA_DE,Commodity Future,Commodity,3739499.2358749583,212858.83904990903,0.0,Unmargined,6.3583273530240705,0.15,Corporate,AA,42177085.909795195
T0000887,CP0068,JPM_EMEA_FR,Commodity Future,Commodity,26948572.609678,1495993.543358093,0.0,Unmargined,6.66452498114267,0.15,Asset Manager,AA,32280666.847996987
T0000888,CP0045,JPM_EMEA_UK,FX Forward,FX,13567137.257084448,404542.7501848811,0.0,Unmargined,6.024767825577394,0.04,Bank,AAA,92130821.02089284
T0000889,CP0077,JPM_EMEA_FR,FX Forward,FX,1800651.7025246532,-15028.887896433622,17893.44615215632,Margined,0.7114182343988675,0.04,Hedge Fund,BBB,97919762.89770965
T0000890,CP0055,JPM_EMEA_FR,Interest Rate Swap,Interest Rate,3674086.6096564624,-129623.6963318275,95946.91816122242,Margined,3.7282494106504123,0.005,Asset Manager,A,41399016.28566236
T0000891,CP0038,JPM_EMEA_DE,Equity Option,Equity,4514670.931316451,-103906.66410057287,15850.938556256966,Margined,2.7015117455742694,0.08,Sovereign,BBB,105724942.50994723
T0000892,CP0052,JPM_EMEA_FR,Interest Rate Swap,Interest Rate,18404543.456300218,1251370.308539674,0.0,Unmargined,0.7246257803003723,0.005,Hedge Fund,BBB,86957426.80012289
T0000893,CP0053,JPM_EMEA_FR,Interest Rate Swap,Interest Rate,6195430.935507179,-150096.1385673044,20282.931260840385,Margined,3.9712522883019603,0.005,Asset Manager,A,53275461.77378836
T0000894,CP0079,JPM_EMEA_DE,Equity Option,Equity,4771148.168961368,-393361.30616625404,0.0,Unmargined,1.5291304690326364,0.08,Corporate,A,45536506.54289452
T0000895,CP0030,JPM_EMEA_CH,FX Forward,FX,3275317.3790376047,118094.16476295624,46557.167987452594,Margined,4.093073651248142,0.04,Asset Manager,A,22809570.384442955
T0000896,CP0031,JPM_EMEA_FR,Interest Rate Swap,Interest Rate,3802798.8126234673,199713.90105813794,39203.418305987325,Margined,5.730852779276743,0.005,Asset Manager,AA,127417950.14526652
T0000897,CP0029,JPM_EMEA_CH,Commodity Future,Commodity,14744740.55709177,856264.669243449,0.0,Unmargined,2.78717456133464,0.15,Corporate,AAA,77058489.83965607
T0000898,CP0009,JPM_EMEA_FR,Securities Financing,SFT,4014848.896385786,145908.361862368,0.0,Unmargined,6.651308577504539,0.03,Hedge Fund,BBB,33442385.803931713
T0000899,CP0038,JPM_EMEA_CH,Interest Rate Swap,Interest Rate,2694727.510093312,113321.88448570507,0.0,Unmargined,5.37695625167313,0.005,Sovereign,BBB,105724942.50994723
T0000900,CP0036,JPM_EMEA_DE,Interest Rate Swap,Interest Rate,2274561.2928651916,4214.062857054609,43383.099396878984,Margined,5.639760494631393,0.005,Bank,AA,107391212.09517552
T0000901,CP0016,JPM_EMEA_UK,FX Forward,FX,2299126.3599671056,-167078.3099668907,21970.82407869678,Margined,0.8304251504249398,0.04,Sovereign,BBB,22964503.233860675
T0000902,CP0066,JPM_EMEA_UK,Commodity Future,Commodity,984322.5559103759,960.537831075784,11043.662340856961,Margined,6.596017929659964,0.15,Hedge Fund,BBB,106015964.21180893
T0000903,CP0056,JPM_EMEA_CH,Commodity Future,Commodity,1888757.211617484,41090.00197582865,0.0,Unmargined,0.28997769567318066,0.15,Bank,A,25838380.52100277
T0000904,CP0020,JPM_EMEA_CH,Interest Rate Swap,Interest Rate,17898459.304540157,-84739.3960900857,247285.14255585172,Margined,5.915071667018126,0.005,Asset Manager,AA,30754899.989917014
T0000905,CP0014,JPM_EMEA_DE,Commodity Future,Commodity,3253382.097246821,-20591.514693507244,55807.9419369954,Margined,0.25607210729263474,0.15,Sovereign,BBB,65093074.58952882
T0000906,CP0050,JPM_EMEA_DE,Interest Rate Swap,Interest Rate,8090625.369889005,-273011.1253117247,117603.02626269878,Margined,1.17907917182253,0.005,Sovereign,A,143876921.35906684
T0000907,CP0001,JPM_EMEA_UK,FX Forward,FX,335389.6942595073,-11759.049779186777,0.0,Unmargined,2.2416484060210164,0.04,Bank,A,95932735.95865563
T0000908,CP0013,JPM_EMEA_CH,Securities Financing,SFT,7061134.058252137,454279.45786090975,66353.61716790078,Margined,5.177435944160587,0.03,Sovereign,BBB,95537948.16105135
T0000909,CP0036,JPM_EMEA_DE,Interest Rate Swap,Interest Rate,3403967.478474322,223307.49302639425,0.0,Unmargined,6.300971891358568,0.005,Bank,AA,107391212.09517552
T0000910,CP0080,JPM_EMEA_DE,Interest Rate Swap,Interest Rate,2471571.883299363,-228.9901305745437,1430.7652272057712,Margined,4.682166405699411,0.005,Sovereign,A,60342077.47701232
T0000911,CP0007,JPM_EMEA_UK,FX Forward,FX,4793468.77047851,47231.61132079147,0.0,Margined,5.107991429731342,0.04,Bank,A,62881957.60326209
T0000912,CP0043,JPM_EMEA_UK,Equity Option,Equity,2436272.2563861352,-83637.30451342344,0.0,Unmargined,2.063921138838025,0.08,Sovereign,BBB,49927818.8163345
T0000913,CP0045,JPM_EMEA_CH,Securities Financing,SFT,478269.66216714657,10756.341973917666,0.0,Margined,6.8288667363284095,0.03,Bank,AAA,92130821.02089284
T0000914,CP0021,JPM_EMEA_UK,Securities Financing,SFT,10059749.88756875,619557.0694707236,216785.4773278096,Margined,2.883752815074431,0.03,Corporate,BBB,83265583.00896084
T0000915,CP0042,JPM_EMEA_UK,Interest Rate Swap,Interest Rate,5100364.064956618,-272987.18009694235,27710.52232141461,Margined,6.39475093518696,0.005,Sovereign,A,139081539.86788905
T0000916,CP0051,JPM_EMEA_CH,Interest Rate Swap,Interest Rate,2922244.26908265,47445.31099274644,62803.493880047376,Margined,5.4658172100563105,0.005,Sovereign,AA,57819318.95821542
T0000917,CP0011,JPM_EMEA_FR,Commodity Future,Commodity,1522127.4417985638,28716.1191544437,0.0,Unmargined,2.60250255927334,0.15,Corporate,AA,42177085.909795195
T0000918,CP0077,JPM_EMEA_UK,Interest Rate Swap,Interest Rate,919832.9927958696,16985.84578632145,9308.01889469157,Margined,2.434790048149941,0.005,Hedge Fund,BBB,97919762.89770965
T0000919,CP0020,JPM_EMEA_DE,Securities Financing,SFT,5003747.182205535,287708.5496730986,118249.53026243259,Margined,4.772392984168596,0.03,Asset Manager,AA,30754899.989917014
T0000920,CP0030,JPM_EMEA_FR,Equity Option,Equity,20080221.413776837,1430929.3776007586,0.0,Unmargined,6.586275535257606,0.08,Asset Manager,A,22809570.384442955
T0000921,CP0002,JPM_EMEA_UK,Interest Rate Swap,Interest Rate,4901105.72518652,-40051.48666257588,45589.47925984378,Margined,4.722794015349658,0.005,Sovereign,BBB,104480058.20212659
T0000922,CP0048,JPM_EMEA_CH,Commodity Future,Commodity,1003539.0025609407,23644.461242712696,0.0,Margined,6.00911784295524,0.15,CCP,A,125072691.36835924
T0000923,CP0048,JPM_EMEA_CH,Interest Rate Swap,Interest Rate,5009875.6185822245,14770.013600293518,0.0,Unmargined,6.765665573830698,0.005,CCP,A,125072691.36835924
T0000924,CP0010,JPM_EMEA_CH,FX Forward,FX,3792219.2388471584,-83899.19212693977,0.0,Unmargined,2.343518271117603,0.04,Bank,AA,96393794.38310257
T0000925,CP0024,JPM_EMEA_FR,Equity Option,Equity,9490943.111550862,89959.8614866112,87450.21789703239,Margined,3.79251609905331,0.08,CCP,BBB,94324646.8088898
T0000926,CP0062,JPM_EMEA_CH,FX Forward,FX,7337715.383567789,172454.53471171754,83836.38597459141,Margined,4.283301556772713,0.04,Sovereign,BBB,136148063.1607222
T0000927,CP0058,JPM_EMEA_DE,Equity Option,Equity,201991.80070177335,1533.6235526935907,2882.0757393096824,Margined,1.559377756941484,0.08,Bank,AA,149008823.32725883
T0000928,CP0025,JPM_EMEA_FR,Equity Option,Equity,6900104.563013687,-212808.48695459776,10883.456923626334,Margined,5.592963931730262,0.08,Sovereign,A,81553622.137404
T0000929,CP0051,JPM_EMEA_FR,Securities Financing,SFT,1466406.6487789103,-23791.894153880003,0.0,Unmargined,1.869218825897227,0.03,Sovereign,AA,57819318.95821542
T0000930,CP0060,JPM_EMEA_FR,Securities Financing,SFT,965186.0673444056,-15401.24214830289,8342.176683462863,Margined,4.962778768566295,0.03,Sovereign,BB,117319042.5294034
T0000931,CP0030,JPM_EMEA_CH,FX Forward,FX,3312890.101093667,-97682.34836556455,47538.72162109877,Margined,3.690578236199079,0.04,Asset Manager,A,22809570.384442955
T0000932,CP0015,JPM_EMEA_UK,Interest Rate Swap,Interest Rate,6033127.120819733,66206.84536324712,44497.88796258245,Margined,5.864863802137873,0.005,Sovereign,BBB,96819013.89258417
T0000933,CP0002,JPM_EMEA_DE,Equity Option,Equity,775350.3795378299,11346.41803925684,0.0,Margined,3.605307678048614,0.08,Sovereign,BBB,104480058.20212659
T0000934,CP0077,JPM_EMEA_CH,Securities Financing,SFT,8091958.398098708,277417.5486804626,0.0,Unmargined,4.127337751957252,0.03,Hedge Fund,BBB,97919762.89770965
T0000935,CP0026,JPM_EMEA_UK,FX Forward,FX,8581710.122804822,-257595.32353638057,146972.2635792778,Margined,1.308452720804477,0.04,Corporate,A,54706836.20194616
T0000936,CP0065,JPM_EMEA_DE,FX Forward,FX,4192388.2407768043,-84735.51987056909,63525.08195816985,Margined,5.666897987211465,0.04,Asset Manager,BBB,120361616.17442845
T0000937,CP0026,JPM_EMEA_CH,FX Forward,FX,1679793.2676832527,91397.4354825048,20573.178913898857,Margined,2.8447643471933883,0.04,Corporate,A,54706836.20194616
T0000938,CP0057,JPM_EMEA_FR,Interest Rate Swap,Interest Rate,1502178.453590415,-8648.574995027742,28819.375987687945,Margined,4.079224126589228,0.005,Corporate,A,76562617.80039492
T0000939,CP0027,JPM_EMEA_DE,Equity Option,Equity,11158778.445795465,11767.891791696793,0.0,Unmargined,5.930108424607093,0.08,Asset Manager,A,63103969.654531784
T0000940,CP0049,JPM_EMEA_DE,FX Forward,FX,882560.1574851144,-5408.8848775910865,0.0,Unmargined,3.3817546001804044,0.04,Sovereign,AA,61228056.066952996
T0000941,CP0077,JPM_EMEA_UK,Commodity Future,Commodity,11597213.131212767,459899.996113159,0.0,Unmargined,1.9575292777836208,0.15,Hedge Fund,BBB,97919762.89770965
T0000942,CP0061,JPM_EMEA_FR,Commodity Future,Commodity,3390899.420518284,139071.9881738211,66641.15579046473,Margined,1.8945816035929077,0.15,CCP,BBB,135803023.8142082
T0000943,CP0014,JPM_EMEA_UK,Commodity Future,Commodity,3634457.5185203413,141606.76428020105,0.0,Unmargined,3.985965748547083,0.15,Sovereign,BBB,65093074.58952882
T0000944,CP0042,JPM_EMEA_UK,FX Forward,FX,724847.9688222292,674.0117695141943,5468.495986840861,Margined,2.073868186576525,0.04,Sovereign,A,139081539.86788905
T0000945,CP0022,JPM_EMEA_UK,FX Forward,FX,3454154.5743342564,-105473.50528600949,303.1436097007245,Margined,2.4029219748007087,0.04,Asset Manager,A,83791909.26608771
T0000946,CP0018,JPM_EMEA_CH,Commodity Future,Commodity,7388168.557622886,497832.9554738858,153967.14388023235,Margined,1.6818958776546833,0.15,Bank,A,82699446.80257703
T0000947,CP0067,JPM_EMEA_CH,Commodity Future,Commodity,1051149.4432468947,31503.80465309385,0.0,Unmargined,3.151693506048601,0.15,CCP,A,68575504.7535823
T0000948,CP0079,JPM_EMEA_UK,FX Forward,FX,6585894.917372402,-105262.78225836091,0.0,Unmargined,3.2892712301536067,0.04,Corporate,A,45536506.54289452
T0000949,CP0075,JPM_EMEA_CH,Securities Financing,SFT,4372376.2026716145,217891.50751532783,134760.12138401222,Margined,3.705147556432408,0.03,Sovereign,AA,39926961.16118422
T0000950,CP0068,JPM_EMEA_CH,Interest Rate Swap,Interest Rate,2101263.3252176656,-39390.93796027435,0.0,Unmargined,4.1703394707023005,0.005,Asset Manager,AA,32280666.847996987
T0000951,CP0038,JPM_EMEA_FR,Securities Financing,SFT,9402423.24064303,464241.0662328333,0.0,Unmargined,4.135939727119648,0.03,Sovereign,BBB,105724942.50994723
T0000952,CP0043,JPM_EMEA_UK,Interest Rate Swap,Interest Rate,442213.5327210635,22880.110772358796,0.0,Unmargined,2.6024006404861586,0.005,Sovereign,BBB,49927818.8163345
T0000953,CP0044,JPM_EMEA_FR,Interest Rate Swap,Interest Rate,5657460.461783147,-182463.83214499726,116361.57850550418,Margined,6.309719456874823,0.005,Asset Manager,AA,24863632.30290337
T0000954,CP0059,JPM_EMEA_FR,FX Forward,FX,20200947.70090806,411322.41688634094,0.0,Unmargined,3.606012855734905,0.04,Sovereign,AA,135918044.6131388
T0000955,CP0005,JPM_EMEA_CH,Interest Rate Swap,Interest Rate,16881823.325038146,462168.184476683,0.0,Unmargined,5.833207102511502,0.005,Asset Manager,BBB,25409842.60204602
T0000956,CP0067,JPM_EMEA_DE,Interest Rate Swap,Interest Rate,5906781.405664642,540599.3963166286,166374.73890296416,Margined,3.9237819008698795,0.005,CCP,A,68575504.7535823
T0000957,CP0065,JPM_EMEA_FR,Interest Rate Swap,Interest Rate,2958296.467687742,-76858.13709899159,28905.02195370878,Margined,2.625761718530497,0.005,Asset Manager,BBB,120361616.17442845
T0000958,CP0080,JPM_EMEA_CH,FX Forward,FX,2118041.4229635294,106196.51003012966,0.0,Unmargined,5.183603846324575,0.04,Sovereign,A,60342077.47701232
T0000959,CP0048,JPM_EMEA_FR,Commodity Future,Commodity,2954615.627833341,1793.7785586916336,0.0,Unmargined,1.279872573156242,0.15,CCP,A,125072691.36835924
T0000960,CP0037,JPM_EMEA_FR,Interest Rate Swap,Interest Rate,6890210.31365405,-299364.1105247653,131656.40542204978,Margined,6.7892782249457,0.005,CCP,AA,56560391.89907108
T0000961,CP0039,JPM_EMEA_CH,Equity Option,Equity,1784343.4914244208,-7493.441394188643,0.0,Unmargined,4.027502797500889,0.08,Hedge Fund,A,114509299.85729474
T0000962,CP0050,JPM_EMEA_DE,Commodity Future,Commodity,8531098.885473218,735.9492234734164,172171.9361341129,Margined,0.7739514012438182,0.15,Sovereign,A,143876921.35906684
T0000963,CP0025,JPM_EMEA_UK,Interest Rate Swap,Interest Rate,33766016.88530754,-1251407.6449146094,0.0,Margined,2.9784399410928013,0.005,Sovereign,A,81553622.137404
T0000964,CP0063,JPM_EMEA_CH,Interest Rate Swap,Interest Rate,3759970.554016305,41081.7265117861,61622.55060744882,Margined,5.0021408353997465,0.005,Asset Manager,AA,87451586.85023838
T0000965,CP0036,JPM_EMEA_UK,Securities Financing,SFT,1042789.7334336145,34957.77803775652,7143.5826328634075,Margined,0.5233625365312327,0.03,Bank,AA,107391212.09517552
T0000966,CP0023,JPM_EMEA_FR,Commodity Future,Commodity,1042424.8802740372,8690.720090212677,18601.176665023388,Margined,1.8665942112446434,0.15,Hedge Fund,A,141917439.14674777
T0000967,CP0059,JPM_EMEA_CH,FX Forward,FX,8695971.85120276,-164915.13321457998,103408.38073070542,Margined,6.47440045378328,0.04,Sovereign,AA,135918044.6131388
T0000968,CP0027,JPM_EMEA_CH,Commodity Future,Commodity,3768014.414305575,-19580.5712857724,29078.854989567484,Margined,2.5256107188477355,0.15,Asset Manager,A,63103969.654531784
T0000969,CP0007,JPM_EMEA_FR,Interest Rate Swap,Interest Rate,9613085.63394926,-1528.64872723609,85628.78201014666,Margined,1.1561802671891834,0.005,Bank,A,62881957.60326209
T0000970,CP0042,JPM_EMEA_DE,FX Forward,FX,2345878.859744599,17843.357408557902,12191.2828314815,Margined,0.7337597361816979,0.04,Sovereign,A,139081539.86788905
T0000971,CP0041,JPM_EMEA_UK,Commodity Future,Commodity,9178996.717799189,356549.65233698365,0.0,Unmargined,4.352485445820055,0.15,Bank,BBB,34006322.97426655
T0000972,CP0024,JPM_EMEA_UK,Interest Rate Swap,Interest Rate,3414377.4839666374,32497.673983491626,12328.979769802918,Margined,3.9290252605300653,0.005,CCP,BBB,94324646.8088898
T0000973,CP0003,JPM_EMEA_DE,Commodity Future,Commodity,1922815.091651633,-94399.41862883257,18965.438402114018,Margined,4.551804326971397,0.15,Corporate,BBB,30977761.748185582
T0000974,CP0039,JPM_EMEA_CH,FX Forward,FX,2678604.3188351425,-52718.24782003206,39541.33365981271,Margined,6.7083554706516155,0.04,Hedge Fund,A,114509299.85729474
T0000975,CP0062,JPM_EMEA_FR,Commodity Future,Commodity,1208330.923989303,7021.292944106284,30097.053734166766,Margined,0.4678219323318268,0.15,Sovereign,BBB,136148063.1607222
T0000976,CP0065,JPM_EMEA_DE,FX Forward,FX,29243400.365836214,1150562.7831093404,348745.4227202631,Margined,1.4238135763591195,0.04,Asset Manager,BBB,120361616.17442845
T0000977,CP0017,JPM_EMEA_DE,FX Forward,FX,3632468.873600848,165003.53805583014,0.0,Unmargined,1.6750790527475548,0.04,Corporate,A,144612697.7213879
T0000978,CP0035,JPM_EMEA_DE,Interest Rate Swap,Interest Rate,7620244.454309953,473323.7646331941,108124.24995896955,Margined,3.0182676425263333,0.005,CCP,AAA,34114846.34760766
T0000979,CP0073,JPM_EMEA_CH,Interest Rate Swap,Interest Rate,2338302.475400235,10689.558921390964,0.0,Margined,0.8911330623844114,0.005,Asset Manager,A,35958531.21349318
T0000980,CP0028,JPM_EMEA_DE,Commodity Future,Commodity,1397055.125122323,37323.474849102866,3368.0685466214145,Margined,2.8985959600486964,0.15,Sovereign,A,87687412.32129991
T0000981,CP0039,JPM_EMEA_CH,Interest Rate Swap,Interest Rate,3165825.5225686454,-161160.00065225462,28483.147531090668,Margined,5.722552669621036,0.005,Hedge Fund,A,114509299.85729474
T0000982,CP0055,JPM_EMEA_UK,Interest Rate Swap,Interest Rate,12031002.916888641,181016.72612178678,75750.16354573441,Margined,1.1874219005501043,0.005,Asset Manager,A,41399016.28566236
T0000983,CP0037,JPM_EMEA_DE,Interest Rate Swap,Interest Rate,2376342.5683867354,-89431.85497958459,0.0,Unmargined,6.420234241318424,0.005,CCP,AA,56560391.89907108
T0000984,CP0068,JPM_EMEA_FR,Interest Rate Swap,Interest Rate,1674914.9508743046,-3666.1741894849874,31592.629709542718,Margined,6.383211234697354,0.005,Asset Manager,AA,32280666.847996987
T0000985,CP0029,JPM_EMEA_FR,Commodity Future,Commodity,4672800.662346417,495524.07906135224,65783.93929155216,Margined,3.615261252641622,0.15,Corporate,AAA,77058489.83965607
T0000986,CP0040,JPM_EMEA_UK,FX Forward,FX,6588442.395905691,69998.2359710829,86454.34476581446,Margined,6.0280950285835475,0.04,Corporate,BBB,119924173.94929542
T0000987,CP0042,JPM_EMEA_FR,Securities Financing,SFT,20679492.93949977,-625212.6778480163,133342.83439101974,Margined,4.994930663489788,0.03,Sovereign,A,139081539.86788905
T0000988,CP0060,JPM_EMEA_CH,Interest Rate Swap,Interest Rate,5697598.894386577,81319.63663210672,71989.9808741571,Margined,2.5293322618604344,0.005,Sovereign,BB,117319042.5294034
T0000989,CP0028,JPM_EMEA_UK,Equity Option,Equity,7616272.217171048,-137836.48822331635,122740.76360668942,Margined,3.954172913810196,0.08,Sovereign,A,87687412.32129991
T0000990,CP0023,JPM_EMEA_DE,FX Forward,FX,8211779.091002866,-276129.64470809454,81139.20607817735,Margined,0.8604850608914194,0.04,Hedge Fund,A,141917439.14674777
T0000991,CP0029,JPM_EMEA_DE,FX Forward,FX,1262733.7066161341,92949.68124851899,19643.815291510575,Margined,3.495548490256762,0.04,Corporate,AAA,77058489.83965607
T0000992,CP0019,JPM_EMEA_DE,Securities Financing,SFT,1526476.7324362798,56996.23075927899,0.0,Unmargined,5.81835441987878,0.03,CCP,AA,121755579.54253721
T0000993,CP0016,JPM_EMEA_DE,Securities Financing,SFT,1353099.7499833766,16364.09323121448,17292.455820867977,Margined,4.1174179839630245,0.03,Sovereign,BBB,22964503.233860675
T0000994,CP0066,JPM_EMEA_CH,Securities Financing,SFT,1055641.4645514027,-14476.871918679235,22316.2460597014,Margined,2.705112764984814,0.03,Hedge Fund,BBB,106015964.21180893
T0000995,CP0028,JPM_EMEA_CH,Interest Rate Swap,Interest Rate,8861838.387067221,-96395.81596749334,0.0,Unmargined,4.661739504508985,0.005,Sovereign,A,87687412.32129991
T0000996,CP0022,JPM_EMEA_FR,Interest Rate Swap,Interest Rate,5345977.73431411,288612.58005062316,120929.81434445392,Margined,6.839145333863814,0.005,Asset Manager,A,83791909.26608771
T0000997,CP0065,JPM_EMEA_CH,Equity Option,Equity,4330965.187470311,46472.18250099641,61865.87717669192,Margined,0.5189966285524727,0.08,Asset Manager,BBB,120361616.17442845
T0000998,CP0064,JPM_EMEA_CH,Interest Rate Swap,Interest Rate,299266.09417607693,-32290.26689826749,3666.8810084468146,Margined,2.3460320407822537,0.005,CCP,BB,61070776.73800309
T0000999,CP0020,JPM_EMEA_UK,Commodity Future,Commodity,31242246.073261306,2647244.489205728,262737.5628502984,Margined,1.133777867027011,0.15,Asset Manager,AA,30754899.989917014
T0001000,CP0025,JPM_EMEA_DE,Equity Option,Equity,1635620.6863130922,10479.72022821854,0.0,Unmargined,6.7007852464352995,0.08,Sovereign,A,81553622.137404
T0001001,CP0066,JPM_EMEA_CH,Equity Option,Equity,31127980.74349662,374093.43294494366,38623.674110047636,Margined,3.844017980096917,0.08,Hedge Fund,BBB,106015964.21180893
T0001002,CP0023,JPM_EMEA_DE,Commodity Future,Commodity,938993.1267728136,35713.963625022865,10005.497812510752,Margined,0.9512004818608367,0.15,Hedge Fund,A,141917439.14674777
T0001003,CP0069,JPM_EMEA_FR,Equity Option,Equity,1775164.691493746,28915.83332277116,0.0,Unmargined,4.304581906468876,0.08,Bank,AA,117082649.47537337
T0001004,CP0050,JPM_EMEA_DE,Interest Rate Swap,Interest Rate,441951.54863327375,11553.40971006187,10296.491820372095,Margined,3.527920320308141,0.005,Sovereign,A,143876921.35906684
T0001005,CP0054,JPM_EMEA_UK,Interest Rate Swap,Interest Rate,5745513.7739739055,-85207.81563354054,0.0,Unmargined,0.4622772615594144,0.005,Asset Manager,A,141685664.10636523
T0001006,CP0043,JPM_EMEA_FR,Equity Option,Equity,1329811.9487354637,-57238.87807083256,8654.56359610425,Margined,6.058376914003481,0.08,Sovereign,BBB,49927818.8163345
T0001007,CP0003,JPM_EMEA_DE,FX Forward,FX,1367923.9246547483,13416.799418740604,25370.34568650077,Margined,4.978914023533396,0.04,Corporate,BBB,30977761.748185582
T0001008,CP0066,JPM_EMEA_CH,Interest Rate Swap,Interest Rate,1013875.5277597102,50801.76713932019,0.0,Unmargined,0.08640962753142392,0.005,Hedge Fund,BBB,106015964.21180893
T0001009,CP0045,JPM_EMEA_CH,FX Forward,FX,8702840.127796855,-197320.27349951217,151959.68874782964,Margined,6.719722150961511,0.04,Bank,AAA,92130821.02089284
T0001010,CP0014,JPM_EMEA_UK,Commodity Future,Commodity,8147881.97155767,-207614.8753788708,150313.2821834666,Margined,1.1569135472283034,0.15,Sovereign,BBB,65093074.58952882
T0001011,CP0067,JPM_EMEA_DE,Commodity Future,Commodity,24491552.2556268,1046662.9957252711,537264.8751879596,Margined,0.05182094921336971,0.15,CCP,A,68575504.7535823
T0001012,CP0024,JPM_EMEA_DE,Equity Option,Equity,2014936.6184631134,-32246.203760941222,0.0,Unmargined,3.0195373044568554,0.08,CCP,BBB,94324646.8088898
T0001013,CP0030,JPM_EMEA_FR,FX Forward,FX,4978425.777693328,-71537.97204122586,0.0,Unmargined,1.0284381344561393,0.04,Asset Manager,A,22809570.384442955
T0001014,CP0052,JPM_EMEA_DE,Interest Rate Swap,Interest Rate,1101815.3786587205,-14389.76344367088,0.0,Margined,4.012528106450064,0.005,Hedge Fund,BBB,86957426.80012289
T0001015,CP0023,JPM_EMEA_FR,FX Forward,FX,2861240.689793581,-6507.417940543171,64005.16868366305,Margined,2.214435825592297,0.04,Hedge Fund,A,141917439.14674777
T0001016,CP0001,JPM_EMEA_CH,FX Forward,FX,2380829.7177645597,-131129.75203055036,28093.472156155494,Margined,1.3369877015521137,0.04,Bank,A,95932735.95865563
T0001017,CP0026,JPM_EMEA_FR,Equity Option,Equity,6364555.016802146,-120143.09366638052,76184.84381536576,Margined,6.8981475655600155,0.08,Corporate,A,54706836.20194616
T0001018,CP0055,JPM_EMEA_UK,Equity Option,Equity,11059791.75812992,89173.78117963744,0.0,Margined,2.3624666623807142,0.08,Asset Manager,A,41399016.28566236
T0001019,CP0034,JPM_EMEA_DE,Interest Rate Swap,Interest Rate,10776426.876454521,84199.75533335345,0.0,Unmargined,2.9323961898362163,0.005,Corporate,AA,92024698.66007642
T0001020,CP0057,JPM_EMEA_CH,Interest Rate Swap,Interest Rate,1721992.5659642343,69791.9399793098,39336.9143871884,Margined,2.0949689644726743,0.005,Corporate,A,76562617.80039492
T0001021,CP0006,JPM_EMEA_DE,Interest Rate Swap,Interest Rate,10856481.400564587,698926.4607010372,93217.92759991642,Margined,5.867059518816321,0.005,CCP,BBB,84218806.50178745
T0001022,CP0021,JPM_EMEA_CH,Securities Financing,SFT,3827489.9545954824,202615.53195099844,67776.05186003033,Margined,1.4176493402596602,0.03,Corporate,BBB,83265583.00896084
T0001023,CP0020,JPM_EMEA_CH,Equity Option,Equity,2891274.6643740865,92557.8942673813,35494.562894761155,Margined,0.9372198192598385,0.08,Asset Manager,AA,30754899.989917014
T0001024,CP0006,JPM_EMEA_DE,Interest Rate Swap,Interest Rate,1969506.245042596,-10252.679687945445,40377.542995356336,Margined,6.176131427065889,0.005,CCP,BBB,84218806.50178745
T0001025,CP0052,JPM_EMEA_DE,Securities Financing,SFT,2284982.95947535,-49829.57725996691,30920.407051420254,Margined,1.3243503770020053,0.03,Hedge Fund,BBB,86957426.80012289
T0001026,CP0017,JPM_EMEA_UK,FX Forward,FX,22842165.849230703,14293.374216841854,103829.24192222086,Margined,6.0126691584880225,0.04,Corporate,A,144612697.7213879
T0001027,CP0038,JPM_EMEA_UK,FX Forward,FX,5439597.817966074,111485.95494063699,67731.72577502498,Margined,4.06833544003653,0.04,Sovereign,BBB,105724942.50994723
T0001028,CP0080,JPM_EMEA_DE,Securities Financing,SFT,4763135.684572302,137025.04400629553,118172.13519694455,Margined,5.772433365441945,0.03,Sovereign,A,60342077.47701232
T0001029,CP0020,JPM_EMEA_DE,Interest Rate Swap,Interest Rate,3077284.3471473516,67109.41911377032,49178.57543837402,Margined,0.5375985870132969,0.005,Asset Manager,AA,30754899.989917014
T0001030,CP0016,JPM_EMEA_DE,Interest Rate Swap,Interest Rate,46167356.19861964,-195802.290234385,0.0,Unmargined,6.747165321076513,0.005,Sovereign,BBB,22964503.233860675
T0001031,CP0075,JPM_EMEA_FR,Equity Option,Equity,14750911.094049728,406242.7230112312,443205.1453444975,Margined,2.1333508216298984,0.08,Sovereign,AA,39926961.16118422
T0001032,CP0029,JPM_EMEA_UK,Interest Rate Swap,Interest Rate,1944942.1745521897,85831.3439154561,41376.166169142,Margined,0.4574572816233213,0.005,Corporate,AAA,77058489.83965607
T0001033,CP0024,JPM_EMEA_DE,Equity Option,Equity,3042499.271430018,93726.05645434708,0.0,Unmargined,5.365956264105228,0.08,CCP,BBB,94324646.8088898
T0001034,CP0058,JPM_EMEA_CH,Interest Rate Swap,Interest Rate,3228603.9098617905,-3617.5116273509907,46939.83191076683,Margined,1.2902534916765742,0.005,Bank,AA,149008823.32725883
T0001035,CP0011,JPM_EMEA_FR,Interest Rate Swap,Interest Rate,4628192.205159984,-135072.42066287005,82577.08781893873,Margined,2.4902275294482186,0.005,Corporate,AA,42177085.909795195
T0001036,CP0031,JPM_EMEA_UK,Interest Rate Swap,Interest Rate,1983907.467655423,-59546.7049513396,0.0,Unmargined,4.18286101462964,0.005,Asset Manager,AA,127417950.14526652
T0001037,CP0016,JPM_EMEA_UK,FX Forward,FX,6203482.85094918,-147907.26460014583,0.0,Margined,0.5268839289868655,0.04,Sovereign,BBB,22964503.233860675
T0001038,CP0072,JPM_EMEA_CH,Interest Rate Swap,Interest Rate,17088103.04746842,153752.46200669667,0.0,Unmargined,1.4534382063203903,0.005,Hedge Fund,AA,51326174.75073902
T0001039,CP0024,JPM_EMEA_FR,Interest Rate Swap,Interest Rate,1075371.574028844,19564.3763226528,11521.050487811346,Margined,3.4490520195044976,0.005,CCP,BBB,94324646.8088898
T0001040,CP0046,JPM_EMEA_CH,Securities Financing,SFT,1294529.908238374,-64090.40371119048,10358.556234834825,Margined,2.982225644133645,0.03,CCP,AA,68219896.90211704
T0001041,CP0042,JPM_EMEA_CH,FX Forward,FX,2467328.054545264,-43523.24445766394,25750.273582885835,Margined,3.925135054284785,0.04,Sovereign,A,139081539.86788905
T0001042,CP0040,JPM_EMEA_DE,FX Forward,FX,2584414.0289629227,22006.262935231138,0.0,Margined,5.113998343965072,0.04,Corporate,BBB,119924173.94929542
T0001043,CP0006,JPM_EMEA_FR,Interest Rate Swap,Interest Rate,29510916.208565503,-929263.2454497033,0.0,Margined,2.503296293757366,0.005,CCP,BBB,84218806.50178745
T0001044,CP0022,JPM_EMEA_DE,FX Forward,FX,10891727.772274463,165408.8070034584,239313.25325394195,Margined,2.86061957638542,0.04,Asset Manager,A,83791909.26608771
T0001045,CP0069,JPM_EMEA_FR,Interest Rate Swap,Interest Rate,10284282.030581268,-110658.77367879418,161435.0752511762,Margined,1.9430504641488269,0.005,Bank,AA,117082649.47537337
T0001046,CP0044,JPM_EMEA_FR,Equity Option,Equity,3070770.9922390073,-77751.02949038656,0.0,Margined,2.4108941877080032,0.08,Asset Manager,AA,24863632.30290337
T0001047,CP0071,JPM_EMEA_FR,Interest Rate Swap,Interest Rate,3004108.8081458164,5594.221789132911,22197.130676117347,Margined,0.4046527524315508,0.005,Sovereign,A,141785709.5693913
T0001048,CP0045,JPM_EMEA_CH,Securities Financing,SFT,936682.3584721793,12860.472250233852,17838.566496823176,Margined,4.081862721843759,0.03,Bank,AAA,92130821.02089284
T0001049,CP0026,JPM_EMEA_FR,Securities Financing,SFT,8741087.319261894,-259597.28663931752,85312.00710041895,Margined,1.2508121415719302,0.03,Corporate,A,54706836.20194616
T0001050,CP0028,JPM_EMEA_UK,Interest Rate Swap,Interest Rate,6536154.306134143,-55501.31828650637,143534.2075930297,Margined,5.028192827608766,0.005,Sovereign,A,87687412.32129991
T0001051,CP0063,JPM_EMEA_DE,Interest Rate Swap,Interest Rate,14473099.591121046,236906.45059828807,0.0,Unmargined,0.343244590353881,0.005,Asset Manager,AA,87451586.85023838
T0001052,CP0020,JPM_EMEA_FR,Interest Rate Swap,Interest Rate,3239647.889323131,-86411.63488496155,3713.6418265616885,Margined,0.4661377763967407,0.005,Asset Manager,AA,30754899.989917014
T0001053,CP0048,JPM_EMEA_FR,Equity Option,Equity,3471251.5803932147,-201407.18682801962,37674.90692761905,Margined,2.0285915562413264,0.08,CCP,A,125072691.36835924
T0001054,CP0075,JPM_EMEA_CH,Interest Rate Swap,Interest Rate,4741435.271090631,-254994.79000060714,0.0,Unmargined,3.096909503420552,0.005,Sovereign,AA,39926961.16118422
T0001055,CP0068,JPM_EMEA_DE,Securities Financing,SFT,9759019.522583429,-142791.82903176936,0.0,Unmargined,4.870578047239662,0.03,Asset Manager,AA,32280666.847996987
T0001056,CP0031,JPM_EMEA_CH,Commodity Future,Commodity,919503.6540636393,-42430.16479264009,336.3594030408385,Margined,4.860674667478968,0.15,Asset Manager,AA,127417950.14526652
T0001057,CP0023,JPM_EMEA_DE,Commodity Future,Commodity,8350742.8156008925,-101630.76412895568,46361.88469522968,Margined,6.814984637999757,0.15,Hedge Fund,A,141917439.14674777
T0001058,CP0050,JPM_EMEA_UK,FX Forward,FX,3918852.177048142,228363.27209425782,0.0,Unmargined,2.4939291820012865,0.04,Sovereign,A,143876921.35906684
T0001059,CP0049,JPM_EMEA_DE,Securities Financing,SFT,1387713.0344100404,-66958.46331342874,19796.889641829817,Margined,0.46248921869595644,0.03,Sovereign,AA,61228056.066952996
T0001060,CP0058,JPM_EMEA_UK,Interest Rate Swap,Interest Rate,497424.5503193723,-4920.110690752892,10124.433942641372,Margined,6.0357875179618405,0.005,Bank,AA,149008823.32725883
T0001061,CP0006,JPM_EMEA_DE,FX Forward,FX,3489717.017938164,260439.88216637657,56216.40856307015,Margined,5.127931792638423,0.04,CCP,BBB,84218806.50178745
T0001062,CP0044,JPM_EMEA_UK,FX Forward,FX,17013503.365870755,243030.28891471232,306293.7254758392,Margined,0.523447389169123,0.04,Asset Manager,AA,24863632.30290337
T0001063,CP0001,JPM_EMEA_UK,Securities Financing,SFT,21348447.659222465,-274761.24745125184,0.0,Unmargined,0.6292021504828167,0.03,Bank,A,95932735.95865563
T0001064,CP0080,JPM_EMEA_FR,Equity Option,Equity,5706869.198402492,-31335.803614572695,96012.3763702759,Margined,3.362620023674992,0.08,Sovereign,A,60342077.47701232
T0001065,CP0070,JPM_EMEA_FR,Commodity Future,Commodity,28454320.86997461,427602.65041758236,307676.57575772837,Margined,2.4244324056984103,0.15,Asset Manager,BBB,54119867.06997241
T0001066,CP0060,JPM_EMEA_UK,Interest Rate Swap,Interest Rate,3831871.3161457046,227429.2936893709,32449.13289569388,Margined,4.194785726066455,0.005,Sovereign,BB,117319042.5294034
T0001067,CP0024,JPM_EMEA_FR,Securities Financing,SFT,10377063.23907858,-192804.5509419521,282015.45100979006,Margined,1.5731683553162075,0.03,CCP,BBB,94324646.8088898
T0001068,CP0060,JPM_EMEA_FR,FX Forward,FX,2547375.140146451,-67547.11601921261,0.0,Unmargined,6.717406916072575,0.04,Sovereign,BB,117319042.5294034
T0001069,CP0036,JPM_EMEA_UK,FX Forward,FX,2390961.345875147,-115383.74342014166,0.0,Unmargined,3.609338595936513,0.04,Bank,AA,107391212.09517552
T0001070,CP0052,JPM_EMEA_FR,Securities Financing,SFT,2031521.956151368,7330.464877251676,30597.967098905596,Margined,5.26749590262581,0.03,Hedge Fund,BBB,86957426.80012289
T0001071,CP0019,JPM_EMEA_DE,FX Forward,FX,509546.28524271055,-25069.197212615985,0.0,Unmargined,0.9242021101295008,0.04,CCP,AA,121755579.54253721
T0001072,CP0038,JPM_EMEA_CH,FX Forward,FX,14488954.797697166,-235190.39204501142,7304.247215831798,Margined,4.337629039346274,0.04,Sovereign,BBB,105724942.50994723
T0001073,CP0071,JPM_EMEA_FR,Equity Option,Equity,2105729.413801227,-66970.45074230646,7502.950565755236,Margined,6.06299954362431,0.08,Sovereign,A,141785709.5693913
T0001074,CP0016,JPM_EMEA_UK,Interest Rate Swap,Interest Rate,1794731.7742092982,67471.72576348316,8264.297643382733,Margined,0.20978489479127227,0.005,Sovereign,BBB,22964503.233860675
T0001075,CP0031,JPM_EMEA_FR,FX Forward,FX,1229149.7614507067,-21871.335438900867,23524.31907139418,Margined,3.802904057760176,0.04,Asset Manager,AA,127417950.14526652
T0001076,CP0024,JPM_EMEA_UK,Interest Rate Swap,Interest Rate,3260677.267549961,45299.15940651716,70754.36026269765,Margined,1.7649932858935364,0.005,CCP,BBB,94324646.8088898
T0001077,CP0015,JPM_EMEA_FR,Interest Rate Swap,Interest Rate,23331086.868444126,-1309882.34427303,0.0,Unmargined,3.374802143631591,0.005,Sovereign,BBB,96819013.89258417
T0001078,CP0032,JPM_EMEA_DE,Securities Financing,SFT,32462098.60216753,149414.710281166,0.0,Margined,5.721166150384156,0.03,Hedge Fund,A,136500900.33916968
T0001079,CP0049,JPM_EMEA_DE,Equity Option,Equity,759896.898568862,-31999.722471666126,807.7793242981861,Margined,4.84599135995334,0.08,Sovereign,AA,61228056.066952996
T0001080,CP0005,JPM_EMEA_FR,FX Forward,FX,2806242.402467758,-41806.55041674879,0.0,Unmargined,5.293768952109299,0.04,Asset Manager,BBB,25409842.60204602
T0001081,CP0017,JPM_EMEA_CH,FX Forward,FX,1421818.3648167106,110037.494994262,0.0,Unmargined,1.521195821105643,0.04,Corporate,A,144612697.7213879
T0001082,CP0066,JPM_EMEA_FR,FX Forward,FX,10747058.640868807,350634.64435030986,164836.1891148351,Margined,5.83601350776517,0.04,Hedge Fund,BBB,106015964.21180893
T0001083,CP0021,JPM_EMEA_UK,Equity Option,Equity,5327531.024377339,-23944.270663397434,67348.48280351363,Margined,4.317245207008387,0.08,Corporate,BBB,83265583.00896084
T0001084,CP0027,JPM_EMEA_DE,Securities Financing,SFT,2116417.9930578913,236960.43758142457,0.0,Unmargined,0.5316497156566399,0.03,Asset Manager,A,63103969.654531784
T0001085,CP0054,JPM_EMEA_FR,Securities Financing,SFT,4301085.538748531,-137768.56191676695,49659.36065125031,Margined,6.0458299747467015,0.03,Asset Manager,A,141685664.10636523
T0001086,CP0060,JPM_EMEA_UK,FX Forward,FX,2481531.0776738273,101203.22325171344,7521.182267077082,Margined,0.43749892108868454,0.04,Sovereign,BB,117319042.5294034
T0001087,CP0077,JPM_EMEA_DE,FX Forward,FX,20096395.195925802,-1078043.105702519,323660.1278496152,Margined,0.24995580067240653,0.04,Hedge Fund,BBB,97919762.89770965
T0001088,CP0013,JPM_EMEA_DE,FX Forward,FX,6911964.3662032625,-59009.48931390266,72650.91064838631,Margined,5.8445428839389555,0.04,Sovereign,BBB,95537948.16105135
T0001089,CP0061,JPM_EMEA_DE,Equity Option,Equity,7815569.09466294,-368681.0371165136,18737.263340692807,Margined,0.14051476058778983,0.08,CCP,BBB,135803023.8142082
T0001090,CP0058,JPM_EMEA_CH,FX Forward,FX,277864.10467504844,2502.07096304129,0.0,Unmargined,0.66461695542764,0.04,Bank,AA,149008823.32725883
T0001091,CP0010,JPM_EMEA_CH,Equity Option,Equity,3741571.395059283,7329.584491757175,32153.938018732028,Margined,0.16782336178441992,0.08,Bank,AA,96393794.38310257
T0001092,CP0071,JPM_EMEA_CH,Equity Option,Equity,32120848.978163343,-345885.9092665475,0.0,Unmargined,6.167937260519714,0.08,Sovereign,A,141785709.5693913
T0001093,CP0026,JPM_EMEA_CH,FX Forward,FX,15065742.098699214,575842.7324168968,165725.67468976838,Margined,0.3606336448757688,0.04,Corporate,A,54706836.20194616
T0001094,CP0034,JPM_EMEA_CH,FX Forward,FX,630781.8326493836,-12520.050531949919,12067.506276022381,Margined,2.6401247106645345,0.04,Corporate,AA,92024698.66007642
T0001095,CP0064,JPM_EMEA_UK,FX Forward,FX,2923754.3549874746,33447.1977380426,40234.6718975206,Margined,1.55809697106137,0.04,CCP,BB,61070776.73800309
T0001096,CP0042,JPM_EMEA_DE,Interest Rate Swap,Interest Rate,1202947.620365338,34547.96144724502,5931.011264700637,Margined,2.424544039223774,0.005,Sovereign,A,139081539.86788905
T0001097,CP0023,JPM_EMEA_UK,Interest Rate Swap,Interest Rate,22140221.27274397,-1149359.6016485908,322716.43623036717,Margined,2.0696186705385218,0.005,Hedge Fund,A,141917439.14674777
T0001098,CP0026,JPM_EMEA_CH,Equity Option,Equity,5106798.2556795105,-133770.03691058952,0.0,Unmargined,6.220708494245865,0.08,Corporate,A,54706836.20194616
T0001099,CP0060,JPM_EMEA_CH,FX Forward,FX,1856139.5152407782,3499.071441740398,29866.516891362447,Margined,5.392503611790938,0.04,Sovereign,BB,117319042.5294034
T0001100,CP0015,JPM_EMEA_UK,Interest Rate Swap,Interest Rate,4138992.1023571487,91287.00092005069,83967.70810324966,Margined,6.200867287474236,0.005,Sovereign,BBB,96819013.89258417
T0001101,CP0038,JPM_EMEA_UK,Equity Option,Equity,294914.0951449484,14670.006740290195,2085.6730960162513,Margined,5.054296177793359,0.08,Sovereign,BBB,105724942.50994723
T0001102,CP0060,JPM_EMEA_UK,Commodity Future,Commodity,1351659.4471153505,-10212.858928718391,23442.485802263094,Margined,2.3459192269648694,0.15,Sovereign,BB,117319042.5294034
T0001103,CP0071,JPM_EMEA_CH,Interest Rate Swap,Interest Rate,4148463.758132159,-45950.40278259694,0.0,Margined,1.3416235809163044,0.005,Sovereign,A,141785709.5693913
T0001104,CP0067,JPM_EMEA_CH,Commodity Future,Commodity,9318202.353549419,-284585.9233852195,102874.08593691551,Margined,3.731967388738201,0.15,CCP,A,68575504.7535823
T0001105,CP0029,JPM_EMEA_DE,Securities Financing,SFT,574060.917940605,6630.083980133074,5627.358970534173,Margined,2.528845061461341,0.03,Corporate,AAA,77058489.83965607
T0001106,CP0016,JPM_EMEA_UK,Equity Option,Equity,2732287.180281505,-28413.368817807437,0.0,Unmargined,4.5217203352594275,0.08,Sovereign,BBB,22964503.233860675
T0001107,CP0075,JPM_EMEA_DE,Equity Option,Equity,10978953.255756691,-105300.55914464784,0.0,Unmargined,0.3205815151692839,0.08,Sovereign,AA,39926961.16118422
T0001108,CP0048,JPM_EMEA_FR,Interest Rate Swap,Interest Rate,936918.5159236863,-3078.8057859773735,15800.109741026634,Margined,5.00522510045398,0.005,CCP,A,125072691.36835924
T0001109,CP0033,JPM_EMEA_UK,Securities Financing,SFT,5030287.783548074,97119.6765628366,0.0,Margined,2.1319362801346897,0.03,Bank,BBB,38232381.569819406
T0001110,CP0073,JPM_EMEA_DE,FX Forward,FX,4272797.924199364,-84304.7358101237,39249.64947965664,Margined,3.262571507678979,0.04,Asset Manager,A,35958531.21349318
T0001111,CP0059,JPM_EMEA_FR,Securities Financing,SFT,22212932.881323006,-600316.3530946452,116154.11514589578,Margined,6.851366992582675,0.03,Sovereign,AA,135918044.6131388
T0001112,CP0039,JPM_EMEA_CH,Equity Option,Equity,3177701.5994724114,48016.17228832428,0.0,Unmargined,1.5482493400430641,0.08,Hedge Fund,A,114509299.85729474
T0001113,CP0016,JPM_EMEA_UK,Interest Rate Swap,Interest Rate,3369262.1127372757,-356806.1096417547,22458.24094752676,Margined,0.8677062999727739,0.005,Sovereign,BBB,22964503.233860675
T0001114,CP0007,JPM_EMEA_UK,Interest Rate Swap,Interest Rate,9405118.988407252,-198718.27688973854,0.0,Unmargined,1.5082063328083402,0.005,Bank,A,62881957.60326209
T0001115,CP0043,JPM_EMEA_DE,Equity Option,Equity,1061778.8830287124,-42785.264000538395,13816.510708010093,Margined,2.4929495032903586,0.08,Sovereign,BBB,49927818.8163345
T0001116,CP0010,JPM_EMEA_DE,Equity Option,Equity,3207241.2840589015,135069.8806884979,0.0,Unmargined,3.7768352618256875,0.08,Bank,AA,96393794.38310257
T0001117,CP0025,JPM_EMEA_CH,Interest Rate Swap,Interest Rate,2535952.611997115,-39136.46068100169,0.0,Unmargined,6.862572338185578,0.005,Sovereign,A,81553622.137404
T0001118,CP0055,JPM_EMEA_CH,Commodity Future,Commodity,3481219.0995920324,-68319.14774710662,0.0,Unmargined,6.095689511190487,0.15,Asset Manager,A,41399016.28566236
T0001119,CP0002,JPM_EMEA_DE,Securities Financing,SFT,9343685.897346094,-15900.963041422692,0.0,Unmargined,5.018947295714613,0.03,Sovereign,BBB,104480058.20212659
T0001120,CP0080,JPM_EMEA_DE,FX Forward,FX,6961923.813947681,-145072.81207642105,0.0,Margined,5.057680336838791,0.04,Sovereign,A,60342077.47701232
T0001121,CP0035,JPM_EMEA_FR,FX Forward,FX,1891957.585546635,-26662.763299373648,14121.700911595435,Margined,2.02229460516113,0.04,CCP,AAA,34114846.34760766
T0001122,CP0070,JPM_EMEA_CH,Interest Rate Swap,Interest Rate,4585932.95322235,15586.964094118586,92482.55301140816,Margined,6.499385526991256,0.005,Asset Manager,BBB,54119867.06997241
T0001123,CP0014,JPM_EMEA_UK,Commodity Future,Commodity,17756221.74272721,-262284.52388215833,0.0,Unmargined,3.7998875176831235,0.15,Sovereign,BBB,65093074.58952882
T0001124,CP0037,JPM_EMEA_DE,FX Forward,FX,1741816.7231823455,-26166.634768720403,0.0,Unmargined,1.1795183000647917,0.04,CCP,AA,56560391.89907108
T0001125,CP0077,JPM_EMEA_FR,Securities Financing,SFT,4624929.564341728,-163516.78314279337,19030.758685191257,Margined,6.6546024864512106,0.03,Hedge Fund,BBB,97919762.89770965
T0001126,CP0051,JPM_EMEA_CH,FX Forward,FX,3297398.0381673477,-133156.94848616244,0.0,Unmargined,3.570355112589748,0.04,Sovereign,AA,57819318.95821542
T0001127,CP0065,JPM_EMEA_DE,Equity Option,Equity,3755755.0564549468,7970.806715635299,43734.834754265146,Margined,1.130809416856977,0.08,Asset Manager,BBB,120361616.17442845
T0001128,CP0055,JPM_EMEA_DE,Interest Rate Swap,Interest Rate,783203.0753476077,8404.566175859016,19374.705379155588,Margined,5.159863555745371,0.005,Asset Manager,A,41399016.28566236
T0001129,CP0060,JPM_EMEA_FR,Interest Rate Swap,Interest Rate,16396324.853722999,-819578.209571954,197189.34284223808,Margined,1.6748412402397994,0.005,Sovereign,BB,117319042.5294034
T0001130,CP0030,JPM_EMEA_DE,Commodity Future,Commodity,1844009.837945674,49046.880617862495,0.0,Margined,1.3542852268170786,0.15,Asset Manager,A,22809570.384442955
T0001131,CP0037,JPM_EMEA_CH,FX Forward,FX,11160338.982562255,298446.0730744785,209747.8189769736,Margined,1.9097607572237778,0.04,CCP,AA,56560391.89907108
T0001132,CP0004,JPM_EMEA_FR,FX Forward,FX,2148817.6337387296,73305.02227113493,0.0,Unmargined,4.069021314447789,0.04,Asset Manager,A,74054962.28217925
T0001133,CP0021,JPM_EMEA_CH,Securities Financing,SFT,2139965.5038854284,22461.330371782857,19238.638927674932,Margined,2.0834967442380434,0.03,Corporate,BBB,83265583.00896084
T0001134,CP0006,JPM_EMEA_FR,Securities Financing,SFT,13455899.192799343,300037.9381658964,5049.037562461599,Margined,0.3336536426325509,0.03,CCP,BBB,84218806.50178745
T0001135,CP0026,JPM_EMEA_CH,Securities Financing,SFT,10806836.732068522,826462.614519782,269928.8018456355,Margined,2.7431045293872764,0.03,Corporate,A,54706836.20194616
T0001136,CP0059,JPM_EMEA_CH,Interest Rate Swap,Interest Rate,4928133.224626658,-52007.85167291026,38593.15063144179,Margined,1.6789938366571058,0.005,Sovereign,AA,135918044.6131388
T0001137,CP0017,JPM_EMEA_UK,Equity Option,Equity,8562951.318474278,-313397.1895690852,210651.0531451419,Margined,3.604559026585154,0.08,Corporate,A,144612697.7213879
T0001138,CP0039,JPM_EMEA_CH,Securities Financing,SFT,2997389.0134542817,-160936.09839821386,0.0,Unmargined,3.2439531455404396,0.03,Hedge Fund,A,114509299.85729474
T0001139,CP0045,JPM_EMEA_UK,FX Forward,FX,3966669.1337422184,243746.21557889465,18159.563546162815,Margined,0.5926773706453434,0.04,Bank,AAA,92130821.02089284
T0001140,CP0014,JPM_EMEA_DE,Interest Rate Swap,Interest Rate,2064049.786420309,127780.27372389747,0.0,Unmargined,1.7549326294758865,0.005,Sovereign,BBB,65093074.58952882
T0001141,CP0065,JPM_EMEA_UK,Commodity Future,Commodity,9878486.486703584,-319677.6119707421,0.0,Unmargined,2.006315734938206,0.15,Asset Manager,BBB,120361616.17442845
T0001142,CP0062,JPM_EMEA_UK,FX Forward,FX,1999467.7696150464,-50898.90830923489,0.0,Unmargined,3.418919593704756,0.04,Sovereign,BBB,136148063.1607222
T0001143,CP0015,JPM_EMEA_FR,Equity Option,Equity,17662622.89693441,-200288.60312648653,30856.46933801507,Margined,5.764420887530458,0.08,Sovereign,BBB,96819013.89258417
T0001144,CP0003,JPM_EMEA_UK,Securities Financing,SFT,2916721.4453854705,124978.56957770548,24322.578524211145,Margined,1.569288755249903,0.03,Corporate,BBB,30977761.748185582
T0001145,CP0001,JPM_EMEA_UK,Equity Option,Equity,4082881.2386846654,-183956.5698142474,0.0,Unmargined,1.14939736913896,0.08,Bank,A,95932735.95865563
T0001146,CP0024,JPM_EMEA_DE,FX Forward,FX,8542232.425472045,-587976.2375925262,13723.609351973035,Margined,0.05709996374741578,0.04,CCP,BBB,94324646.8088898
T0001147,CP0011,JPM_EMEA_CH,FX Forward,FX,4096605.820965714,310780.8347599201,31491.831563946573,Margined,4.265197164753253,0.04,Corporate,AA,42177085.909795195
T0001148,CP0002,JPM_EMEA_CH,FX Forward,FX,2969477.605186849,32465.491798871957,25645.681021745873,Margined,2.3131969992405446,0.04,Sovereign,BBB,104480058.20212659
T0001149,CP0037,JPM_EMEA_CH,Interest Rate Swap,Interest Rate,3881691.1159771155,61736.2232398054,48643.514842898956,Margined,4.707579699975668,0.005,CCP,AA,56560391.89907108
T0001150,CP0043,JPM_EMEA_UK,Commodity Future,Commodity,9777782.447014773,-70191.86640976349,233067.888023643,Margined,4.846489641250872,0.15,Sovereign,BBB,49927818.8163345
T0001151,CP0002,JPM_EMEA_UK,Commodity Future,Commodity,2061517.040054987,33607.82450358963,0.0,Unmargined,0.3606894943471074,0.15,Sovereign,BBB,104480058.20212659
T0001152,CP0048,JPM_EMEA_DE,Interest Rate Swap,Interest Rate,3525623.689647144,-186848.20466585213,22831.920330815537,Margined,2.95796129522783,0.005,CCP,A,125072691.36835924
T0001153,CP0033,JPM_EMEA_DE,FX Forward,FX,4041359.2704106723,-118946.17449958557,137288.87455466023,Margined,6.777479746657201,0.04,Bank,BBB,38232381.569819406
T0001154,CP0017,JPM_EMEA_UK,Securities Financing,SFT,9496084.508510381,34950.58553569926,0.0,Unmargined,1.962249389711282,0.03,Corporate,A,144612697.7213879
T0001155,CP0009,JPM_EMEA_FR,Interest Rate Swap,Interest Rate,3619909.3614417356,-287714.67207078286,37917.590237687706,Margined,3.7303755213766507,0.005,Hedge Fund,BBB,33442385.803931713
T0001156,CP0061,JPM_EMEA_DE,FX Forward,FX,24400251.89017292,-258352.70923984365,222950.69031211495,Margined,3.787804315927932,0.04,CCP,BBB,135803023.8142082
T0001157,CP0009,JPM_EMEA_DE,FX Forward,FX,3420394.1172766536,-43595.49845047472,0.0,Unmargined,1.8608312388564705,0.04,Hedge Fund,BBB,33442385.803931713
T0001158,CP0017,JPM_EMEA_UK,Equity Option,Equity,3153808.3504069843,-33411.94433890869,0.0,Unmargined,5.465831763929253,0.08,Corporate,A,144612697.7213879
T0001159,CP0058,JPM_EMEA_DE,Interest Rate Swap,Interest Rate,3371178.004456109,-65022.820421370016,65287.48670821819,Margined,0.07559590096958964,0.005,Bank,AA,149008823.32725883
T0001160,CP0051,JPM_EMEA_DE,Equity Option,Equity,1072136.01306762,-37370.6059598661,16330.670452480355,Margined,1.626194022509136,0.08,Sovereign,AA,57819318.95821542
T0001161,CP0080,JPM_EMEA_UK,FX Forward,FX,1418453.9549527948,-90456.38994233607,29243.931153187208,Margined,4.168064551497691,0.04,Sovereign,A,60342077.47701232
T0001162,CP0004,JPM_EMEA_CH,Equity Option,Equity,2352850.2636930374,11919.88448338219,0.0,Unmargined,6.425190983594384,0.08,Asset Manager,A,74054962.28217925
T0001163,CP0016,JPM_EMEA_CH,Interest Rate Swap,Interest Rate,12455025.67296839,-130831.81862172925,0.0,Unmargined,0.11624151421138482,0.005,Sovereign,BBB,22964503.233860675
T0001164,CP0053,JPM_EMEA_CH,FX Forward,FX,3869666.399930907,-186265.8276920639,58085.61109075166,Margined,4.226031638770609,0.04,Asset Manager,A,53275461.77378836
T0001165,CP0019,JPM_EMEA_FR,FX Forward,FX,2463665.2287961836,5392.148819278125,0.0,Unmargined,0.0733986555216321,0.04,CCP,AA,121755579.54253721
T0001166,CP0031,JPM_EMEA_FR,Interest Rate Swap,Interest Rate,13637578.491774896,-140784.22527639216,42417.24098951166,Margined,4.378581337913473,0.005,Asset Manager,AA,127417950.14526652
T0001167,CP0024,JPM_EMEA_UK,Interest Rate Swap,Interest Rate,18868077.898399472,-304452.2541546059,603508.4833446853,Margined,2.9105881057399734,0.005,CCP,BBB,94324646.8088898
T0001168,CP0065,JPM_EMEA_DE,Interest Rate Swap,Interest Rate,14036720.967924446,-1059650.6089140708,110880.53601890817,Margined,3.069457374777735,0.005,Asset Manager,BBB,120361616.17442845
T0001169,CP0063,JPM_EMEA_UK,FX Forward,FX,1704385.037549029,40729.45562357509,15667.1855623745,Margined,6.774191886842402,0.04,Asset Manager,AA,87451586.85023838
T0001170,CP0065,JPM_EMEA_FR,Interest Rate Swap,Interest Rate,2437677.4979885085,-105202.32710208735,0.0,Unmargined,4.791612088400098,0.005,Asset Manager,BBB,120361616.17442845
T0001171,CP0041,JPM_EMEA_CH,Securities Financing,SFT,24533276.76855738,54327.93356330682,62383.05759293682,Margined,1.4150816971438336,0.03,Bank,BBB,34006322.97426655
T0001172,CP0040,JPM_EMEA_FR,FX Forward,FX,5090795.234932779,-144015.51991307907,100758.40679172182,Margined,6.981493643096722,0.04,Corporate,BBB,119924173.94929542
T0001173,CP0046,JPM_EMEA_UK,Commodity Future,Commodity,3060772.381056904,-41643.11860433568,92317.62764363046,Margined,1.833910236464216,0.15,CCP,AA,68219896.90211704
T0001174,CP0006,JPM_EMEA_FR,Securities Financing,SFT,8204168.0380227165,330876.0430943862,0.0,Unmargined,4.817052417486186,0.03,CCP,BBB,84218806.50178745
T0001175,CP0044,JPM_EMEA_CH,Interest Rate Swap,Interest Rate,10952781.348937364,203794.42700801912,161866.03211887047,Margined,4.778050218350684,0.005,Asset Manager,AA,24863632.30290337
T0001176,CP0023,JPM_EMEA_UK,Equity Option,Equity,2258825.0533369724,89339.68896825777,0.0,Unmargined,5.95558887084833,0.08,Hedge Fund,A,141917439.14674777
T0001177,CP0075,JPM_EMEA_FR,Securities Financing,SFT,4981516.285730975,57603.72527093278,99640.0720479152,Margined,2.8221247829184897,0.03,Sovereign,AA,39926961.16118422
T0001178,CP0015,JPM_EMEA_DE,Equity Option,Equity,10103222.479514923,140081.43682495866,0.0,Unmargined,4.886953366221328,0.08,Sovereign,BBB,96819013.89258417
T0001179,CP0003,JPM_EMEA_CH,FX Forward,FX,1253584.7100598612,-78148.30160111954,30296.368690231953,Margined,4.400290463463672,0.04,Corporate,BBB,30977761.748185582
T0001180,CP0078,JPM_EMEA_FR,FX Forward,FX,4049687.9086071444,-45005.69949196798,40864.29006756887,Margined,3.0831186596941524,0.04,Hedge Fund,BBB,133693065.30887038
T0001181,CP0013,JPM_EMEA_CH,Interest Rate Swap,Interest Rate,1312461.928320696,-10331.454363670036,0.0,Unmargined,6.415904085711855,0.005,Sovereign,BBB,95537948.16105135
T0001182,CP0042,JPM_EMEA_FR,FX Forward,FX,1495878.8059319847,64065.89946151813,25466.532998043498,Margined,1.800910673811999,0.04,Sovereign,A,139081539.86788905
T0001183,CP0031,JPM_EMEA_CH,Securities Financing,SFT,2277764.053824078,-40357.48381342732,0.0,Unmargined,1.608701355512568,0.03,Asset Manager,AA,127417950.14526652
T0001184,CP0022,JPM_EMEA_DE,Securities Financing,SFT,6445704.235982546,59752.21208121571,20835.80940742088,Margined,4.431198373675196,0.03,Asset Manager,A,83791909.26608771
T0001185,CP0040,JPM_EMEA_FR,Interest Rate Swap,Interest Rate,2898727.1663293545,22904.31301893378,16261.25139942054,Margined,1.3723531360346752,0.005,Corporate,BBB,119924173.94929542
T0001186,CP0059,JPM_EMEA_DE,Equity Option,Equity,2091488.9658008423,84744.2688298102,0.0,Unmargined,5.81846390730557,0.08,Sovereign,AA,135918044.6131388
T0001187,CP0010,JPM_EMEA_FR,FX Forward,FX,4211626.539246779,-19714.804427770112,0.0,Unmargined,2.4107430300228097,0.04,Bank,AA,96393794.38310257
T0001188,CP0053,JPM_EMEA_FR,Securities Financing,SFT,1270399.773033819,36806.71231090459,13135.249010958381,Margined,2.97664135251273,0.03,Asset Manager,A,53275461.77378836
T0001189,CP0072,JPM_EMEA_UK,Interest Rate Swap,Interest Rate,6141675.446471086,-366475.4916856974,86526.64538859442,Margined,4.792095210262818,0.005,Hedge Fund,AA,51326174.75073902
T0001190,CP0024,JPM_EMEA_CH,Securities Financing,SFT,12399809.667254165,-700473.6818714031,0.0,Unmargined,6.201456766354676,0.03,CCP,BBB,94324646.8088898
T0001191,CP0055,JPM_EMEA_FR,Commodity Future,Commodity,3695405.606639128,-295325.9222554628,0.0,Margined,4.8452739917246905,0.15,Asset Manager,A,41399016.28566236
T0001192,CP0074,JPM_EMEA_DE,Interest Rate Swap,Interest Rate,3266259.2433927828,89853.07415689838,0.0,Unmargined,0.7047263135526964,0.005,Bank,A,128044647.3762378
T0001193,CP0075,JPM_EMEA_FR,Interest Rate Swap,Interest Rate,5810895.642597183,137011.28956754235,163535.86785499862,Margined,2.3995238632120093,0.005,Sovereign,AA,39926961.16118422
T0001194,CP0052,JPM_EMEA_FR,Commodity Future,Commodity,526146.7789635778,16515.20287524896,7573.599673957495,Margined,5.262937264347973,0.15,Hedge Fund,BBB,86957426.80012289
T0001195,CP0076,JPM_EMEA_DE,Interest Rate Swap,Interest Rate,6842217.108057295,-162212.9859214903,0.0,Unmargined,6.358866964405979,0.005,Asset Manager,BBB,43304880.06050608
T0001196,CP0063,JPM_EMEA_FR,FX Forward,FX,88959407.02686267,-1754650.2905981482,1150979.7906508965,Margined,4.45509847028822,0.04,Asset Manager,AA,87451586.85023838
T0001197,CP0042,JPM_EMEA_FR,Securities Financing,SFT,3538200.0592747373,-14990.177175499928,71370.74849616838,Margined,4.1932774541894355,0.03,Sovereign,A,139081539.86788905
T0001198,CP0011,JPM_EMEA_CH,Equity Option,Equity,3550787.2071707356,179419.41555677462,0.0,Margined,2.6855759267802455,0.08,Corporate,AA,42177085.909795195
T0001199,CP0069,JPM_EMEA_UK,FX Forward,FX,8414036.82017573,498817.62815014384,0.0,Unmargined,3.3724590350198986,0.04,Bank,AA,117082649.47537337
T0001200,CP0023,JPM_EMEA_UK,FX Forward,FX,20730935.003584027,575973.7272868069,187007.20463784388,Margined,3.0539814498220474,0.04,Hedge Fund,A,141917439.14674777
T0001201,CP0059,JPM_EMEA_DE,Interest Rate Swap,Interest Rate,10604327.850285402,122858.45903546514,0.0,Unmargined,0.4334765120430395,0.005,Sovereign,AA,135918044.6131388
T0001202,CP0052,JPM_EMEA_CH,Securities Financing,SFT,463331.49115231854,21655.36998045418,5863.653712112163,Margined,0.20187756397820744,0.03,Hedge Fund,BBB,86957426.80012289
T0001203,CP0029,JPM_EMEA_UK,FX Forward,FX,7026531.501443875,-62918.97795988619,76646.51683501332,Margined,4.34095664794357,0.04,Corporate,AAA,77058489.83965607
T0001204,CP0062,JPM_EMEA_CH,Interest Rate Swap,Interest Rate,52364270.93432596,-716497.8877579231,618279.5032682843,Margined,3.5933795470988312,0.005,Sovereign,BBB,136148063.1607222
T0001205,CP0053,JPM_EMEA_DE,Interest Rate Swap,Interest Rate,7453885.260136454,-33660.0629076192,68679.46549021012,Margined,1.7519910861919996,0.005,Asset Manager,A,53275461.77378836
T0001206,CP0060,JPM_EMEA_UK,Securities Financing,SFT,1260731.9283794644,-43186.375900186256,4827.720249341535,Margined,6.25461919331506,0.03,Sovereign,BB,117319042.5294034
T0001207,CP0077,JPM_EMEA_DE,Interest Rate Swap,Interest Rate,5302211.435630953,-32477.78285897843,1917.1594604279308,Margined,1.4858345552264447,0.005,Hedge Fund,BBB,97919762.89770965
T0001208,CP0022,JPM_EMEA_CH,Securities Financing,SFT,1111385.1383642512,-43465.47426725496,7195.641381659734,Margined,4.918466837141252,0.03,Asset Manager,A,83791909.26608771
T0001209,CP0062,JPM_EMEA_CH,Equity Option,Equity,13723340.239946287,492328.58665774565,0.0,Unmargined,5.529122231348833,0.08,Sovereign,BBB,136148063.1607222
T0001210,CP0004,JPM_EMEA_FR,Commodity Future,Commodity,1537890.6551762365,29264.611530238933,21322.180875887178,Margined,5.8895774781350205,0.15,Asset Manager,A,74054962.28217925
T0001211,CP0057,JPM_EMEA_FR,Securities Financing,SFT,4308276.739806862,215563.26489102392,49315.17810752441,Margined,5.884733072850942,0.03,Corporate,A,76562617.80039492
T0001212,CP0013,JPM_EMEA_CH,Commodity Future,Commodity,1696410.1792952688,-96737.61761350255,6245.935974008222,Margined,5.569563200711,0.15,Sovereign,BBB,95537948.16105135
T0001213,CP0018,JPM_EMEA_CH,Securities Financing,SFT,2316010.9868084844,154152.2857928085,20864.203100724935,Margined,3.2317112037189566,0.03,Bank,A,82699446.80257703
T0001214,CP0016,JPM_EMEA_CH,Interest Rate Swap,Interest Rate,17680193.593009185,-973058.4407640337,0.0,Unmargined,4.386185341749731,0.005,Sovereign,BBB,22964503.233860675
T0001215,CP0067,JPM_EMEA_CH,Commodity Future,Commodity,4435993.153152256,-186049.02457526565,0.0,Unmargined,6.011094083725884,0.15,CCP,A,68575504.7535823
T0001216,CP0030,JPM_EMEA_CH,FX Forward,FX,2286659.199167516,-49686.25554115623,0.0,Unmargined,2.971011213248133,0.04,Asset Manager,A,22809570.384442955
T0001217,CP0032,JPM_EMEA_UK,FX Forward,FX,1272605.5210809584,58247.44004214315,0.0,Margined,4.712442078241673,0.04,Hedge Fund,A,136500900.33916968
T0001218,CP0029,JPM_EMEA_UK,Securities Financing,SFT,615446.5818902239,4858.995324202229,4062.6976444453803,Margined,1.1587775001469018,0.03,Corporate,AAA,77058489.83965607
T0001219,CP0050,JPM_EMEA_FR,Securities Financing,SFT,1144552.496199118,-9767.63820657888,0.0,Unmargined,3.9746136503048075,0.03,Sovereign,A,143876921.35906684
T0001220,CP0074,JPM_EMEA_CH,Equity Option,Equity,4473869.090421832,-124113.89830277672,0.0,Unmargined,1.0302690277416435,0.08,Bank,A,128044647.3762378
T0001221,CP0055,JPM_EMEA_DE,FX Forward,FX,10660316.72508285,-513376.6574726178,92687.12300976699,Margined,4.639022401877818,0.04,Asset Manager,A,41399016.28566236
T0001222,CP0009,JPM_EMEA_CH,FX Forward,FX,2284033.293891225,90543.54809100124,42328.620958126914,Margined,2.668975125013473,0.04,Hedge Fund,BBB,33442385.803931713
T0001223,CP0042,JPM_EMEA_CH,FX Forward,FX,19237047.20601806,537721.1407880223,0.0,Unmargined,1.6335083936747394,0.04,Sovereign,A,139081539.86788905
T0001224,CP0009,JPM_EMEA_UK,FX Forward,FX,1951881.8117364214,92393.8152312918,0.0,Unmargined,2.557165570248359,0.04,Hedge Fund,BBB,33442385.803931713
T0001225,CP0014,JPM_EMEA_DE,FX Forward,FX,3152773.8045698474,43787.7228573596,0.0,Margined,4.924849001958808,0.04,Sovereign,BBB,65093074.58952882
T0001226,CP0016,JPM_EMEA_UK,Interest Rate Swap,Interest Rate,1358957.1998029114,-125667.64555348562,12990.93441396323,Margined,6.360832297442142,0.005,Sovereign,BBB,22964503.233860675
T0001227,CP0056,JPM_EMEA_UK,Interest Rate Swap,Interest Rate,10773141.038622722,-469282.3613813991,0.0,Unmargined,0.12840259343555066,0.005,Bank,A,25838380.52100277
T0001228,CP0071,JPM_EMEA_FR,Commodity Future,Commodity,32583465.783780366,530149.1400771136,279806.59462481644,Margined,1.2165432308400344,0.15,Sovereign,A,141785709.5693913
T0001229,CP0020,JPM_EMEA_UK,FX Forward,FX,686930.1953767616,-8888.942593282303,2496.8129040027534,Margined,4.954846714870409,0.04,Asset Manager,AA,30754899.989917014
T0001230,CP0076,JPM_EMEA_FR,Securities Financing,SFT,2829591.3232601197,-55345.30332427063,62958.47108209258,Margined,4.002707289062017,0.03,Asset Manager,BBB,43304880.06050608
T0001231,CP0022,JPM_EMEA_FR,Equity Option,Equity,14169251.198587751,-547116.4006253765,216473.51302204415,Margined,2.268322179856627,0.08,Asset Manager,A,83791909.26608771
T0001232,CP0025,JPM_EMEA_DE,Interest Rate Swap,Interest Rate,941151.4935179924,31213.886781499205,0.0,Unmargined,4.579754608837388,0.005,Sovereign,A,81553622.137404
T0001233,CP0011,JPM_EMEA_UK,Interest Rate Swap,Interest Rate,7049652.100015216,112559.97845257394,0.0,Unmargined,6.076953560323333,0.005,Corporate,AA,42177085.909795195
T0001234,CP0004,JPM_EMEA_UK,Interest Rate Swap,Interest Rate,13568712.098232854,238018.17934305468,52134.4549297256,Margined,1.84295177409184,0.005,Asset Manager,A,74054962.28217925
T0001235,CP0050,JPM_EMEA_DE,Securities Financing,SFT,4325480.253438727,-95922.19054789479,15517.643296281429,Margined,3.4254216322870716,0.03,Sovereign,A,143876921.35906684
T0001236,CP0033,JPM_EMEA_UK,Interest Rate Swap,Interest Rate,6934836.185398337,42788.43553114119,0.0,Unmargined,0.19433302201459735,0.005,Bank,BBB,38232381.569819406
T0001237,CP0010,JPM_EMEA_CH,FX Forward,FX,23270739.298091505,-1089577.2593877127,616239.2413276497,Margined,6.624672057832211,0.04,Bank,AA,96393794.38310257
T0001238,CP0046,JPM_EMEA_UK,Securities Financing,SFT,28070548.067812648,-127551.99019115476,429452.95241755864,Margined,5.621423942443664,0.03,CCP,AA,68219896.90211704
T0001239,CP0028,JPM_EMEA_UK,Securities Financing,SFT,3759654.812816292,-332644.99123163853,33843.87937696115,Margined,3.5603792310241182,0.03,Sovereign,A,87687412.32129991
T0001240,CP0032,JPM_EMEA_UK,Interest Rate Swap,Interest Rate,2348828.0739240185,-128913.23237704049,24638.814614608516,Margined,6.944386036997897,0.005,Hedge Fund,A,136500900.33916968
T0001241,CP0072,JPM_EMEA_FR,Interest Rate Swap,Interest Rate,1594107.8691166965,-17982.994653107628,0.0,Unmargined,1.58051947491337,0.005,Hedge Fund,AA,51326174.75073902
T0001242,CP0033,JPM_EMEA_FR,Interest Rate Swap,Interest Rate,10625518.477992477,883290.1612730834,299779.2455075818,Margined,5.220595315452305,0.005,Bank,BBB,38232381.569819406
T0001243,CP0037,JPM_EMEA_FR,Interest Rate Swap,Interest Rate,1014624.7130942444,-63947.74484805528,0.0,Unmargined,5.398070629737411,0.005,CCP,AA,56560391.89907108
T0001244,CP0055,JPM_EMEA_DE,Interest Rate Swap,Interest Rate,3107194.7923801034,-135241.6499365689,43748.28361998791,Margined,5.824447894622841,0.005,Asset Manager,A,41399016.28566236
T0001245,CP0072,JPM_EMEA_DE,Equity Option,Equity,4432590.3047216805,33630.58517449972,57082.25850958319,Margined,4.811419309905324,0.08,Hedge Fund,AA,51326174.75073902
T0001246,CP0060,JPM_EMEA_FR,Securities Financing,SFT,2418849.099681353,149798.84511091452,0.0,Unmargined,1.3746046873145135,0.03,Sovereign,BB,117319042.5294034
T0001247,CP0040,JPM_EMEA_UK,FX Forward,FX,5291568.083985083,37443.33363825809,84422.76385797055,Margined,0.6847721306017827,0.04,Corporate,BBB,119924173.94929542
T0001248,CP0025,JPM_EMEA_DE,Equity Option,Equity,51977330.9058891,1277341.0790030467,0.0,Unmargined,1.303482594646179,0.08,Sovereign,A,81553622.137404
T0001249,CP0015,JPM_EMEA_UK,Interest Rate Swap,Interest Rate,3542014.987695516,-41852.9140679406,18586.257593095783,Margined,6.015313730093954,0.005,Sovereign,BBB,96819013.89258417
T0001250,CP0010,JPM_EMEA_DE,Commodity Future,Commodity,2588008.6880699387,-46252.25879719144,0.0,Unmargined,2.843865967776631,0.15,Bank,AA,96393794.38310257
T0001251,CP0061,JPM_EMEA_CH,Equity Option,Equity,11041116.693439681,31759.245754419044,134435.1114691619,Margined,3.8458543178515527,0.08,CCP,BBB,135803023.8142082
T0001252,CP0059,JPM_EMEA_CH,Securities Financing,SFT,5082879.873867177,-117110.20631778,99572.71953224177,Margined,0.22634231573256647,0.03,Sovereign,AA,135918044.6131388
T0001253,CP0029,JPM_EMEA_FR,Securities Financing,SFT,16871572.96082404,427684.70470124757,424645.175010533,Margined,3.4654282761913873,0.03,Corporate,AAA,77058489.83965607
T0001254,CP0076,JPM_EMEA_FR,FX Forward,FX,4716099.028855019,-265136.8069943032,76235.35348141662,Margined,2.894421414916082,0.04,Asset Manager,BBB,43304880.06050608
T0001255,CP0078,JPM_EMEA_DE,Interest Rate Swap,Interest Rate,3120119.0344123407,97190.2918242177,46391.13989987753,Margined,3.765193695886276,0.005,Hedge Fund,BBB,133693065.30887038
T0001256,CP0050,JPM_EMEA_FR,Interest Rate Swap,Interest Rate,672044.6299994204,924.7034582508002,25270.184437991706,Margined,2.6581503740769445,0.005,Sovereign,A,143876921.35906684
T0001257,CP0021,JPM_EMEA_CH,FX Forward,FX,791804.8391941237,-5950.595799194525,10813.01438538987,Margined,0.5743232990003342,0.04,Corporate,BBB,83265583.00896084
T0001258,CP0041,JPM_EMEA_FR,Securities Financing,SFT,638008.0811698051,-36688.30993226543,2089.875563638424,Margined,0.35552421995024075,0.03,Bank,BBB,34006322.97426655
T0001259,CP0066,JPM_EMEA_UK,FX Forward,FX,5845274.326783542,-200449.67495358712,56992.58288413323,Margined,6.6510889498882735,0.04,Hedge Fund,BBB,106015964.21180893
T0001260,CP0041,JPM_EMEA_FR,Commodity Future,Commodity,1024336.2903545841,42973.77711960542,25007.61117568981,Margined,4.246539664555806,0.15,Bank,BBB,34006322.97426655
T0001261,CP0040,JPM_EMEA_UK,FX Forward,FX,14039457.061818374,-102501.58366097193,23118.229181308678,Margined,4.5216040900382515,0.04,Corporate,BBB,119924173.94929542
T0001262,CP0043,JPM_EMEA_DE,Interest Rate Swap,Interest Rate,4122834.556610666,40172.67854627519,0.0,Unmargined,6.4121606542047775,0.005,Sovereign,BBB,49927818.8163345
T0001263,CP0068,JPM_EMEA_UK,FX Forward,FX,3133364.796577137,-96456.31267947222,65335.08798941392,Margined,3.8784874568294847,0.04,Asset Manager,AA,32280666.847996987
T0001264,CP0033,JPM_EMEA_UK,Equity Option,Equity,1720197.8029280922,-1749.290248996344,16904.443775290405,Margined,4.328092216998859,0.08,Bank,BBB,38232381.569819406
T0001265,CP0015,JPM_EMEA_CH,Equity Option,Equity,7452526.551963396,-357909.98501807865,82857.44138608531,Margined,3.6851181752545825,0.08,Sovereign,BBB,96819013.89258417
T0001266,CP0042,JPM_EMEA_FR,FX Forward,FX,1789250.0070512702,6255.001346611463,36835.25869251421,Margined,1.2730225022101946,0.04,Sovereign,A,139081539.86788905
T0001267,CP0051,JPM_EMEA_DE,Interest Rate Swap,Interest Rate,1493192.3682619354,19370.335570936906,9355.493147982883,Margined,2.215000807300559,0.005,Sovereign,AA,57819318.95821542
T0001268,CP0075,JPM_EMEA_DE,Equity Option,Equity,13126646.93969537,147300.87145985675,0.0,Unmargined,6.196162385545478,0.08,Sovereign,AA,39926961.16118422
T0001269,CP0010,JPM_EMEA_FR,Interest Rate Swap,Interest Rate,5702561.853747744,-180346.19350924116,5069.076991804155,Margined,3.134857092189582,0.005,Bank,AA,96393794.38310257
T0001270,CP0076,JPM_EMEA_FR,Securities Financing,SFT,3162506.574268695,-37860.847008351964,0.0,Unmargined,1.4688392701442248,0.03,Asset Manager,BBB,43304880.06050608
T0001271,CP0065,JPM_EMEA_UK,Interest Rate Swap,Interest Rate,7596801.822172085,142833.51134687022,0.0,Unmargined,5.804880744028503,0.005,Asset Manager,BBB,120361616.17442845
T0001272,CP0057,JPM_EMEA_DE,Interest Rate Swap,Interest Rate,4035887.5252667638,-29866.84236043481,0.0,Unmargined,0.6567689716163722,0.005,Corporate,A,76562617.80039492
T0001273,CP0019,JPM_EMEA_CH,FX Forward,FX,5866789.270695149,-58994.60470840739,16014.381264959899,Margined,4.494735487994632,0.04,CCP,AA,121755579.54253721
T0001274,CP0017,JPM_EMEA_FR,FX Forward,FX,1767288.5135254473,117739.17542070943,17382.015953151156,Margined,4.915865142252792,0.04,Corporate,A,144612697.7213879
T0001275,CP0035,JPM_EMEA_CH,FX Forward,FX,31711930.610507555,-1055519.5332090594,0.0,Unmargined,2.1611896844915655,0.04,CCP,AAA,34114846.34760766
T0001276,CP0015,JPM_EMEA_FR,FX Forward,FX,2240444.7459175508,84721.62580777875,0.0,Unmargined,1.2098493102739933,0.04,Sovereign,BBB,96819013.89258417
T0001277,CP0053,JPM_EMEA_DE,Securities Financing,SFT,18959605.470071957,-766230.143839104,127001.4447805348,Margined,3.165634726472967,0.03,Asset Manager,A,53275461.77378836
T0001278,CP0061,JPM_EMEA_FR,FX Forward,FX,3311580.314361261,75892.60538498481,8198.90148236087,Margined,5.297474518051261,0.04,CCP,BBB,135803023.8142082
T0001279,CP0039,JPM_EMEA_UK,FX Forward,FX,8965568.127520531,222214.6501588449,81234.29522484908,Margined,6.21250632759599,0.04,Hedge Fund,A,114509299.85729474
T0001280,CP0056,JPM_EMEA_FR,FX Forward,FX,8335452.969075099,-148894.3661461454,122569.76784450462,Margined,5.716591444340957,0.04,Bank,A,25838380.52100277
T0001281,CP0063,JPM_EMEA_FR,Interest Rate Swap,Interest Rate,12593063.119374914,-536611.6999064651,0.0,Unmargined,0.8112279264235984,0.005,Asset Manager,AA,87451586.85023838
T0001282,CP0074,JPM_EMEA_DE,Equity Option,Equity,1725765.3857412634,-119017.68963137196,0.0,Unmargined,1.5982972649381062,0.08,Bank,A,128044647.3762378
T0001283,CP0056,JPM_EMEA_DE,Interest Rate Swap,Interest Rate,11727420.853460316,-252479.32471356457,135693.00439567695,Margined,4.338050858791518,0.005,Bank,A,25838380.52100277
T0001284,CP0019,JPM_EMEA_UK,Equity Option,Equity,25348871.49367104,466866.71095808723,479182.21098246635,Margined,4.983875272354344,0.08,CCP,AA,121755579.54253721
T0001285,CP0011,JPM_EMEA_UK,Interest Rate Swap,Interest Rate,3088240.100455224,-116479.10708471031,54259.52749124447,Margined,0.11073074661027066,0.005,Corporate,AA,42177085.909795195
T0001286,CP0076,JPM_EMEA_UK,Securities Financing,SFT,4141261.403486123,14052.129570576506,0.0,Unmargined,1.0408874157421009,0.03,Asset Manager,BBB,43304880.06050608
T0001287,CP0062,JPM_EMEA_FR,FX Forward,FX,2369899.9015916088,-122464.67914715411,0.0,Unmargined,0.7034175103975028,0.04,Sovereign,BBB,136148063.1607222
T0001288,CP0068,JPM_EMEA_UK,Securities Financing,SFT,2828815.602214755,-23156.929844912338,33393.9791673496,Margined,2.4207092485631057,0.03,Asset Manager,AA,32280666.847996987
T0001289,CP0034,JPM_EMEA_FR,FX Forward,FX,22147334.70825042,-889138.7844971668,307648.6831925228,Margined,4.781576021082035,0.04,Corporate,AA,92024698.66007642
T0001290,CP0013,JPM_EMEA_UK,Interest Rate Swap,Interest Rate,1465299.7587059087,-3999.268371338439,0.0,Unmargined,6.605199445114181,0.005,Sovereign,BBB,95537948.16105135
T0001291,CP0048,JPM_EMEA_CH,Commodity Future,Commodity,1559204.1631598435,-27344.981828009662,23024.73504195067,Margined,0.672186996097748,0.15,CCP,A,125072691.36835924
T0001292,CP0052,JPM_EMEA_FR,Equity Option,Equity,20029281.894439414,-834476.2615104147,0.0,Unmargined,3.5673348403971326,0.08,Hedge Fund,BBB,86957426.80012289
T0001293,CP0018,JPM_EMEA_DE,Commodity Future,Commodity,7469609.985522374,-172253.476837228,54384.214159451425,Margined,2.638642841475949,0.15,Bank,A,82699446.80257703
T0001294,CP0038,JPM_EMEA_FR,FX Forward,FX,33336890.61788165,-1089965.97977767,608966.914150522,Margined,2.8183348255235408,0.04,Sovereign,BBB,105724942.50994723
T0001295,CP0034,JPM_EMEA_UK,Equity Option,Equity,2549394.1005100217,-117239.91577548806,33949.12779647683,Margined,0.5229219125904164,0.08,Corporate,AA,92024698.66007642
T0001296,CP0021,JPM_EMEA_FR,Securities Financing,SFT,4538404.408273684,171987.84492866974,90140.81514566709,Margined,2.0538301835670874,0.03,Corporate,BBB,83265583.00896084
T0001297,CP0066,JPM_EMEA_FR,Equity Option,Equity,2066006.294389809,-26044.32379628124,0.0,Unmargined,1.8045691725941946,0.08,Hedge Fund,BBB,106015964.21180893
T0001298,CP0039,JPM_EMEA_DE,FX Forward,FX,4616309.284954229,-355815.3825842441,0.0,Unmargined,5.042175581476449,0.04,Hedge Fund,A,114509299.85729474
T0001299,CP0075,JPM_EMEA_FR,Equity Option,Equity,678546.4541039781,-14802.374366655324,12116.524401539367,Margined,4.510915409012735,0.08,Sovereign,AA,39926961.16118422
T0001300,CP0001,JPM_EMEA_CH,Equity Option,Equity,7934726.753430245,254029.56275584348,117941.35043779894,Margined,4.472357607768581,0.08,Bank,A,95932735.95865563
T0001301,CP0076,JPM_EMEA_DE,Securities Financing,SFT,5527681.36501928,-147299.1775203672,0.0,Unmargined,3.6588448579332034,0.03,Asset Manager,BBB,43304880.06050608
T0001302,CP0053,JPM_EMEA_DE,FX Forward,FX,3776281.1350650056,197956.56832542937,0.0,Unmargined,2.427492056375211,0.04,Asset Manager,A,53275461.77378836
T0001303,CP0057,JPM_EMEA_DE,FX Forward,FX,2707241.003806613,-81171.6724559037,48351.52737341041,Margined,1.7443547386765328,0.04,Corporate,A,76562617.80039492
T0001304,CP0024,JPM_EMEA_FR,Commodity Future,Commodity,1634832.5345501476,28804.575373118216,0.0,Unmargined,0.12842240329383403,0.15,CCP,BBB,94324646.8088898
T0001305,CP0007,JPM_EMEA_UK,FX Forward,FX,8281360.555145177,300467.22595307365,68355.60138668743,Margined,1.0780999123827293,0.04,Bank,A,62881957.60326209
T0001306,CP0019,JPM_EMEA_CH,Commodity Future,Commodity,1240115.3201534885,19540.235473645727,0.0,Unmargined,1.578176707983115,0.15,CCP,AA,121755579.54253721
T0001307,CP0036,JPM_EMEA_DE,FX Forward,FX,6673805.741640997,-321058.70229335927,115349.26954272387,Margined,6.830166554511905,0.04,Bank,AA,107391212.09517552
T0001308,CP0028,JPM_EMEA_CH,Interest Rate Swap,Interest Rate,31840713.063293282,-1050310.5035125462,0.0,Margined,6.794639011721582,0.005,Sovereign,A,87687412.32129991
T0001309,CP0016,JPM_EMEA_CH,Commodity Future,Commodity,17669073.470145993,723592.460304945,0.0,Unmargined,5.385279818251107,0.15,Sovereign,BBB,22964503.233860675
T0001310,CP0002,JPM_EMEA_UK,Interest Rate Swap,Interest Rate,887955.5606540191,-25006.072588556774,0.0,Unmargined,4.291765865441253,0.005,Sovereign,BBB,104480058.20212659
T0001311,CP0056,JPM_EMEA_UK,Interest Rate Swap,Interest Rate,2338608.9827026417,79860.40508682933,0.0,Unmargined,4.698218409873675,0.005,Bank,A,25838380.52100277
T0001312,CP0054,JPM_EMEA_UK,Equity Option,Equity,6096684.517370436,-91815.85705425749,82729.06584797002,Margined,4.223815921034359,0.08,Asset Manager,A,141685664.10636523
T0001313,CP0013,JPM_EMEA_FR,Commodity Future,Commodity,3728523.9784477237,18457.335265458954,0.0,Unmargined,4.545469494390998,0.15,Sovereign,BBB,95537948.16105135
T0001314,CP0063,JPM_EMEA_DE,Securities Financing,SFT,986974.2222517325,-47881.825309332715,0.0,Unmargined,1.5736965145118595,0.03,Asset Manager,AA,87451586.85023838
T0001315,CP0079,JPM_EMEA_UK,Interest Rate Swap,Interest Rate,5880314.886446247,-125188.17060835604,108312.97068713084,Margined,6.8380783206417,0.005,Corporate,A,45536506.54289452
T0001316,CP0080,JPM_EMEA_FR,Interest Rate Swap,Interest Rate,3960132.427533543,-121321.52134222243,37143.93246457759,Margined,5.3086377101771784,0.005,Sovereign,A,60342077.47701232
T0001317,CP0016,JPM_EMEA_DE,Securities Financing,SFT,27129447.72164474,214213.78740437515,0.0,Unmargined,1.677993909875785,0.03,Sovereign,BBB,22964503.233860675
T0001318,CP0035,JPM_EMEA_CH,Interest Rate Swap,Interest Rate,3105161.2875671424,10128.77308200489,0.0,Margined,3.619853180332881,0.005,CCP,AAA,34114846.34760766
T0001319,CP0005,JPM_EMEA_CH,Interest Rate Swap,Interest Rate,12862263.914661871,208275.37729607985,266734.8755672511,Margined,5.535060306682753,0.005,Asset Manager,BBB,25409842.60204602
T0001320,CP0001,JPM_EMEA_CH,Interest Rate Swap,Interest Rate,1126601.927063835,-19341.82590383334,0.0,Unmargined,6.382562747047482,0.005,Bank,A,95932735.95865563
T0001321,CP0068,JPM_EMEA_FR,FX Forward,FX,1430873.4517466952,-46586.45295611466,30546.15973921903,Margined,2.7177192720922485,0.04,Asset Manager,AA,32280666.847996987
T0001322,CP0078,JPM_EMEA_FR,Securities Financing,SFT,8231401.739717628,52644.077942624914,0.0,Unmargined,3.4119254585655376,0.03,Hedge Fund,BBB,133693065.30887038
T0001323,CP0017,JPM_EMEA_UK,Commodity Future,Commodity,11822744.09211727,-426039.81421175716,217901.34763838886,Margined,2.2036847123370924,0.15,Corporate,A,144612697.7213879
T0001324,CP0038,JPM_EMEA_CH,Equity Option,Equity,1535569.9806969902,57959.764032867664,0.0,Margined,2.667226509531779,0.08,Sovereign,BBB,105724942.50994723
T0001325,CP0002,JPM_EMEA_DE,Interest Rate Swap,Interest Rate,4097478.430685463,-16423.85531078288,0.0,Unmargined,1.632579975885958,0.005,Sovereign,BBB,104480058.20212659
T0001326,CP0066,JPM_EMEA_UK,FX Forward,FX,1004726.3215805594,-11468.678518924644,0.0,Unmargined,0.2578863508440754,0.04,Hedge Fund,BBB,106015964.21180893
T0001327,CP0044,JPM_EMEA_UK,FX Forward,FX,3337007.792054842,53979.92790453389,57749.12573250602,Margined,2.943499042365612,0.04,Asset Manager,AA,24863632.30290337
T0001328,CP0024,JPM_EMEA_DE,Interest Rate Swap,Interest Rate,9236999.899626533,-24688.2605755028,0.0,Unmargined,3.3205212243758355,0.005,CCP,BBB,94324646.8088898
T0001329,CP0078,JPM_EMEA_DE,Interest Rate Swap,Interest Rate,2589166.1187130734,-150253.9964906307,0.0,Unmargined,5.470283542235503,0.005,Hedge Fund,BBB,133693065.30887038
T0001330,CP0011,JPM_EMEA_UK,FX Forward,FX,3118211.6711818064,-115841.7085146112,0.0,Unmargined,3.6822198614224484,0.04,Corporate,AA,42177085.909795195
T0001331,CP0022,JPM_EMEA_CH,Interest Rate Swap,Interest Rate,1292397.425355184,47844.3001977639,6026.202317248326,Margined,2.318460709216238,0.005,Asset Manager,A,83791909.26608771
T0001332,CP0060,JPM_EMEA_DE,Equity Option,Equity,2091613.8551454826,6140.878246355027,13589.701391198196,Margined,3.269537650226226,0.08,Sovereign,BB,117319042.5294034
T0001333,CP0033,JPM_EMEA_DE,Equity Option,Equity,23205870.311516743,-1365778.5519583884,0.0,Unmargined,5.583123001556616,0.08,Bank,BBB,38232381.569819406
T0001334,CP0057,JPM_EMEA_FR,Interest Rate Swap,Interest Rate,4302598.974701624,53024.89560300604,0.0,Unmargined,3.392609105213592,0.005,Corporate,A,76562617.80039492
T0001335,CP0019,JPM_EMEA_DE,FX Forward,FX,1468125.7605451043,-28737.17980919914,30684.202478093554,Margined,3.908521925700558,0.04,CCP,AA,121755579.54253721
T0001336,CP0053,JPM_EMEA_CH,Commodity Future,Commodity,2919821.2866405263,-89368.4251775445,29455.49380250119,Margined,1.2523426643977267,0.15,Asset Manager,A,53275461.77378836
T0001337,CP0045,JPM_EMEA_FR,Commodity Future,Commodity,809666.1635410924,-32443.764762737646,9705.314903671586,Margined,0.10306522361336895,0.15,Bank,AAA,92130821.02089284
T0001338,CP0004,JPM_EMEA_FR,Commodity Future,Commodity,1450828.3497113734,50775.410864537014,25526.042350068827,Margined,6.5112526851515815,0.15,Asset Manager,A,74054962.28217925
T0001339,CP0026,JPM_EMEA_CH,FX Forward,FX,15590068.862688975,-1072478.9239173268,123997.32688596973,Margined,1.9123558692908076,0.04,Corporate,A,54706836.20194616
T0001340,CP0024,JPM_EMEA_UK,Commodity Future,Commodity,3468811.1831175545,-101683.42191123718,33541.79776074305,Margined,2.4656463194198257,0.15,CCP,BBB,94324646.8088898
T0001341,CP0048,JPM_EMEA_UK,Interest Rate Swap,Interest Rate,26496815.00348172,111404.18426608604,174941.65644103184,Margined,0.8481836411877683,0.005,CCP,A,125072691.36835924
T0001342,CP0036,JPM_EMEA_FR,FX Forward,FX,3636226.6982449056,200875.00757347306,30617.24116192676,Margined,3.615335902192296,0.04,Bank,AA,107391212.09517552
T0001343,CP0039,JPM_EMEA_FR,Interest Rate Swap,Interest Rate,3858643.3768564574,74799.94413726876,47815.64851222602,Margined,5.172836982954757,0.005,Hedge Fund,A,114509299.85729474
T0001344,CP0014,JPM_EMEA_UK,FX Forward,FX,7592709.56898356,-224826.67178830417,0.0,Unmargined,4.818166241576398,0.04,Sovereign,BBB,65093074.58952882
T0001345,CP0075,JPM_EMEA_UK,FX Forward,FX,276293.04449843377,14789.240268227864,3947.628556430903,Margined,5.9964346978139975,0.04,Sovereign,AA,39926961.16118422
T0001346,CP0060,JPM_EMEA_CH,Interest Rate Swap,Interest Rate,4909802.341946735,-232868.58145244038,70095.54906961814,Margined,2.0416621481449733,0.005,Sovereign,BB,117319042.5294034
T0001347,CP0054,JPM_EMEA_UK,Commodity Future,Commodity,3808775.9823952564,35371.210485294905,40243.56838244247,Margined,2.236909797661418,0.15,Asset Manager,A,141685664.10636523
T0001348,CP0023,JPM_EMEA_DE,FX Forward,FX,17678217.900305174,301810.71396107884,95114.48976042045,Margined,6.76073612364691,0.04,Hedge Fund,A,141917439.14674777
T0001349,CP0055,JPM_EMEA_UK,Interest Rate Swap,Interest Rate,10495785.0764668,-323679.9926079136,134762.77773975683,Margined,3.2233685957564013,0.005,Asset Manager,A,41399016.28566236
T0001350,CP0019,JPM_EMEA_DE,Interest Rate Swap,Interest Rate,1287371.6709932142,31432.15365089231,0.0,Unmargined,5.8498703374985555,0.005,CCP,AA,121755579.54253721
T0001351,CP0039,JPM_EMEA_FR,FX Forward,FX,13852046.44870535,-249145.04774674735,171387.9539203964,Margined,4.299939178050887,0.04,Hedge Fund,A,114509299.85729474
T0001352,CP0022,JPM_EMEA_FR,FX Forward,FX,3077076.123456905,74865.21581410903,63957.08796515735,Margined,1.3070103645414322,0.04,Asset Manager,A,83791909.26608771
T0001353,CP0025,JPM_EMEA_UK,FX Forward,FX,1619052.5538007407,-104244.06230812117,0.0,Unmargined,6.704195126285732,0.04,Sovereign,A,81553622.137404
T0001354,CP0052,JPM_EMEA_UK,Interest Rate Swap,Interest Rate,4871479.121321058,57114.01603921024,0.0,Unmargined,2.3048773945688166,0.005,Hedge Fund,BBB,86957426.80012289
T0001355,CP0026,JPM_EMEA_CH,Commodity Future,Commodity,3265866.1323684454,-47105.98288455826,37295.57485068297,Margined,4.510451062352859,0.15,Corporate,A,54706836.20194616
T0001356,CP0059,JPM_EMEA_DE,Securities Financing,SFT,18629748.320365548,749654.2241881945,284936.67601486173,Margined,1.818883755385347,0.03,Sovereign,AA,135918044.6131388
T0001357,CP0041,JPM_EMEA_DE,FX Forward,FX,5623287.119402858,-8656.069492802328,33616.006340144304,Margined,4.050893366790457,0.04,Bank,BBB,34006322.97426655
T0001358,CP0079,JPM_EMEA_CH,Equity Option,Equity,4913336.693626112,214825.9857375975,103856.5996694855,Margined,3.810746210909105,0.08,Corporate,A,45536506.54289452
T0001359,CP0016,JPM_EMEA_CH,Securities Financing,SFT,9844780.772841245,174906.77362361603,108243.24886603188,Margined,1.8642156658642508,0.03,Sovereign,BBB,22964503.233860675
T0001360,CP0076,JPM_EMEA_DE,Securities Financing,SFT,11931309.30705853,-53247.00024594898,105556.9320223899,Margined,6.921957646315706,0.03,Asset Manager,BBB,43304880.06050608
T0001361,CP0011,JPM_EMEA_UK,Equity Option,Equity,8757403.486994013,241427.82855150383,64768.70381083901,Margined,1.027750462465305,0.08,Corporate,AA,42177085.909795195
T0001362,CP0044,JPM_EMEA_DE,Securities Financing,SFT,16539605.432078362,459669.47926482046,162949.2478392388,Margined,3.1289371687239456,0.03,Asset Manager,AA,24863632.30290337
T0001363,CP0030,JPM_EMEA_DE,Securities Financing,SFT,7352032.267853924,121432.41531898727,0.0,Unmargined,0.26807354309835707,0.03,Asset Manager,A,22809570.384442955
T0001364,CP0061,JPM_EMEA_FR,Commodity Future,Commodity,4730097.549417108,-379498.31901240174,63300.4619871234,Margined,4.794921915418394,0.15,CCP,BBB,135803023.8142082
T0001365,CP0011,JPM_EMEA_FR,FX Forward,FX,13811014.46167319,-474955.50015955325,161328.14673668303,Margined,3.2616199546903575,0.04,Corporate,AA,42177085.909795195
T0001366,CP0021,JPM_EMEA_DE,Interest Rate Swap,Interest Rate,3652450.1670728135,176938.21706109567,0.0,Unmargined,3.9426432863963217,0.005,Corporate,BBB,83265583.00896084
T0001367,CP0019,JPM_EMEA_DE,Interest Rate Swap,Interest Rate,4135221.4309977395,-181776.49761490454,24177.036103736544,Margined,4.904625040964114,0.005,CCP,AA,121755579.54253721
T0001368,CP0074,JPM_EMEA_FR,FX Forward,FX,22373367.003568903,691026.9511884826,185989.92830952414,Margined,5.359860750694966,0.04,Bank,A,128044647.3762378
T0001369,CP0043,JPM_EMEA_FR,FX Forward,FX,20251289.87541134,500730.2137494843,317584.8934615602,Margined,6.762502453897438,0.04,Sovereign,BBB,49927818.8163345
T0001370,CP0014,JPM_EMEA_FR,FX Forward,FX,3967430.096353099,-100778.01166439582,68628.91925814569,Margined,6.0547730003539275,0.04,Sovereign,BBB,65093074.58952882
T0001371,CP0064,JPM_EMEA_CH,Equity Option,Equity,2541470.3304720563,-177478.76939578244,46702.95739359462,Margined,2.300442635378103,0.08,CCP,BB,61070776.73800309
T0001372,CP0023,JPM_EMEA_FR,Equity Option,Equity,17278584.7905739,-344050.1596724125,207140.25073177443,Margined,5.104489895893187,0.08,Hedge Fund,A,141917439.14674777
T0001373,CP0018,JPM_EMEA_FR,Commodity Future,Commodity,8905888.783774013,647729.9804361716,134198.3453053093,Margined,0.5779527409441302,0.15,Bank,A,82699446.80257703
T0001374,CP0040,JPM_EMEA_DE,Interest Rate Swap,Interest Rate,5484224.045813157,-165704.2129448655,58420.11729973358,Margined,0.9966376584994463,0.005,Corporate,BBB,119924173.94929542
T0001375,CP0064,JPM_EMEA_CH,Interest Rate Swap,Interest Rate,2899161.771584713,-80593.8185591907,0.0,Margined,3.2443076891452676,0.005,CCP,BB,61070776.73800309
T0001376,CP0068,JPM_EMEA_UK,Commodity Future,Commodity,5573320.073531025,-194594.61253334276,0.0,Unmargined,3.2443905816422607,0.15,Asset Manager,AA,32280666.847996987
T0001377,CP0002,JPM_EMEA_UK,Commodity Future,Commodity,3914101.8915852243,166417.65761357945,0.0,Unmargined,3.5649670373549163,0.15,Sovereign,BBB,104480058.20212659
T0001378,CP0072,JPM_EMEA_FR,Securities Financing,SFT,2058455.988338812,-17501.095543969946,7590.841274372091,Margined,3.352619209403813,0.03,Hedge Fund,AA,51326174.75073902
T0001379,CP0080,JPM_EMEA_FR,Securities Financing,SFT,4550953.128002474,-99696.44686653109,33953.963144408815,Margined,4.507581820368989,0.03,Sovereign,A,60342077.47701232
T0001380,CP0026,JPM_EMEA_DE,Securities Financing,SFT,5215935.22881908,258040.612245838,0.0,Unmargined,6.682700858725138,0.03,Corporate,A,54706836.20194616
T0001381,CP0042,JPM_EMEA_FR,FX Forward,FX,2748071.2286422164,55737.186057836894,8062.911650167171,Margined,1.2501894570715264,0.04,Sovereign,A,139081539.86788905
T0001382,CP0031,JPM_EMEA_UK,FX Forward,FX,9876123.235931082,-317765.83008517884,62355.03955107776,Margined,2.534364103309404,0.04,Asset Manager,AA,127417950.14526652
T0001383,CP0039,JPM_EMEA_FR,Interest Rate Swap,Interest Rate,14514189.44630899,-621576.504101223,0.0,Unmargined,0.5661450623236508,0.005,Hedge Fund,A,114509299.85729474
T0001384,CP0053,JPM_EMEA_DE,Equity Option,Equity,10550698.378815828,427682.5689798312,0.0,Margined,1.4398832012590048,0.08,Asset Manager,A,53275461.77378836
T0001385,CP0053,JPM_EMEA_FR,Securities Financing,SFT,3034497.9050187096,1783.0276696171761,31967.047823708017,Margined,6.911770442887535,0.03,Asset Manager,A,53275461.77378836
T0001386,CP0038,JPM_EMEA_DE,FX Forward,FX,8517440.333037069,-461792.1126412647,22737.520534381634,Margined,0.32491917756215516,0.04,Sovereign,BBB,105724942.50994723
T0001387,CP0039,JPM_EMEA_FR,Equity Option,Equity,4324323.701579842,-269876.9299622408,25889.317860405925,Margined,1.5350608707853068,0.08,Hedge Fund,A,114509299.85729474
T0001388,CP0040,JPM_EMEA_UK,Interest Rate Swap,Interest Rate,1162471.5470848884,-45407.713815271316,12110.74733917507,Margined,3.0142050151863353,0.005,Corporate,BBB,119924173.94929542
T0001389,CP0033,JPM_EMEA_CH,Interest Rate Swap,Interest Rate,7838313.838550438,-340041.4219859289,32132.31335362074,Margined,2.084051963543579,0.005,Bank,BBB,38232381.569819406
T0001390,CP0010,JPM_EMEA_DE,Interest Rate Swap,Interest Rate,4629394.129966128,-331523.3851492495,0.0,Unmargined,3.8393012213065254,0.005,Bank,AA,96393794.38310257
T0001391,CP0030,JPM_EMEA_UK,Interest Rate Swap,Interest Rate,53508598.6377892,-2059157.73168068,1220488.5933542876,Margined,6.933603735664238,0.005,Asset Manager,A,22809570.384442955
T0001392,CP0058,JPM_EMEA_CH,Securities Financing,SFT,17176895.989175055,-552543.2924560175,0.0,Unmargined,4.942336280344818,0.03,Bank,AA,149008823.32725883
T0001393,CP0079,JPM_EMEA_UK,FX Forward,FX,8145328.054629626,-131904.18075208578,164510.416438862,Margined,2.870729396218131,0.04,Corporate,A,45536506.54289452
T0001394,CP0066,JPM_EMEA_FR,Commodity Future,Commodity,5131843.043540038,304071.2023449697,4937.42095169636,Margined,4.796410335704429,0.15,Hedge Fund,BBB,106015964.21180893
T0001395,CP0069,JPM_EMEA_UK,Equity Option,Equity,4711548.469867918,-44003.57536222097,47376.654431045645,Margined,6.112183499679155,0.08,Bank,AA,117082649.47537337
T0001396,CP0063,JPM_EMEA_CH,Interest Rate Swap,Interest Rate,1466098.7443221027,-8598.844071887055,23075.468451197747,Margined,1.6415694973810955,0.005,Asset Manager,AA,87451586.85023838
T0001397,CP0041,JPM_EMEA_UK,Interest Rate Swap,Interest Rate,702793.0118056155,12526.538881584811,13331.651232773325,Margined,5.0326597149806505,0.005,Bank,BBB,34006322.97426655
T0001398,CP0055,JPM_EMEA_DE,Commodity Future,Commodity,1671523.108915197,-13883.892398282696,43504.43766884588,Margined,4.316954806466812,0.15,Asset Manager,A,41399016.28566236
T0001399,CP0067,JPM_EMEA_FR,Interest Rate Swap,Interest Rate,3813614.179147443,53411.01559171791,78378.60650741842,Margined,5.150051035497393,0.005,CCP,A,68575504.7535823
T0001400,CP0018,JPM_EMEA_CH,Securities Financing,SFT,487119.93306617305,4784.258502733525,9339.019023662942,Margined,0.6349130597968649,0.03,Bank,A,82699446.80257703
T0001401,CP0012,JPM_EMEA_DE,Interest Rate Swap,Interest Rate,2320940.679606859,9958.227606387833,76750.64108733546,Margined,5.143944174469276,0.005,CCP,AAA,140265615.38898364
T0001402,CP0022,JPM_EMEA_DE,Equity Option,Equity,3122647.900646025,302354.48287517513,39877.689619705656,Margined,5.5267791555151735,0.08,Asset Manager,A,83791909.26608771
T0001403,CP0043,JPM_EMEA_DE,Commodity Future,Commodity,3224789.92191469,102836.63038145847,31240.257155089796,Margined,4.826263667834012,0.15,Sovereign,BBB,49927818.8163345
T0001404,CP0063,JPM_EMEA_CH,Interest Rate Swap,Interest Rate,2063845.0310228257,-78137.72900797972,27694.454197731848,Margined,1.420821662268495,0.005,Asset Manager,AA,87451586.85023838
T0001405,CP0037,JPM_EMEA_CH,Interest Rate Swap,Interest Rate,2842774.5990356305,36836.03794142982,0.0,Unmargined,1.1713437506156665,0.005,CCP,AA,56560391.89907108
T0001406,CP0079,JPM_EMEA_UK,Securities Financing,SFT,22425264.19718398,-621421.747239265,0.0,Unmargined,5.1817177577440665,0.03,Corporate,A,45536506.54289452
T0001407,CP0026,JPM_EMEA_CH,Interest Rate Swap,Interest Rate,7755789.855811473,121135.95021652363,0.0,Margined,4.551573398798123,0.005,Corporate,A,54706836.20194616
T0001408,CP0037,JPM_EMEA_CH,FX Forward,FX,2284149.1327740676,-109939.66011663826,17733.78600797911,Margined,6.886266591318671,0.04,CCP,AA,56560391.89907108
T0001409,CP0074,JPM_EMEA_FR,FX Forward,FX,3735742.420613855,-144843.25369120334,41382.04764123422,Margined,3.210479961013336,0.04,Bank,A,128044647.3762378
T0001410,CP0014,JPM_EMEA_DE,Interest Rate Swap,Interest Rate,3888334.9223490534,46802.97248516052,76200.01958754056,Margined,1.6437494337862588,0.005,Sovereign,BBB,65093074.58952882
T0001411,CP0067,JPM_EMEA_DE,Commodity Future,Commodity,1855842.7904956595,64803.09611198817,38766.18849704652,Margined,5.399568428577149,0.15,CCP,A,68575504.7535823
T0001412,CP0013,JPM_EMEA_CH,Commodity Future,Commodity,1853663.85621117,32610.67816342919,7954.189281275014,Margined,5.252250769951295,0.15,Sovereign,BBB,95537948.16105135
T0001413,CP0073,JPM_EMEA_DE,FX Forward,FX,10988160.571163999,328481.2446470651,0.0,Unmargined,3.6827866577791433,0.04,Asset Manager,A,35958531.21349318
T0001414,CP0026,JPM_EMEA_DE,Commodity Future,Commodity,2628754.036628273,34393.69658609582,0.0,Unmargined,5.235041629123978,0.15,Corporate,A,54706836.20194616
T0001415,CP0051,JPM_EMEA_DE,Interest Rate Swap,Interest Rate,1338564.7717303792,8081.4020498958,18633.30314204458,Margined,2.20861731981589,0.005,Sovereign,AA,57819318.95821542
T0001416,CP0057,JPM_EMEA_UK,Interest Rate Swap,Interest Rate,3831107.8492706898,-67539.61398227232,0.0,Margined,1.5492562795613416,0.005,Corporate,A,76562617.80039492
T0001417,CP0031,JPM_EMEA_DE,Equity Option,Equity,4501020.3442879,128076.8188342007,31685.11671100332,Margined,0.9263626141214546,0.08,Asset Manager,AA,127417950.14526652
T0001418,CP0045,JPM_EMEA_UK,Securities Financing,SFT,556320.9722527415,19955.663393671635,11348.163695239513,Margined,2.0688215083065438,0.03,Bank,AAA,92130821.02089284
T0001419,CP0061,JPM_EMEA_UK,Interest Rate Swap,Interest Rate,3840290.4559241827,-8483.39054614773,51299.47435091894,Margined,4.599237429275391,0.005,CCP,BBB,135803023.8142082
T0001420,CP0071,JPM_EMEA_DE,Interest Rate Swap,Interest Rate,9528376.01483892,-38994.03521978368,122558.90619146153,Margined,1.84608961349949,0.005,Sovereign,A,141785709.5693913
T0001421,CP0009,JPM_EMEA_CH,FX Forward,FX,6280965.725741015,349844.78757103503,86786.47364670648,Margined,6.189900475393817,0.04,Hedge Fund,BBB,33442385.803931713
T0001422,CP0040,JPM_EMEA_CH,Commodity Future,Commodity,37191843.49366257,-26583.32735754487,16898.692770828027,Margined,1.7858536778512102,0.15,Corporate,BBB,119924173.94929542
T0001423,CP0069,JPM_EMEA_DE,Interest Rate Swap,Interest Rate,13976870.321007388,37024.80583332041,156920.16206974688,Margined,4.806911970485799,0.005,Bank,AA,117082649.47537337
T0001424,CP0045,JPM_EMEA_CH,FX Forward,FX,17034290.247385498,288695.5630288286,396330.7472593719,Margined,3.7165745669915666,0.04,Bank,AAA,92130821.02089284
T0001425,CP0003,JPM_EMEA_UK,Commodity Future,Commodity,65784240.070306286,-225193.85777230537,0.0,Unmargined,1.5202524027064175,0.15,Corporate,BBB,30977761.748185582
T0001426,CP0011,JPM_EMEA_FR,FX Forward,FX,8537349.72422692,-245123.62798500454,93897.22530977128,Margined,3.9155693374867635,0.04,Corporate,AA,42177085.909795195
T0001427,CP0066,JPM_EMEA_FR,Interest Rate Swap,Interest Rate,4708477.319608516,62287.481898084894,115401.71574421178,Margined,6.685395144061857,0.005,Hedge Fund,BBB,106015964.21180893
T0001428,CP0034,JPM_EMEA_DE,Interest Rate Swap,Interest Rate,10591318.483462974,-14366.332889167239,20411.715503661908,Margined,6.6120338513460855,0.005,Corporate,AA,92024698.66007642
T0001429,CP0057,JPM_EMEA_DE,FX Forward,FX,2286581.546295915,147435.90038879542,9664.050963237725,Margined,2.0765786608342967,0.04,Corporate,A,76562617.80039492
T0001430,CP0072,JPM_EMEA_FR,FX Forward,FX,4454793.380519826,122933.13839530258,119873.94160262987,Margined,3.7785954056743902,0.04,Hedge Fund,AA,51326174.75073902
T0001431,CP0008,JPM_EMEA_DE,Securities Financing,SFT,2092933.5997444484,-43620.67098722221,34792.47806938923,Margined,1.098448598207599,0.03,Sovereign,AA,38788144.55258609
T0001432,CP0037,JPM_EMEA_FR,Equity Option,Equity,5955284.154817951,151961.62699383913,57700.16017022032,Margined,3.309797788379188,0.08,CCP,AA,56560391.89907108
T0001433,CP0012,JPM_EMEA_UK,Equity Option,Equity,2084200.3845847053,22457.893190137987,24088.04480217377,Margined,2.2843896394648953,0.08,CCP,AAA,140265615.38898364
T0001434,CP0068,JPM_EMEA_FR,Securities Financing,SFT,2012476.1136737806,92231.62043485376,11163.106582368959,Margined,6.509907839581498,0.03,Asset Manager,AA,32280666.847996987
T0001435,CP0037,JPM_EMEA_UK,FX Forward,FX,6048242.017667865,-111020.91022314325,85962.09618023732,Margined,4.4471373314722715,0.04,CCP,AA,56560391.89907108
T0001436,CP0071,JPM_EMEA_DE,FX Forward,FX,3485400.366297848,23016.41708113837,47328.62650018988,Margined,1.335245650165589,0.04,Sovereign,A,141785709.5693913
T0001437,CP0024,JPM_EMEA_FR,Securities Financing,SFT,582033.7899533928,-2018.6548249565205,7076.994063788756,Margined,6.946756374488304,0.03,CCP,BBB,94324646.8088898
T0001438,CP0012,JPM_EMEA_CH,Interest Rate Swap,Interest Rate,933081.6578136502,1909.8126955328344,0.0,Unmargined,4.874519482463766,0.005,CCP,AAA,140265615.38898364
T0001439,CP0070,JPM_EMEA_DE,Equity Option,Equity,1270013.9309450723,-39347.524891253335,17930.118766223728,Margined,0.9859942906037578,0.08,Asset Manager,BBB,54119867.06997241
T0001440,CP0050,JPM_EMEA_UK,Commodity Future,Commodity,1654208.1829014136,33343.72277916324,0.0,Unmargined,5.606884265168906,0.15,Sovereign,A,143876921.35906684
T0001441,CP0016,JPM_EMEA_UK,Interest Rate Swap,Interest Rate,6053990.797920945,88562.3157948391,24895.11147936457,Margined,3.9250308058642553,0.005,Sovereign,BBB,22964503.233860675
T0001442,CP0056,JPM_EMEA_FR,FX Forward,FX,4979020.6157489205,223970.42095753542,110205.34323066444,Margined,2.8318157776941555,0.04,Bank,A,25838380.52100277
T0001443,CP0034,JPM_EMEA_CH,Interest Rate Swap,Interest Rate,11606598.038357541,-4072.811190092093,340743.8457053559,Margined,1.4144046696943038,0.005,Corporate,AA,92024698.66007642
T0001444,CP0004,JPM_EMEA_CH,Interest Rate Swap,Interest Rate,8491759.172168706,-122403.46725696426,233871.20844157404,Margined,1.981597506804744,0.005,Asset Manager,A,74054962.28217925
T0001445,CP0021,JPM_EMEA_CH,FX Forward,FX,11683730.485675583,322766.5975014982,200971.63906331552,Margined,1.21244101610928,0.04,Corporate,BBB,83265583.00896084
T0001446,CP0061,JPM_EMEA_DE,Interest Rate Swap,Interest Rate,7349928.259603988,-204307.08298772902,72582.88889082146,Margined,5.633317219878896,0.005,CCP,BBB,135803023.8142082
T0001447,CP0011,JPM_EMEA_DE,Commodity Future,Commodity,4933129.976197885,187332.94068068315,56420.973846056855,Margined,1.9471761708164161,0.15,Corporate,AA,42177085.909795195
T0001448,CP0028,JPM_EMEA_CH,Securities Financing,SFT,12008876.724993285,455130.062085533,183073.14135029307,Margined,3.3162350101042404,0.03,Sovereign,A,87687412.32129991
T0001449,CP0021,JPM_EMEA_CH,Commodity Future,Commodity,10031269.3857073,441423.6172585859,0.0,Unmargined,6.777004445776379,0.15,Corporate,BBB,83265583.00896084
T0001450,CP0059,JPM_EMEA_DE,Interest Rate Swap,Interest Rate,5826344.1527805375,76801.72936065424,131386.8600927446,Margined,6.9621726127346255,0.005,Sovereign,AA,135918044.6131388
T0001451,CP0069,JPM_EMEA_DE,Interest Rate Swap,Interest Rate,14258685.53091958,-242787.96259870197,0.0,Margined,5.549313433436444,0.005,Bank,AA,117082649.47537337
T0001452,CP0064,JPM_EMEA_UK,Interest Rate Swap,Interest Rate,383086.72424126713,1463.9928939185686,3690.732420883367,Margined,5.602428882479078,0.005,CCP,BB,61070776.73800309
T0001453,CP0058,JPM_EMEA_UK,Interest Rate Swap,Interest Rate,2991668.285976116,39796.40209630559,0.0,Unmargined,6.616685995348381,0.005,Bank,AA,149008823.32725883
T0001454,CP0008,JPM_EMEA_FR,Securities Financing,SFT,2946163.735652028,-57759.41506583451,0.0,Unmargined,5.587919237097462,0.03,Sovereign,AA,38788144.55258609
T0001455,CP0074,JPM_EMEA_FR,FX Forward,FX,12666709.322285496,591016.8783616887,127665.34227847568,Margined,3.1841116595733903,0.04,Bank,A,128044647.3762378
T0001456,CP0013,JPM_EMEA_FR,Interest Rate Swap,Interest Rate,19253432.52973103,390901.3983646147,322478.57804763265,Margined,0.4691607989428397,0.005,Sovereign,BBB,95537948.16105135
T0001457,CP0033,JPM_EMEA_DE,Commodity Future,Commodity,938112.867780676,-29295.204236090663,22651.816701896376,Margined,1.4981708276391532,0.15,Bank,BBB,38232381.569819406
T0001458,CP0067,JPM_EMEA_UK,FX Forward,FX,16402955.55348786,1080964.2629765149,27040.1695912196,Margined,3.139617412310014,0.04,CCP,A,68575504.7535823
T0001459,CP0020,JPM_EMEA_DE,Interest Rate Swap,Interest Rate,1239674.9090131049,4225.586429240445,0.0,Unmargined,1.8946006467101908,0.005,Asset Manager,AA,30754899.989917014
T0001460,CP0018,JPM_EMEA_CH,Interest Rate Swap,Interest Rate,1277722.396927953,-48928.598683875796,5662.557089752052,Margined,2.337819377134583,0.005,Bank,A,82699446.80257703
T0001461,CP0003,JPM_EMEA_CH,Equity Option,Equity,3164543.017110792,-91958.12102985664,0.0,Unmargined,0.45956883604937077,0.08,Corporate,BBB,30977761.748185582
T0001462,CP0029,JPM_EMEA_UK,Commodity Future,Commodity,2909810.296893013,151520.88107030865,782.6585331292081,Margined,3.8872950859062767,0.15,Corporate,AAA,77058489.83965607
T0001463,CP0040,JPM_EMEA_DE,Interest Rate Swap,Interest Rate,841875.6846303063,53774.36490230067,0.0,Unmargined,2.49348082284156,0.005,Corporate,BBB,119924173.94929542
T0001464,CP0038,JPM_EMEA_FR,Securities Financing,SFT,7661228.38607102,270686.34414648515,167535.34691971345,Margined,1.8489401344035368,0.03,Sovereign,BBB,105724942.50994723
T0001465,CP0004,JPM_EMEA_UK,Securities Financing,SFT,7890794.17626756,364363.75503397774,74989.25860669021,Margined,4.292093125884442,0.03,Asset Manager,A,74054962.28217925
T0001466,CP0017,JPM_EMEA_DE,Commodity Future,Commodity,11476895.841935031,488703.91151118814,140603.4607063326,Margined,1.9736015163321698,0.15,Corporate,A,144612697.7213879
T0001467,CP0001,JPM_EMEA_UK,Interest Rate Swap,Interest Rate,2593061.000486303,50544.11446956803,11296.115193452497,Margined,3.360029393205055,0.005,Bank,A,95932735.95865563
T0001468,CP0018,JPM_EMEA_DE,Interest Rate Swap,Interest Rate,3844761.7834445587,44278.05518261023,0.0,Unmargined,1.7624950907131496,0.005,Bank,A,82699446.80257703
T0001469,CP0049,JPM_EMEA_CH,Securities Financing,SFT,3880124.327210288,73315.77099889507,104787.07301852261,Margined,4.779573421407534,0.03,Sovereign,AA,61228056.066952996
T0001470,CP0001,JPM_EMEA_CH,FX Forward,FX,21634511.680011384,557316.7145473327,0.0,Unmargined,5.986362859947122,0.04,Bank,A,95932735.95865563
T0001471,CP0014,JPM_EMEA_UK,Equity Option,Equity,235051.5513348066,-6100.981666529048,6063.856858284055,Margined,0.6178886221344735,0.08,Sovereign,BBB,65093074.58952882
T0001472,CP0044,JPM_EMEA_FR,Commodity Future,Commodity,1536258.6494693016,39356.727513610094,22913.904679384563,Margined,5.747959623572011,0.15,Asset Manager,AA,24863632.30290337
T0001473,CP0045,JPM_EMEA_CH,Interest Rate Swap,Interest Rate,4022224.88660819,205340.9744128415,48809.3289314131,Margined,5.969302242564059,0.005,Bank,AAA,92130821.02089284
T0001474,CP0072,JPM_EMEA_CH,Commodity Future,Commodity,1350836.629701377,-9757.140244154702,20534.054989387943,Margined,6.75624815135821,0.15,Hedge Fund,AA,51326174.75073902
T0001475,CP0046,JPM_EMEA_UK,Securities Financing,SFT,3089391.060990849,-33871.0717746919,0.0,Unmargined,5.80347353003853,0.03,CCP,AA,68219896.90211704
T0001476,CP0075,JPM_EMEA_DE,Equity Option,Equity,3526193.0212532114,58813.79944794757,94702.38539295303,Margined,3.889116247309641,0.08,Sovereign,AA,39926961.16118422
T0001477,CP0058,JPM_EMEA_CH,FX Forward,FX,2072194.6278116948,-47117.591005556584,33490.32437979831,Margined,0.5382658774376715,0.04,Bank,AA,149008823.32725883
T0001478,CP0045,JPM_EMEA_CH,Securities Financing,SFT,4266369.738183588,-196631.22838297288,69664.94293876278,Margined,0.5674187966722491,0.03,Bank,AAA,92130821.02089284
T0001479,CP0031,JPM_EMEA_DE,FX Forward,FX,7496555.428762805,301137.87902782176,0.0,Unmargined,1.4170703469972372,0.04,Asset Manager,AA,127417950.14526652
T0001480,CP0009,JPM_EMEA_DE,Commodity Future,Commodity,3158281.0753143723,-49848.079064741265,0.0,Unmargined,3.1573430337225545,0.15,Hedge Fund,BBB,33442385.803931713
T0001481,CP0057,JPM_EMEA_UK,Commodity Future,Commodity,2542377.399056432,1641.6137354040745,0.0,Unmargined,6.6903054851901995,0.15,Corporate,A,76562617.80039492
T0001482,CP0076,JPM_EMEA_CH,Commodity Future,Commodity,3388981.5362397977,-72369.58745708593,43623.07849937133,Margined,1.2687078734933734,0.15,Asset Manager,BBB,43304880.06050608
T0001483,CP0030,JPM_EMEA_UK,Interest Rate Swap,Interest Rate,3970364.9382798187,177421.3893168679,139225.88275528554,Margined,3.7946414076291863,0.005,Asset Manager,A,22809570.384442955
T0001484,CP0029,JPM_EMEA_DE,Interest Rate Swap,Interest Rate,701857.2773710742,20958.276344989587,0.0,Margined,6.986592650123337,0.005,Corporate,AAA,77058489.83965607
T0001485,CP0008,JPM_EMEA_UK,Interest Rate Swap,Interest Rate,6346149.678014509,-53471.92065522711,0.0,Unmargined,0.14575650360053216,0.005,Sovereign,AA,38788144.55258609
T0001486,CP0048,JPM_EMEA_CH,FX Forward,FX,2547960.2361284606,-105221.60488448876,36112.1980465055,Margined,0.3765265521149713,0.04,CCP,A,125072691.36835924
T0001487,CP0025,JPM_EMEA_UK,FX Forward,FX,14123349.715852791,-171493.38363027247,0.0,Unmargined,1.9258911678916437,0.04,Sovereign,A,81553622.137404
T0001488,CP0001,JPM_EMEA_FR,Equity Option,Equity,7223559.498589731,144148.61829789172,0.0,Unmargined,1.6147802448830206,0.08,Bank,A,95932735.95865563
T0001489,CP0001,JPM_EMEA_UK,FX Forward,FX,12888826.398157073,85095.24948323784,164091.23435687108,Margined,3.5152798896493564,0.04,Bank,A,95932735.95865563
T0001490,CP0027,JPM_EMEA_DE,Commodity Future,Commodity,1455414.2491258068,5557.399695651391,0.0,Unmargined,2.972141416856275,0.15,Asset Manager,A,63103969.654531784
T0001491,CP0037,JPM_EMEA_FR,Securities Financing,SFT,2759108.774884087,20443.49667098317,38009.03503970043,Margined,4.106321532096218,0.03,CCP,AA,56560391.89907108
T0001492,CP0037,JPM_EMEA_FR,Interest Rate Swap,Interest Rate,1154694.5771798915,30666.22627934119,9352.003423905637,Margined,1.0721880551168972,0.005,CCP,AA,56560391.89907108
T0001493,CP0060,JPM_EMEA_FR,Commodity Future,Commodity,1976056.421266509,-2895.065214364257,55683.57558166563,Margined,4.816606619316181,0.15,Sovereign,BB,117319042.5294034
T0001494,CP0043,JPM_EMEA_DE,Equity Option,Equity,13990797.41007054,220361.6456015001,139682.58310463233,Margined,1.5421212751826354,0.08,Sovereign,BBB,49927818.8163345
T0001495,CP0063,JPM_EMEA_DE,FX Forward,FX,17703899.730026525,-611531.1543444752,0.0,Unmargined,3.1913435883833543,0.04,Asset Manager,AA,87451586.85023838
T0001496,CP0024,JPM_EMEA_CH,Interest Rate Swap,Interest Rate,1268913.55559749,113421.55544570104,8435.370856968811,Margined,0.2817833926615383,0.005,CCP,BBB,94324646.8088898
T0001497,CP0019,JPM_EMEA_FR,Commodity Future,Commodity,2529487.4487855793,-25130.650490094944,0.0,Unmargined,5.595130987813901,0.15,CCP,AA,121755579.54253721
T0001498,CP0044,JPM_EMEA_FR,Securities Financing,SFT,3706539.489192059,26411.89332058733,0.0,Unmargined,4.408393725820526,0.03,Asset Manager,AA,24863632.30290337
T0001499,CP0009,JPM_EMEA_CH,Equity Option,Equity,7184313.745994388,142438.3119723725,110308.5415956681,Margined,1.500970320857018,0.08,Hedge Fund,BBB,33442385.803931713
T0001500,CP0062,JPM_EMEA_UK,Securities Financing,SFT,688310.040416296,-9896.293196756651,2602.718560516678,Margined,4.232173263238984,0.03,Sovereign,BBB,136148063.1607222
T0001501,CP0015,JPM_EMEA_CH,Securities Financing,SFT,805166.8786245948,220.5092806601897,4815.522482389661,Margined,3.087201470936655,0.03,Sovereign,BBB,96819013.89258417
T0001502,CP0074,JPM_EMEA_CH,FX Forward,FX,6526824.330373099,-987.935290731941,166364.7309131654,Margined,5.792560882175633,0.04,Bank,A,128044647.3762378
T0001503,CP0079,JPM_EMEA_DE,Equity Option,Equity,569643.696310752,-18223.661316781472,3356.4604765579347,Margined,6.886857169398066,0.08,Corporate,A,45536506.54289452
T0001504,CP0043,JPM_EMEA_UK,FX Forward,FX,2558693.956280935,39277.563934595004,0.0,Unmargined,0.9154171205975297,0.04,Sovereign,BBB,49927818.8163345
T0001505,CP0025,JPM_EMEA_DE,Securities Financing,SFT,4703872.801243431,-271520.5411870678,0.0,Unmargined,3.45624094851164,0.03,Sovereign,A,81553622.137404
T0001506,CP0028,JPM_EMEA_DE,Interest Rate Swap,Interest Rate,6061518.407885175,371842.60705774213,121636.8892530456,Margined,1.843259781131499,0.005,Sovereign,A,87687412.32129991
T0001507,CP0035,JPM_EMEA_CH,FX Forward,FX,3471463.5090504284,96346.93218296705,0.0,Unmargined,5.260291078675708,0.04,CCP,AAA,34114846.34760766
T0001508,CP0039,JPM_EMEA_DE,Securities Financing,SFT,2774686.151024544,62067.73841068428,11915.881073159933,Margined,0.28952012583178954,0.03,Hedge Fund,A,114509299.85729474
T0001509,CP0007,JPM_EMEA_CH,Interest Rate Swap,Interest Rate,9307915.999368032,-565758.1616222784,0.0,Unmargined,3.834796732116898,0.005,Bank,A,62881957.60326209
T0001510,CP0016,JPM_EMEA_UK,Commodity Future,Commodity,5320143.55751962,-147572.82103793026,0.0,Unmargined,6.00681190361342,0.15,Sovereign,BBB,22964503.233860675
T0001511,CP0064,JPM_EMEA_CH,FX Forward,FX,2094422.2489187603,101845.636635429,0.0,Unmargined,2.755540034526135,0.04,CCP,BB,61070776.73800309
T0001512,CP0005,JPM_EMEA_CH,Securities Financing,SFT,4153773.747536232,603516.1137148055,52150.91870692993,Margined,5.873383706958927,0.03,Asset Manager,BBB,25409842.60204602
T0001513,CP0036,JPM_EMEA_FR,Securities Financing,SFT,5867703.811346044,245353.5535710539,0.0,Unmargined,1.070888394438602,0.03,Bank,AA,107391212.09517552
T0001514,CP0071,JPM_EMEA_UK,FX Forward,FX,22298771.841367178,809289.7581158306,262599.78942162666,Margined,6.4323633882007405,0.04,Sovereign,A,141785709.5693913
T0001515,CP0007,JPM_EMEA_FR,Commodity Future,Commodity,8781243.527145,161347.428989098,25044.00767729091,Margined,5.550594431573033,0.15,Bank,A,62881957.60326209
T0001516,CP0075,JPM_EMEA_CH,FX Forward,FX,13475203.477792757,-399706.90056686546,231078.9732776758,Margined,2.768134458654399,0.04,Sovereign,AA,39926961.16118422
T0001517,CP0038,JPM_EMEA_CH,Equity Option,Equity,2172083.7599048936,75656.05125391878,40433.823980131,Margined,0.9578630059218695,0.08,Sovereign,BBB,105724942.50994723
T0001518,CP0034,JPM_EMEA_DE,Equity Option,Equity,2368155.672329252,-91274.06406148392,27964.179862968143,Margined,3.6669376713428865,0.08,Corporate,AA,92024698.66007642
T0001519,CP0058,JPM_EMEA_DE,Commodity Future,Commodity,3161081.9818301746,-133936.56335480744,44802.73320198825,Margined,4.709462656922068,0.15,Bank,AA,149008823.32725883
T0001520,CP0063,JPM_EMEA_DE,Interest Rate Swap,Interest Rate,3465031.4687180105,-154448.6716142856,0.0,Unmargined,0.9460394581916659,0.005,Asset Manager,AA,87451586.85023838
T0001521,CP0038,JPM_EMEA_UK,Interest Rate Swap,Interest Rate,1459756.153057,49851.09979177162,15676.578333607267,Margined,6.535561612141361,0.005,Sovereign,BBB,105724942.50994723
T0001522,CP0007,JPM_EMEA_FR,Equity Option,Equity,14185608.824979583,-28505.866349010168,0.0,Unmargined,5.350777068783371,0.08,Bank,A,62881957.60326209
T0001523,CP0078,JPM_EMEA_CH,Equity Option,Equity,9675974.90175516,34156.51551597251,0.0,Unmargined,6.6638378309472825,0.08,Hedge Fund,BBB,133693065.30887038
T0001524,CP0001,JPM_EMEA_DE,FX Forward,FX,2946495.505184127,-1588.5670948693323,8659.072224149819,Margined,2.1297414134456427,0.04,Bank,A,95932735.95865563
T0001525,CP0070,JPM_EMEA_CH,Interest Rate Swap,Interest Rate,7598911.475555523,-299397.71200968523,0.0,Unmargined,3.062340295534258,0.005,Asset Manager,BBB,54119867.06997241
T0001526,CP0035,JPM_EMEA_UK,FX Forward,FX,4998778.207750092,-117349.22626924963,36031.591380829035,Margined,1.7187593170497668,0.04,CCP,AAA,34114846.34760766
T0001527,CP0042,JPM_EMEA_UK,Securities Financing,SFT,8216319.357402437,-178416.6946898,52464.825240805316,Margined,1.9527952521156937,0.03,Sovereign,A,139081539.86788905
T0001528,CP0062,JPM_EMEA_CH,Interest Rate Swap,Interest Rate,1042881.1689932148,-51293.58953723098,0.0,Unmargined,1.0597425356776904,0.005,Sovereign,BBB,136148063.1607222
T0001529,CP0076,JPM_EMEA_UK,FX Forward,FX,3457802.556123984,-61021.06347235753,0.0,Unmargined,0.9203900818245405,0.04,Asset Manager,BBB,43304880.06050608
T0001530,CP0013,JPM_EMEA_DE,Securities Financing,SFT,3774454.3651235495,-142846.96560333713,78679.8234572513,Margined,4.711951852781655,0.03,Sovereign,BBB,95537948.16105135
T0001531,CP0065,JPM_EMEA_CH,Interest Rate Swap,Interest Rate,7462843.148659946,150888.59131632515,0.0,Unmargined,1.1407561293739483,0.005,Asset Manager,BBB,120361616.17442845
T0001532,CP0053,JPM_EMEA_DE,Commodity Future,Commodity,2133698.2887926092,49360.94898446051,31345.80462072487,Margined,0.9773740899630247,0.15,Asset Manager,A,53275461.77378836
T0001533,CP0030,JPM_EMEA_DE,Interest Rate Swap,Interest Rate,328362.7413378947,-14867.401101419413,0.0,Unmargined,3.765370788789738,0.005,Asset Manager,A,22809570.384442955
T0001534,CP0035,JPM_EMEA_UK,Securities Financing,SFT,1356075.1975988292,-14078.924241084389,0.0,Margined,4.942786637094867,0.03,CCP,AAA,34114846.34760766
T0001535,CP0062,JPM_EMEA_FR,Commodity Future,Commodity,3763112.3791487073,244459.66705384586,56225.74563083906,Margined,5.457367321846289,0.15,Sovereign,BBB,136148063.1607222
T0001536,CP0012,JPM_EMEA_DE,Securities Financing,SFT,4263875.91838068,-146364.7955368105,0.0,Unmargined,4.082661317372606,0.03,CCP,AAA,140265615.38898364
T0001537,CP0041,JPM_EMEA_UK,Interest Rate Swap,Interest Rate,21542817.875140186,321684.3282592221,0.0,Margined,1.4508518350119186,0.005,Bank,BBB,34006322.97426655
T0001538,CP0058,JPM_EMEA_DE,FX Forward,FX,7163801.6858846275,26457.83730476843,76700.38002997915,Margined,4.033949256558446,0.04,Bank,AA,149008823.32725883
T0001539,CP0044,JPM_EMEA_UK,Commodity Future,Commodity,4339784.273679224,166001.3682746182,0.0,Unmargined,4.39929149232615,0.15,Asset Manager,AA,24863632.30290337
T0001540,CP0036,JPM_EMEA_CH,Interest Rate Swap,Interest Rate,3872510.8082770784,40046.94878254157,0.0,Unmargined,1.843777125239075,0.005,Bank,AA,107391212.09517552
T0001541,CP0042,JPM_EMEA_FR,Interest Rate Swap,Interest Rate,12067039.690818997,-182156.0877701825,293038.9988224063,Margined,1.054172868527848,0.005,Sovereign,A,139081539.86788905
T0001542,CP0041,JPM_EMEA_CH,Interest Rate Swap,Interest Rate,2217064.245884657,5180.712131890175,0.0,Unmargined,6.4832723827332055,0.005,Bank,BBB,34006322.97426655
T0001543,CP0065,JPM_EMEA_CH,Securities Financing,SFT,3476446.2287727683,9900.738217769582,34780.929329237355,Margined,0.7168327912628562,0.03,Asset Manager,BBB,120361616.17442845
T0001544,CP0066,JPM_EMEA_CH,Equity Option,Equity,1345864.0739993996,-4319.323805764758,31076.64689317884,Margined,1.9764107839617486,0.08,Hedge Fund,BBB,106015964.21180893
T0001545,CP0074,JPM_EMEA_FR,Equity Option,Equity,16530388.426210403,-763189.8656889396,405340.1136447718,Margined,1.658565664553775,0.08,Bank,A,128044647.3762378
T0001546,CP0006,JPM_EMEA_UK,Commodity Future,Commodity,5922705.165294778,257685.65609986955,95358.33415441065,Margined,6.249290995071623,0.15,CCP,BBB,84218806.50178745
T0001547,CP0026,JPM_EMEA_UK,FX Forward,FX,1971453.4549730076,73584.84634530342,11430.366325090452,Margined,3.538617407570255,0.04,Corporate,A,54706836.20194616
T0001548,CP0071,JPM_EMEA_UK,FX Forward,FX,3567408.246623692,-130376.69909213242,0.0,Unmargined,6.698227289276268,0.04,Sovereign,A,141785709.5693913
T0001549,CP0052,JPM_EMEA_UK,FX Forward,FX,6658838.862125071,-70086.92342478075,0.0,Unmargined,5.806123669781905,0.04,Hedge Fund,BBB,86957426.80012289
T0001550,CP0031,JPM_EMEA_CH,Equity Option,Equity,3112964.3779522544,-24523.92847405248,36299.23464868401,Margined,5.296354424698461,0.08,Asset Manager,AA,127417950.14526652
T0001551,CP0051,JPM_EMEA_UK,Interest Rate Swap,Interest Rate,2343917.651317834,-94877.4690700165,8437.326462077519,Margined,1.278617456738184,0.005,Sovereign,AA,57819318.95821542
T0001552,CP0038,JPM_EMEA_UK,Securities Financing,SFT,2079277.910727109,-135855.5885185062,0.0,Unmargined,2.443258662116926,0.03,Sovereign,BBB,105724942.50994723
T0001553,CP0071,JPM_EMEA_CH,Commodity Future,Commodity,5613959.480659485,-131763.7991552346,0.0,Unmargined,5.750879166641512,0.15,Sovereign,A,141785709.5693913
T0001554,CP0045,JPM_EMEA_DE,FX Forward,FX,2796140.523606399,-34879.285919957976,0.0,Margined,6.885538935360962,0.04,Bank,AAA,92130821.02089284
T0001555,CP0036,JPM_EMEA_DE,Equity Option,Equity,2540946.441415032,-128173.384838101,4802.566264033536,Margined,6.151549502854905,0.08,Bank,AA,107391212.09517552
T0001556,CP0050,JPM_EMEA_DE,Interest Rate Swap,Interest Rate,1051515.6568504805,6513.321144759508,8354.518559777318,Margined,6.641464551713239,0.005,Sovereign,A,143876921.35906684
T0001557,CP0016,JPM_EMEA_CH,Securities Financing,SFT,4322936.590534894,175943.39220991224,50058.659212355364,Margined,4.510855950363872,0.03,Sovereign,BBB,22964503.233860675
T0001558,CP0062,JPM_EMEA_DE,Securities Financing,SFT,3336995.7371812537,98354.82964877516,26859.05689930219,Margined,3.4055799871490104,0.03,Sovereign,BBB,136148063.1607222
T0001559,CP0017,JPM_EMEA_CH,Securities Financing,SFT,2899812.3049822417,-12857.76155630275,28522.13785056644,Margined,3.627314643311611,0.03,Corporate,A,144612697.7213879
T0001560,CP0002,JPM_EMEA_CH,FX Forward,FX,4879608.731154964,-314317.1144142593,0.0,Unmargined,3.2365180363515393,0.04,Sovereign,BBB,104480058.20212659
T0001561,CP0005,JPM_EMEA_DE,Interest Rate Swap,Interest Rate,8451100.113618877,211696.52463613413,0.0,Unmargined,1.1263490581194529,0.005,Asset Manager,BBB,25409842.60204602
T0001562,CP0006,JPM_EMEA_FR,Interest Rate Swap,Interest Rate,8067630.598685965,41336.32798936334,62298.19330938058,Margined,2.1750464879028293,0.005,CCP,BBB,84218806.50178745
T0001563,CP0009,JPM_EMEA_UK,Interest Rate Swap,Interest Rate,6951954.631789255,103252.43807315938,71567.95226754373,Margined,0.6780999212219608,0.005,Hedge Fund,BBB,33442385.803931713
T0001564,CP0005,JPM_EMEA_CH,Interest Rate Swap,Interest Rate,3144403.1115322,213076.06843311008,29924.904477840086,Margined,0.6654931263895992,0.005,Asset Manager,BBB,25409842.60204602
T0001565,CP0025,JPM_EMEA_CH,Interest Rate Swap,Interest Rate,2268902.025290679,-65499.587185389166,29256.05619610019,Margined,2.2172497382237375,0.005,Sovereign,A,81553622.137404
T0001566,CP0077,JPM_EMEA_UK,Securities Financing,SFT,1408293.5451781899,-141700.4652766916,21618.934699821562,Margined,4.679574657720323,0.03,Hedge Fund,BBB,97919762.89770965
T0001567,CP0009,JPM_EMEA_UK,Interest Rate Swap,Interest Rate,2210321.220879521,-81496.55529979541,0.0,Unmargined,4.31528496577521,0.005,Hedge Fund,BBB,33442385.803931713
T0001568,CP0055,JPM_EMEA_UK,Interest Rate Swap,Interest Rate,4079377.7162491367,69396.6497204589,28276.58731102013,Margined,3.9382682850353494,0.005,Asset Manager,A,41399016.28566236
T0001569,CP0070,JPM_EMEA_CH,Commodity Future,Commodity,1822133.8137408292,1717.190861419877,0.0,Unmargined,5.2550793180456425,0.15,Asset Manager,BBB,54119867.06997241
T0001570,CP0065,JPM_EMEA_UK,Equity Option,Equity,4403287.848769477,-187347.85292954612,97633.09279125134,Margined,2.987706610581063,0.08,Asset Manager,BBB,120361616.17442845
T0001571,CP0029,JPM_EMEA_DE,Commodity Future,Commodity,1523237.0113963957,-75689.81223220122,22975.8480131598,Margined,3.1226080850591487,0.15,Corporate,AAA,77058489.83965607
T0001572,CP0005,JPM_EMEA_DE,Equity Option,Equity,759801.9073598508,-9430.14123047698,0.0,Unmargined,3.6502279228959194,0.08,Asset Manager,BBB,25409842.60204602
T0001573,CP0030,JPM_EMEA_DE,Securities Financing,SFT,9076607.341468826,-395860.92100850295,0.0,Unmargined,0.5128042550823789,0.03,Asset Manager,A,22809570.384442955
T0001574,CP0049,JPM_EMEA_UK,Equity Option,Equity,2488996.8697573896,45354.923191431124,51133.84682126259,Margined,4.092760259148844,0.08,Sovereign,AA,61228056.066952996
T0001575,CP0061,JPM_EMEA_DE,FX Forward,FX,1731972.1111375066,-24940.296390547122,0.0,Unmargined,5.264163606806566,0.04,CCP,BBB,135803023.8142082
T0001576,CP0012,JPM_EMEA_CH,Equity Option,Equity,1339702.0249870839,-29405.28848406836,18762.36905545368,Margined,1.8823145347169121,0.08,CCP,AAA,140265615.38898364
T0001577,CP0025,JPM_EMEA_DE,FX Forward,FX,6106356.854456072,-162060.72086964184,0.0,Unmargined,5.9909564560017605,0.04,Sovereign,A,81553622.137404
T0001578,CP0049,JPM_EMEA_CH,FX Forward,FX,15818846.926153013,145680.43470996522,36750.082925803436,Margined,1.9002037335431774,0.04,Sovereign,AA,61228056.066952996
T0001579,CP0058,JPM_EMEA_FR,FX Forward,FX,2673050.955769649,3986.381920372826,31308.85239347373,Margined,3.616833827527112,0.04,Bank,AA,149008823.32725883
T0001580,CP0025,JPM_EMEA_CH,Interest Rate Swap,Interest Rate,3224348.732544309,22791.32334883473,0.0,Unmargined,6.127596602660542,0.005,Sovereign,A,81553622.137404
T0001581,CP0066,JPM_EMEA_FR,Commodity Future,Commodity,11680563.265332969,73640.46775130575,0.0,Unmargined,5.179993539873687,0.15,Hedge Fund,BBB,106015964.21180893
T0001582,CP0065,JPM_EMEA_DE,Interest Rate Swap,Interest Rate,654324.8467736082,-1653.376669748244,0.0,Unmargined,4.054085628349742,0.005,Asset Manager,BBB,120361616.17442845
T0001583,CP0029,JPM_EMEA_DE,Interest Rate Swap,Interest Rate,28593030.63481282,-1033911.7047902731,400277.1284652871,Margined,4.377983352532454,0.005,Corporate,AAA,77058489.83965607
T0001584,CP0043,JPM_EMEA_DE,Interest Rate Swap,Interest Rate,46080721.0221023,-1177975.5000996855,0.0,Unmargined,0.8067614858860921,0.005,Sovereign,BBB,49927818.8163345
T0001585,CP0039,JPM_EMEA_FR,Commodity Future,Commodity,267123.7704378432,-3689.946706526883,505.5294278523861,Margined,4.9102832992189,0.15,Hedge Fund,A,114509299.85729474
T0001586,CP0054,JPM_EMEA_DE,FX Forward,FX,3628397.650410316,262267.23423313844,91313.12790723206,Margined,4.302884153204142,0.04,Asset Manager,A,141685664.10636523
T0001587,CP0026,JPM_EMEA_DE,Equity Option,Equity,1949060.2420358346,-92013.71357984105,31400.037406029845,Margined,0.6375130295178978,0.08,Corporate,A,54706836.20194616
T0001588,CP0027,JPM_EMEA_DE,Securities Financing,SFT,3069524.274714132,-45012.04916131146,47837.46386926192,Margined,0.9139464633754905,0.03,Asset Manager,A,63103969.654531784
T0001589,CP0034,JPM_EMEA_CH,Interest Rate Swap,Interest Rate,2632435.047754571,9053.857857612951,24350.416139023873,Margined,6.798488157816697,0.005,Corporate,AA,92024698.66007642
T0001590,CP0018,JPM_EMEA_FR,Commodity Future,Commodity,9007463.032927804,-95629.04966223655,127391.59738177099,Margined,1.2878748994949591,0.15,Bank,A,82699446.80257703
T0001591,CP0047,JPM_EMEA_CH,FX Forward,FX,3574139.522443285,134348.09443835187,14669.41500888145,Margined,6.275622540406059,0.04,Asset Manager,BBB,127872666.6072137
T0001592,CP0077,JPM_EMEA_CH,Interest Rate Swap,Interest Rate,1608636.855751886,-17369.139932553317,24286.534632794013,Margined,1.967045476875382,0.005,Hedge Fund,BBB,97919762.89770965
T0001593,CP0028,JPM_EMEA_FR,Equity Option,Equity,3367293.1425877665,-27641.937575447555,8758.460476518194,Margined,2.8030441379131954,0.08,Sovereign,A,87687412.32129991
T0001594,CP0069,JPM_EMEA_UK,Securities Financing,SFT,6693109.725699094,190833.93095610096,61079.26082241633,Margined,3.9106505698928213,0.03,Bank,AA,117082649.47537337
T0001595,CP0038,JPM_EMEA_CH,Interest Rate Swap,Interest Rate,1224549.514815151,77605.71309038915,8396.55823163093,Margined,4.399784512550224,0.005,Sovereign,BBB,105724942.50994723
T0001596,CP0014,JPM_EMEA_DE,Equity Option,Equity,771098.3685801601,37986.18949757744,0.0,Margined,3.5095646934850775,0.08,Sovereign,BBB,65093074.58952882
T0001597,CP0040,JPM_EMEA_DE,Interest Rate Swap,Interest Rate,29342505.427279327,-140341.85676459718,270709.5826788184,Margined,2.471641841266435,0.005,Corporate,BBB,119924173.94929542
T0001598,CP0040,JPM_EMEA_DE,Equity Option,Equity,2104057.622060756,-3646.326410856264,0.0,Unmargined,3.515877316817224,0.08,Corporate,BBB,119924173.94929542
T0001599,CP0002,JPM_EMEA_UK,Equity Option,Equity,3486649.9454612937,5701.277829759313,0.0,Unmargined,4.919777134936876,0.08,Sovereign,BBB,104480058.20212659
T0001600,CP0039,JPM_EMEA_FR,Equity Option,Equity,2687197.8394339494,13825.577248655496,32283.410119068307,Margined,2.805557385569025,0.08,Hedge Fund,A,114509299.85729474
T0001601,CP0014,JPM_EMEA_UK,Equity Option,Equity,6919766.769291862,-205220.79632901459,0.0,Unmargined,3.8394592406003416,0.08,Sovereign,BBB,65093074.58952882
T0001602,CP0064,JPM_EMEA_FR,Interest Rate Swap,Interest Rate,23549021.841591988,771955.3739081221,339993.05273423804,Margined,2.685254091988424,0.005,CCP,BB,61070776.73800309
T0001603,CP0044,JPM_EMEA_CH,Equity Option,Equity,7143681.093778587,51658.24018303745,0.0,Unmargined,2.342991060469987,0.08,Asset Manager,AA,24863632.30290337
T0001604,CP0025,JPM_EMEA_DE,Equity Option,Equity,876278.96423304,-1375.7287136083683,13989.715396280357,Margined,2.1267893025293723,0.08,Sovereign,A,81553622.137404
T0001605,CP0001,JPM_EMEA_DE,Equity Option,Equity,1002173.2922949961,-44586.7781454119,19015.705163247883,Margined,1.6064802112158623,0.08,Bank,A,95932735.95865563
T0001606,CP0046,JPM_EMEA_FR,Interest Rate Swap,Interest Rate,2684057.348791291,5851.291446965121,41963.18503768041,Margined,5.337351886742228,0.005,CCP,AA,68219896.90211704
T0001607,CP0057,JPM_EMEA_CH,FX Forward,FX,3058917.7030492714,-202691.32204834823,0.0,Unmargined,6.888080528162126,0.04,Corporate,A,76562617.80039492
T0001608,CP0034,JPM_EMEA_UK,FX Forward,FX,714868.3290463473,-14553.0943130729,12646.003118256951,Margined,0.25150702683169535,0.04,Corporate,AA,92024698.66007642
T0001609,CP0073,JPM_EMEA_DE,Interest Rate Swap,Interest Rate,9076015.559696587,-178873.9240972134,0.0,Margined,1.4126363881635526,0.005,Asset Manager,A,35958531.21349318
T0001610,CP0016,JPM_EMEA_DE,Interest Rate Swap,Interest Rate,1349823.4461098232,13558.749419266938,38756.68781125874,Margined,6.751536150169357,0.005,Sovereign,BBB,22964503.233860675
T0001611,CP0061,JPM_EMEA_UK,FX Forward,FX,17807076.300068375,1171612.1489410214,0.0,Unmargined,2.4253376397398423,0.04,CCP,BBB,135803023.8142082
T0001612,CP0040,JPM_EMEA_UK,Commodity Future,Commodity,24703055.94191301,494475.1741275846,339348.0043043112,Margined,2.753372972968601,0.15,Corporate,BBB,119924173.94929542
T0001613,CP0026,JPM_EMEA_FR,Interest Rate Swap,Interest Rate,3120648.486582995,158198.38075769,0.0,Unmargined,4.657626078005178,0.005,Corporate,A,54706836.20194616
T0001614,CP0024,JPM_EMEA_CH,Commodity Future,Commodity,6204451.396033079,140111.56488525085,134529.9001969577,Margined,2.5011620615200756,0.15,CCP,BBB,94324646.8088898
T0001615,CP0036,JPM_EMEA_FR,FX Forward,FX,1166895.8915924386,45948.71032283751,0.0,Unmargined,3.4742681638413404,0.04,Bank,AA,107391212.09517552
T0001616,CP0007,JPM_EMEA_UK,Commodity Future,Commodity,7463098.582774621,485097.3580523588,121430.04806711437,Margined,6.310000793694486,0.15,Bank,A,62881957.60326209
T0001617,CP0053,JPM_EMEA_DE,FX Forward,FX,2430512.0071423682,-62255.83728628833,4221.204332350164,Margined,3.975247483241158,0.04,Asset Manager,A,53275461.77378836
T0001618,CP0033,JPM_EMEA_CH,FX Forward,FX,1348589.2411996264,-37623.82623937916,40203.13801829773,Margined,4.684818670037702,0.04,Bank,BBB,38232381.569819406
T0001619,CP0055,JPM_EMEA_CH,Equity Option,Equity,2995045.3485353016,70109.16417835078,1384.5073429590848,Margined,1.5587321989137584,0.08,Asset Manager,A,41399016.28566236
T0001620,CP0042,JPM_EMEA_UK,Securities Financing,SFT,2510661.7221337985,-323.23738337478466,31513.546154438147,Margined,1.8670938245834778,0.03,Sovereign,A,139081539.86788905
T0001621,CP0079,JPM_EMEA_FR,FX Forward,FX,2889648.7591623305,22286.08128415542,0.0,Margined,6.246325160584041,0.04,Corporate,A,45536506.54289452
T0001622,CP0007,JPM_EMEA_FR,FX Forward,FX,10339528.453563254,-89988.44422411198,120664.57570348287,Margined,6.427197474486295,0.04,Bank,A,62881957.60326209
T0001623,CP0040,JPM_EMEA_DE,Equity Option,Equity,1823917.6971984976,-38063.43891315886,15681.530670314816,Margined,5.658505126337963,0.08,Corporate,BBB,119924173.94929542
T0001624,CP0043,JPM_EMEA_DE,Commodity Future,Commodity,22676232.757447973,1286349.290596669,478411.0757143063,Margined,0.8983538188079488,0.15,Sovereign,BBB,49927818.8163345
T0001625,CP0020,JPM_EMEA_FR,Interest Rate Swap,Interest Rate,1063148.4359203463,-40926.04680105382,9139.849412087533,Margined,5.738800789776524,0.005,Asset Manager,AA,30754899.989917014
T0001626,CP0054,JPM_EMEA_CH,FX Forward,FX,20120207.017091997,483362.40228042717,0.0,Unmargined,0.18363270175848506,0.04,Asset Manager,A,141685664.10636523
T0001627,CP0029,JPM_EMEA_DE,FX Forward,FX,1447421.560288388,26557.276314774615,5510.385204559669,Margined,4.196053456283459,0.04,Corporate,AAA,77058489.83965607
T0001628,CP0062,JPM_EMEA_CH,Securities Financing,SFT,3995949.122440573,-220837.9880261734,38937.75570729822,Margined,4.743073313165738,0.03,Sovereign,BBB,136148063.1607222
T0001629,CP0074,JPM_EMEA_CH,FX Forward,FX,2450025.046686854,-71240.14158726762,24266.770960757935,Margined,3.013498291293136,0.04,Bank,A,128044647.3762378
T0001630,CP0069,JPM_EMEA_UK,FX Forward,FX,2836485.226972222,-65789.9195165882,0.0,Unmargined,3.3805335568832375,0.04,Bank,AA,117082649.47537337
T0001631,CP0051,JPM_EMEA_DE,Securities Financing,SFT,8914254.257211957,176149.62174903316,0.0,Unmargined,5.205852699963853,0.03,Sovereign,AA,57819318.95821542
T0001632,CP0058,JPM_EMEA_DE,FX Forward,FX,17923651.58636452,-230251.32755322565,0.0,Unmargined,6.269392739623534,0.04,Bank,AA,149008823.32725883
T0001633,CP0070,JPM_EMEA_FR,Interest Rate Swap,Interest Rate,13155225.631012961,-39408.36261879681,185944.44190444218,Margined,1.36589767682837,0.005,Asset Manager,BBB,54119867.06997241
T0001634,CP0079,JPM_EMEA_UK,Interest Rate Swap,Interest Rate,2668290.5629543797,-136129.934036521,46136.12764340126,Margined,1.0124686445009798,0.005,Corporate,A,45536506.54289452
T0001635,CP0058,JPM_EMEA_DE,Interest Rate Swap,Interest Rate,4809290.574468214,391509.48536854505,23166.778658267278,Margined,4.428444918212416,0.005,Bank,AA,149008823.32725883
T0001636,CP0074,JPM_EMEA_UK,Interest Rate Swap,Interest Rate,1829817.9617493823,4559.625768858741,0.0,Unmargined,1.6537792074488613,0.005,Bank,A,128044647.3762378
T0001637,CP0078,JPM_EMEA_UK,FX Forward,FX,1484004.3092454663,25918.181866710667,36900.72792281353,Margined,1.399861743685827,0.04,Hedge Fund,BBB,133693065.30887038
T0001638,CP0015,JPM_EMEA_DE,Commodity Future,Commodity,1271240.8305202804,-24054.281827943003,0.0,Margined,1.4642647782315992,0.15,Sovereign,BBB,96819013.89258417
T0001639,CP0041,JPM_EMEA_FR,Commodity Future,Commodity,2582404.7904655975,-58987.17775330721,41091.38936948753,Margined,1.4180280635943217,0.15,Bank,BBB,34006322.97426655
T0001640,CP0029,JPM_EMEA_DE,Interest Rate Swap,Interest Rate,5134076.546897972,343695.4300012999,0.0,Unmargined,3.365970901444287,0.005,Corporate,AAA,77058489.83965607
T0001641,CP0076,JPM_EMEA_DE,Equity Option,Equity,591247.3633527433,-39663.98087483659,14006.349104609551,Margined,6.752510112906446,0.08,Asset Manager,BBB,43304880.06050608
T0001642,CP0060,JPM_EMEA_DE,Interest Rate Swap,Interest Rate,3818816.8844696577,37243.57454059977,0.0,Unmargined,5.805086408645615,0.005,Sovereign,BB,117319042.5294034
T0001643,CP0071,JPM_EMEA_FR,Securities Financing,SFT,18216348.96557825,-772421.2178752056,233215.3092603294,Margined,3.8261823704380116,0.03,Sovereign,A,141785709.5693913
T0001644,CP0028,JPM_EMEA_FR,Interest Rate Swap,Interest Rate,12282867.806607362,-174110.14743436265,0.0,Unmargined,0.6140985082276844,0.005,Sovereign,A,87687412.32129991
T0001645,CP0068,JPM_EMEA_FR,Equity Option,Equity,2228013.284552405,-49758.90327719899,13634.766934218467,Margined,4.726873626822014,0.08,Asset Manager,AA,32280666.847996987
T0001646,CP0007,JPM_EMEA_UK,FX Forward,FX,989477.2078984665,-34146.085583395645,8802.641974859258,Margined,3.1854400727880607,0.04,Bank,A,62881957.60326209
T0001647,CP0076,JPM_EMEA_UK,Equity Option,Equity,6335220.802744467,7858.591416227036,0.0,Unmargined,5.459601536807896,0.08,Asset Manager,BBB,43304880.06050608
T0001648,CP0019,JPM_EMEA_DE,FX Forward,FX,394106.58376882854,-35422.701799225,9417.66398011892,Margined,3.4830035668370054,0.04,CCP,AA,121755579.54253721
T0001649,CP0043,JPM_EMEA_UK,Commodity Future,Commodity,12139304.293181727,-134043.37390517598,189388.42491455819,Margined,4.6945024814577065,0.15,Sovereign,BBB,49927818.8163345
T0001650,CP0058,JPM_EMEA_FR,Interest Rate Swap,Interest Rate,3230726.07578225,-10209.576221071542,15091.045598028908,Margined,1.4403442495439045,0.005,Bank,AA,149008823.32725883
T0001651,CP0060,JPM_EMEA_FR,Securities Financing,SFT,24967991.928566325,-1187844.2043774193,353817.8107709533,Margined,5.840847260593021,0.03,Sovereign,BB,117319042.5294034
T0001652,CP0017,JPM_EMEA_DE,FX Forward,FX,711292.7965492227,37671.955165963,15132.59895710912,Margined,5.466997225329282,0.04,Corporate,A,144612697.7213879
T0001653,CP0045,JPM_EMEA_DE,Commodity Future,Commodity,10018572.158266284,-208446.8443047411,199793.75830509726,Margined,2.64940107778081,0.15,Bank,AAA,92130821.02089284
T0001654,CP0043,JPM_EMEA_UK,Commodity Future,Commodity,3617508.4822595185,-30068.544153183342,16564.17737430692,Margined,6.747326873049331,0.15,Sovereign,BBB,49927818.8163345
T0001655,CP0063,JPM_EMEA_DE,Securities Financing,SFT,2872675.511972203,-59543.87214644465,0.0,Margined,1.1647436914776301,0.03,Asset Manager,AA,87451586.85023838
T0001656,CP0026,JPM_EMEA_DE,Interest Rate Swap,Interest Rate,1016586.956980713,-2902.1668956438134,15414.598178787184,Margined,0.18909214629506416,0.005,Corporate,A,54706836.20194616
T0001657,CP0062,JPM_EMEA_UK,Interest Rate Swap,Interest Rate,7257549.720685631,332287.22801544855,35598.59305757047,Margined,5.353805285521225,0.005,Sovereign,BBB,136148063.1607222
T0001658,CP0050,JPM_EMEA_FR,Interest Rate Swap,Interest Rate,7865072.432158408,680765.6948305705,133538.07647438996,Margined,4.223942061097763,0.005,Sovereign,A,143876921.35906684
T0001659,CP0061,JPM_EMEA_DE,Interest Rate Swap,Interest Rate,23841366.56915104,622197.0154315049,467342.3561748832,Margined,0.820905406470721,0.005,CCP,BBB,135803023.8142082
T0001660,CP0071,JPM_EMEA_FR,Equity Option,Equity,10961012.120098436,417392.9503229199,0.0,Unmargined,1.1585711830304253,0.08,Sovereign,A,141785709.5693913
T0001661,CP0035,JPM_EMEA_FR,Securities Financing,SFT,2208688.7908911146,132686.89485505642,0.0,Unmargined,0.959607820054966,0.03,CCP,AAA,34114846.34760766
T0001662,CP0035,JPM_EMEA_UK,Securities Financing,SFT,1465844.86734826,12768.223667834107,32088.59794877215,Margined,1.2096294169436757,0.03,CCP,AAA,34114846.34760766
T0001663,CP0064,JPM_EMEA_CH,FX Forward,FX,1017962.3443360736,55945.96911741974,0.0,Unmargined,3.256780814699461,0.04,CCP,BB,61070776.73800309
T0001664,CP0063,JPM_EMEA_UK,Equity Option,Equity,17453124.843791574,484045.65614900336,401988.79682636523,Margined,0.4041879772004694,0.08,Asset Manager,AA,87451586.85023838
T0001665,CP0071,JPM_EMEA_FR,Securities Financing,SFT,1836974.779281933,9257.540165676715,43590.93498673249,Margined,3.659736202604529,0.03,Sovereign,A,141785709.5693913
T0001666,CP0045,JPM_EMEA_CH,Securities Financing,SFT,17575822.395573564,215513.61297901822,205163.53948340108,Margined,4.257345025566921,0.03,Bank,AAA,92130821.02089284
T0001667,CP0051,JPM_EMEA_FR,Interest Rate Swap,Interest Rate,6762322.539514268,-431095.31448325556,11397.140980457625,Margined,5.1052087952475285,0.005,Sovereign,AA,57819318.95821542
T0001668,CP0005,JPM_EMEA_FR,FX Forward,FX,5563332.185663501,56880.476929229946,177237.53823017908,Margined,6.624930742943697,0.04,Asset Manager,BBB,25409842.60204602
T0001669,CP0037,JPM_EMEA_DE,Commodity Future,Commodity,2942989.9329214143,-159013.16940760458,36798.038031765784,Margined,0.6232160295324572,0.15,CCP,AA,56560391.89907108
T0001670,CP0020,JPM_EMEA_UK,FX Forward,FX,7744378.877869137,-440534.50310062733,169057.19275610597,Margined,0.2943472276887235,0.04,Asset Manager,AA,30754899.989917014
T0001671,CP0069,JPM_EMEA_FR,FX Forward,FX,3938593.178615102,26588.474111324093,29924.648576696592,Margined,1.017013410266473,0.04,Bank,AA,117082649.47537337
T0001672,CP0010,JPM_EMEA_CH,Securities Financing,SFT,2765111.804141669,-107819.31560152334,54504.16824298016,Margined,2.3943371940643248,0.03,Bank,AA,96393794.38310257
T0001673,CP0063,JPM_EMEA_CH,Securities Financing,SFT,8022893.543491774,-1997.5504290656315,0.0,Margined,3.701263913946871,0.03,Asset Manager,AA,87451586.85023838
T0001674,CP0067,JPM_EMEA_UK,Securities Financing,SFT,3463647.5947188027,16782.093649027447,30190.721024556166,Margined,0.0797869679383122,0.03,CCP,A,68575504.7535823
T0001675,CP0038,JPM_EMEA_UK,Commodity Future,Commodity,1800311.2783740603,11534.119129853516,0.0,Unmargined,4.861969220363511,0.15,Sovereign,BBB,105724942.50994723
T0001676,CP0054,JPM_EMEA_CH,Interest Rate Swap,Interest Rate,7287212.768148064,-230598.3771473618,114415.58140218318,Margined,6.700332842961429,0.005,Asset Manager,A,141685664.10636523
T0001677,CP0047,JPM_EMEA_FR,FX Forward,FX,3752073.8188774115,118017.29235779289,77203.41160465326,Margined,1.7859635219221615,0.04,Asset Manager,BBB,127872666.6072137
T0001678,CP0056,JPM_EMEA_DE,FX Forward,FX,6522151.935089615,-20370.201956839574,21176.492232469245,Margined,0.1111394225980592,0.04,Bank,A,25838380.52100277
T0001679,CP0055,JPM_EMEA_UK,Equity Option,Equity,2540686.964088379,39222.23307755502,0.0,Unmargined,5.285055105227924,0.08,Asset Manager,A,41399016.28566236
T0001680,CP0021,JPM_EMEA_DE,FX Forward,FX,1193837.676548297,-49992.41410956884,26041.58214487182,Margined,5.401849722422989,0.04,Corporate,BBB,83265583.00896084
T0001681,CP0056,JPM_EMEA_UK,Equity Option,Equity,22677388.42985909,-141540.1145623624,697721.8466320997,Margined,0.3523902518236905,0.08,Bank,A,25838380.52100277
T0001682,CP0073,JPM_EMEA_UK,FX Forward,FX,18782127.858919792,721333.3849283353,0.0,Unmargined,4.340389929968764,0.04,Asset Manager,A,35958531.21349318
T0001683,CP0025,JPM_EMEA_UK,Commodity Future,Commodity,9680168.63765272,328701.9079535373,80577.26052584579,Margined,1.7377360970200606,0.15,Sovereign,A,81553622.137404
T0001684,CP0025,JPM_EMEA_CH,FX Forward,FX,2714163.1552035334,-75739.38483673673,0.0,Unmargined,4.448478890754645,0.04,Sovereign,A,81553622.137404
T0001685,CP0024,JPM_EMEA_UK,FX Forward,FX,2962330.7912690644,-56564.333922911545,78897.58781863916,Margined,5.098330864382002,0.04,CCP,BBB,94324646.8088898
T0001686,CP0073,JPM_EMEA_FR,Interest Rate Swap,Interest Rate,15936655.081454514,-551472.5790223372,0.0,Unmargined,1.5980653412477965,0.005,Asset Manager,A,35958531.21349318
T0001687,CP0071,JPM_EMEA_DE,Interest Rate Swap,Interest Rate,2807977.0794816134,-64511.73502032679,33202.068395503804,Margined,1.862279076426684,0.005,Sovereign,A,141785709.5693913
T0001688,CP0028,JPM_EMEA_CH,Securities Financing,SFT,2124928.861282735,-104052.16486459067,0.0,Margined,4.30044164442014,0.03,Sovereign,A,87687412.32129991
T0001689,CP0075,JPM_EMEA_UK,FX Forward,FX,26011247.39917401,-125794.43806347318,118364.91982249165,Margined,4.096725186223587,0.04,Sovereign,AA,39926961.16118422
T0001690,CP0061,JPM_EMEA_CH,Interest Rate Swap,Interest Rate,3813764.196547855,84512.41940572867,65026.8240696166,Margined,6.208858772162647,0.005,CCP,BBB,135803023.8142082
T0001691,CP0033,JPM_EMEA_UK,Commodity Future,Commodity,23446463.88332615,-644234.9766164814,347726.6323670817,Margined,3.5970606610814766,0.15,Bank,BBB,38232381.569819406
T0001692,CP0067,JPM_EMEA_CH,Equity Option,Equity,987975.3315921536,-3133.0870254778047,0.0,Unmargined,5.608383268664464,0.08,CCP,A,68575504.7535823
T0001693,CP0074,JPM_EMEA_UK,Interest Rate Swap,Interest Rate,6715909.366103545,-51829.65623578211,0.0,Unmargined,5.137449216283328,0.005,Bank,A,128044647.3762378
T0001694,CP0070,JPM_EMEA_UK,FX Forward,FX,31733628.683419324,1171896.1115910392,0.0,Unmargined,4.676614996522835,0.04,Asset Manager,BBB,54119867.06997241
T0001695,CP0038,JPM_EMEA_UK,Interest Rate Swap,Interest Rate,4120790.878658502,-88208.47218979805,94086.19630003872,Margined,1.382822196048424,0.005,Sovereign,BBB,105724942.50994723
T0001696,CP0018,JPM_EMEA_CH,Equity Option,Equity,3071880.3588866177,-61844.827212275144,0.0,Unmargined,1.9707050277773805,0.08,Bank,A,82699446.80257703
T0001697,CP0014,JPM_EMEA_DE,Interest Rate Swap,Interest Rate,1244261.8263599854,-36843.51279798662,0.0,Unmargined,3.9890479073496588,0.005,Sovereign,BBB,65093074.58952882
T0001698,CP0067,JPM_EMEA_DE,Interest Rate Swap,Interest Rate,11806348.739475386,-470044.19309819676,235197.0443412676,Margined,0.5083084707080133,0.005,CCP,A,68575504.7535823
T0001699,CP0059,JPM_EMEA_CH,Interest Rate Swap,Interest Rate,1851815.0726900254,34298.34601909944,27458.70335651313,Margined,0.3630932662117495,0.005,Sovereign,AA,135918044.6131388
T0001700,CP0057,JPM_EMEA_DE,Equity Option,Equity,3638188.1681705266,-17204.54752105758,82220.94560960977,Margined,0.3962282184467788,0.08,Corporate,A,76562617.80039492
T0001701,CP0004,JPM_EMEA_FR,Interest Rate Swap,Interest Rate,1163918.2109426,2232.796789564327,14716.354786998349,Margined,6.453088460878106,0.005,Asset Manager,A,74054962.28217925
T0001702,CP0078,JPM_EMEA_DE,Commodity Future,Commodity,18976264.496959835,846577.470153609,248789.35807723968,Margined,4.8377059670949105,0.15,Hedge Fund,BBB,133693065.30887038
T0001703,CP0010,JPM_EMEA_UK,Interest Rate Swap,Interest Rate,12694637.647837361,591859.8746662869,123366.44472829388,Margined,5.865492462387561,0.005,Bank,AA,96393794.38310257
T0001704,CP0047,JPM_EMEA_CH,Equity Option,Equity,3875635.3548496193,-223307.13600338346,54660.94230357308,Margined,6.745746994897766,0.08,Asset Manager,BBB,127872666.6072137
T0001705,CP0076,JPM_EMEA_DE,FX Forward,FX,1261303.1411731192,28599.0567847705,32268.683919964205,Margined,4.921735491583677,0.04,Asset Manager,BBB,43304880.06050608
T0001706,CP0020,JPM_EMEA_CH,FX Forward,FX,18582149.40254528,146755.1710026624,0.0,Unmargined,3.631482988151248,0.04,Asset Manager,AA,30754899.989917014
T0001707,CP0042,JPM_EMEA_DE,Interest Rate Swap,Interest Rate,2774200.6012404743,-44819.110957524696,47670.86773368499,Margined,3.379174465531913,0.005,Sovereign,A,139081539.86788905
T0001708,CP0068,JPM_EMEA_CH,Commodity Future,Commodity,1324572.1747295256,15191.424288249682,0.0,Unmargined,5.2348890452439285,0.15,Asset Manager,AA,32280666.847996987
T0001709,CP0022,JPM_EMEA_UK,Securities Financing,SFT,686723.4251118948,-41494.17329213002,0.0,Margined,6.081885882112167,0.03,Asset Manager,A,83791909.26608771
T0001710,CP0009,JPM_EMEA_FR,Interest Rate Swap,Interest Rate,2096625.6713254561,107331.47193414123,0.0,Unmargined,5.815832069319104,0.005,Hedge Fund,BBB,33442385.803931713
T0001711,CP0039,JPM_EMEA_DE,Interest Rate Swap,Interest Rate,933939.3660748098,16832.429725415597,0.0,Unmargined,3.4759699720160584,0.005,Hedge Fund,A,114509299.85729474
T0001712,CP0064,JPM_EMEA_CH,Securities Financing,SFT,2145716.4900428713,-64976.41738823694,0.0,Unmargined,5.4258878053237645,0.03,CCP,BB,61070776.73800309
T0001713,CP0047,JPM_EMEA_DE,FX Forward,FX,8420785.341086045,-172536.48350469218,270.4775941215048,Margined,3.362275812650839,0.04,Asset Manager,BBB,127872666.6072137
T0001714,CP0036,JPM_EMEA_CH,Interest Rate Swap,Interest Rate,2748057.2216077116,-163812.0390054353,39666.5807849877,Margined,2.7214799459678245,0.005,Bank,AA,107391212.09517552
T0001715,CP0052,JPM_EMEA_DE,Interest Rate Swap,Interest Rate,5708679.541424044,-62729.84651576935,80666.54805560167,Margined,2.1188173601417586,0.005,Hedge Fund,BBB,86957426.80012289
T0001716,CP0005,JPM_EMEA_DE,Equity Option,Equity,1940527.2249418804,-32786.409046488145,9488.702606213248,Margined,0.4290922844364906,0.08,Asset Manager,BBB,25409842.60204602
T0001717,CP0028,JPM_EMEA_FR,Equity Option,Equity,4269357.841331583,-198007.9647663863,0.0,Unmargined,1.4480796448656599,0.08,Sovereign,A,87687412.32129991
T0001718,CP0071,JPM_EMEA_FR,Equity Option,Equity,27308422.830784354,742367.9554116459,272562.54399197234,Margined,5.123549030882396,0.08,Sovereign,A,141785709.5693913
T0001719,CP0031,JPM_EMEA_DE,Securities Financing,SFT,2823022.9618718782,126154.9724456346,48622.14959151334,Margined,1.243390190292465,0.03,Asset Manager,AA,127417950.14526652
T0001720,CP0078,JPM_EMEA_UK,FX Forward,FX,5875104.2158416165,-5626.100564273137,0.0,Unmargined,6.313180536183216,0.04,Hedge Fund,BBB,133693065.30887038
T0001721,CP0044,JPM_EMEA_UK,FX Forward,FX,835911.2211371311,-8942.27806769028,4140.522409787584,Margined,0.5961493799986519,0.04,Asset Manager,AA,24863632.30290337
T0001722,CP0075,JPM_EMEA_FR,FX Forward,FX,18290841.7459095,278468.2081825017,0.0,Unmargined,0.405331792097072,0.04,Sovereign,AA,39926961.16118422
T0001723,CP0051,JPM_EMEA_UK,FX Forward,FX,2482057.1993235457,-1706.0759886823364,47399.874243247745,Margined,3.393523239783926,0.04,Sovereign,AA,57819318.95821542
T0001724,CP0034,JPM_EMEA_FR,Interest Rate Swap,Interest Rate,11436706.041166566,-433179.7952963638,29949.008482473553,Margined,1.5975144238252226,0.005,Corporate,AA,92024698.66007642
T0001725,CP0074,JPM_EMEA_CH,Interest Rate Swap,Interest Rate,3536416.9917761143,-80784.95326738947,44223.75363467197,Margined,0.7655229339050348,0.005,Bank,A,128044647.3762378
T0001726,CP0022,JPM_EMEA_CH,FX Forward,FX,7373361.633381421,-76500.54576180544,167501.5988461562,Margined,0.46608222921289083,0.04,Asset Manager,A,83791909.26608771
T0001727,CP0032,JPM_EMEA_FR,Equity Option,Equity,7824867.382277882,67970.95157437642,0.0,Unmargined,3.714710891039512,0.08,Hedge Fund,A,136500900.33916968
T0001728,CP0058,JPM_EMEA_DE,Interest Rate Swap,Interest Rate,2544296.078100809,831.4381136401108,0.0,Unmargined,1.8532762321266358,0.005,Bank,AA,149008823.32725883
T0001729,CP0070,JPM_EMEA_FR,FX Forward,FX,11919798.973810047,87764.62518920179,297440.69914650836,Margined,3.912576590153088,0.04,Asset Manager,BBB,54119867.06997241
T0001730,CP0016,JPM_EMEA_UK,Equity Option,Equity,1872565.6523445216,-99936.91775309335,19142.032354564835,Margined,1.080669614451727,0.08,Sovereign,BBB,22964503.233860675
T0001731,CP0080,JPM_EMEA_CH,Equity Option,Equity,8707881.900946697,202742.31438670112,0.0,Unmargined,0.2197469992909617,0.08,Sovereign,A,60342077.47701232
T0001732,CP0035,JPM_EMEA_UK,Commodity Future,Commodity,2707671.571751841,323.718220778766,54870.30197554006,Margined,0.23945155905124854,0.15,CCP,AAA,34114846.34760766
T0001733,CP0028,JPM_EMEA_FR,Commodity Future,Commodity,5673761.545885411,506921.18642447324,59636.66363571521,Margined,0.8330762928075601,0.15,Sovereign,A,87687412.32129991
T0001734,CP0011,JPM_EMEA_DE,Equity Option,Equity,2520106.994521921,-34190.80306595373,0.0,Margined,5.582494815853618,0.08,Corporate,AA,42177085.909795195
T0001735,CP0003,JPM_EMEA_UK,Interest Rate Swap,Interest Rate,4204983.358331554,47604.815616605774,0.0,Unmargined,3.1671723592809404,0.005,Corporate,BBB,30977761.748185582
T0001736,CP0045,JPM_EMEA_UK,FX Forward,FX,1365609.2409509136,135226.27414055663,21526.41493898276,Margined,4.3858300605703535,0.04,Bank,AAA,92130821.02089284
T0001737,CP0049,JPM_EMEA_FR,Equity Option,Equity,5123569.406224404,34805.46772243552,91817.8007967392,Margined,6.131176600342821,0.08,Sovereign,AA,61228056.066952996
T0001738,CP0008,JPM_EMEA_FR,Interest Rate Swap,Interest Rate,4180714.630170065,-9896.039474913701,0.0,Unmargined,1.5276038345376306,0.005,Sovereign,AA,38788144.55258609
T0001739,CP0073,JPM_EMEA_UK,Interest Rate Swap,Interest Rate,2330635.1035061073,-80505.41843136199,0.0,Unmargined,6.105872791196889,0.005,Asset Manager,A,35958531.21349318
T0001740,CP0044,JPM_EMEA_UK,Interest Rate Swap,Interest Rate,3785834.714202218,202501.73529346214,75017.29203589936,Margined,5.232166497905987,0.005,Asset Manager,AA,24863632.30290337
T0001741,CP0005,JPM_EMEA_FR,FX Forward,FX,4573591.750697394,-185544.0108465099,52687.827408774676,Margined,5.116675869939908,0.04,Asset Manager,BBB,25409842.60204602
T0001742,CP0068,JPM_EMEA_FR,FX Forward,FX,2159630.857649469,32284.822919045797,0.0,Unmargined,6.101620343709183,0.04,Asset Manager,AA,32280666.847996987
T0001743,CP0016,JPM_EMEA_DE,Interest Rate Swap,Interest Rate,3516744.7872468503,-58288.06226894903,77020.5935976104,Margined,0.9248499265147488,0.005,Sovereign,BBB,22964503.233860675
T0001744,CP0054,JPM_EMEA_UK,Commodity Future,Commodity,1463370.622184536,-9697.419352981331,0.0,Unmargined,3.806482874073969,0.15,Asset Manager,A,141685664.10636523
T0001745,CP0055,JPM_EMEA_UK,Securities Financing,SFT,41763694.10709356,-2081403.509340759,865750.9469980814,Margined,3.4105565859958853,0.03,Asset Manager,A,41399016.28566236
T0001746,CP0065,JPM_EMEA_UK,Interest Rate Swap,Interest Rate,11535312.945361739,542268.7489847161,9647.517836171872,Margined,4.66479679143912,0.005,Asset Manager,BBB,120361616.17442845
T0001747,CP0065,JPM_EMEA_UK,Securities Financing,SFT,5256095.584220487,-51104.52175308906,0.0,Unmargined,1.7040226161596874,0.03,Asset Manager,BBB,120361616.17442845
T0001748,CP0079,JPM_EMEA_FR,Interest Rate Swap,Interest Rate,12915230.69042033,-549260.7138951687,207649.63498111634,Margined,0.9349175068986476,0.005,Corporate,A,45536506.54289452
T0001749,CP0007,JPM_EMEA_DE,Securities Financing,SFT,552689.9434823229,24232.23233476239,6246.966613165828,Margined,6.815436035857162,0.03,Bank,A,62881957.60326209
T0001750,CP0030,JPM_EMEA_UK,Securities Financing,SFT,309937.2638335012,-5468.777455068314,785.9855224385756,Margined,3.2864865952165006,0.03,Asset Manager,A,22809570.384442955
T0001751,CP0030,JPM_EMEA_FR,Interest Rate Swap,Interest Rate,2683181.7201804873,31423.42590138398,0.0,Unmargined,1.662540992739391,0.005,Asset Manager,A,22809570.384442955
T0001752,CP0031,JPM_EMEA_FR,Commodity Future,Commodity,1007760.1727863834,29678.107152575787,24373.80951429883,Margined,0.9441600926103848,0.15,Asset Manager,AA,127417950.14526652
T0001753,CP0020,JPM_EMEA_UK,Securities Financing,SFT,3157210.3487485307,52381.91329529638,0.0,Unmargined,4.175508015527852,0.03,Asset Manager,AA,30754899.989917014
T0001754,CP0019,JPM_EMEA_FR,Securities Financing,SFT,4913325.489800923,-377747.49047244276,104822.89271125308,Margined,1.0769477576076179,0.03,CCP,AA,121755579.54253721
T0001755,CP0078,JPM_EMEA_UK,Securities Financing,SFT,10041322.80891202,244380.53856503242,195096.40338166314,Margined,1.3221463155895186,0.03,Hedge Fund,BBB,133693065.30887038
T0001756,CP0072,JPM_EMEA_FR,Equity Option,Equity,1281498.8594945832,-4512.774773668717,0.0,Unmargined,6.667461528785124,0.08,Hedge Fund,AA,51326174.75073902
T0001757,CP0055,JPM_EMEA_DE,Interest Rate Swap,Interest Rate,5965095.391432675,-68694.06470327305,0.0,Unmargined,0.25270135574030544,0.005,Asset Manager,A,41399016.28566236
T0001758,CP0045,JPM_EMEA_UK,Commodity Future,Commodity,4057974.8926980416,-15491.819152732021,0.0,Unmargined,1.3484700529324931,0.15,Bank,AAA,92130821.02089284
T0001759,CP0039,JPM_EMEA_CH,Equity Option,Equity,5662149.956450557,-319068.64899341133,132835.71154546118,Margined,4.7149721075279585,0.08,Hedge Fund,A,114509299.85729474
T0001760,CP0055,JPM_EMEA_UK,Equity Option,Equity,2378624.573575028,15998.586097933374,30123.109553838203,Margined,1.5574134439118956,0.08,Asset Manager,A,41399016.28566236
T0001761,CP0069,JPM_EMEA_CH,FX Forward,FX,15949532.22129054,-761649.1462099629,434044.3233187405,Margined,1.3144830305944177,0.04,Bank,AA,117082649.47537337
T0001762,CP0035,JPM_EMEA_DE,Equity Option,Equity,3606672.898775431,-36082.56168481099,16.68053129924374,Margined,3.91767677073081,0.08,CCP,AAA,34114846.34760766
T0001763,CP0044,JPM_EMEA_FR,Interest Rate Swap,Interest Rate,23581831.989912625,128975.05496866509,0.0,Margined,4.886897112157207,0.005,Asset Manager,AA,24863632.30290337
T0001764,CP0073,JPM_EMEA_FR,Commodity Future,Commodity,1814673.7644163268,68215.94239534318,36120.35852546294,Margined,3.0428975828342777,0.15,Asset Manager,A,35958531.21349318
T0001765,CP0073,JPM_EMEA_DE,Interest Rate Swap,Interest Rate,8407479.28767135,-241180.82328981961,45821.237206244165,Margined,5.479950598318932,0.005,Asset Manager,A,35958531.21349318
T0001766,CP0019,JPM_EMEA_FR,Equity Option,Equity,3768307.194370547,191450.9497804636,106819.05607464438,Margined,5.71570989017588,0.08,CCP,AA,121755579.54253721
T0001767,CP0020,JPM_EMEA_DE,Commodity Future,Commodity,2882194.3884514174,95515.5296888914,65422.15502630912,Margined,4.380435672860176,0.15,Asset Manager,AA,30754899.989917014
T0001768,CP0017,JPM_EMEA_FR,FX Forward,FX,7527851.694624069,-113138.65001934135,185942.2431953721,Margined,4.065842243001121,0.04,Corporate,A,144612697.7213879
T0001769,CP0003,JPM_EMEA_UK,FX Forward,FX,2965723.101870441,-115088.51597432363,56572.6226904956,Margined,5.723320513880498,0.04,Corporate,BBB,30977761.748185582
T0001770,CP0056,JPM_EMEA_DE,FX Forward,FX,279243.5396246931,-14111.171945270182,1292.1522904255648,Margined,0.1544580907624838,0.04,Bank,A,25838380.52100277
T0001771,CP0035,JPM_EMEA_UK,Securities Financing,SFT,187013.63281058622,1778.758625191838,0.0,Margined,3.5989120344045427,0.03,CCP,AAA,34114846.34760766
T0001772,CP0003,JPM_EMEA_DE,Commodity Future,Commodity,14277951.887842415,-368441.7665184394,0.0,Unmargined,0.9446913826047266,0.15,Corporate,BBB,30977761.748185582
T0001773,CP0017,JPM_EMEA_UK,FX Forward,FX,13688455.577205203,574606.982261113,47.284742579679005,Margined,1.589819500809643,0.04,Corporate,A,144612697.7213879
T0001774,CP0043,JPM_EMEA_DE,Interest Rate Swap,Interest Rate,26407163.21833884,-628050.3839759046,0.0,Unmargined,6.645544707544223,0.005,Sovereign,BBB,49927818.8163345
T0001775,CP0067,JPM_EMEA_CH,Interest Rate Swap,Interest Rate,3930497.91127798,-123902.9892045039,68221.33026687485,Margined,0.07578615886149599,0.005,CCP,A,68575504.7535823
T0001776,CP0054,JPM_EMEA_DE,FX Forward,FX,1098185.8149270455,8979.780072538408,0.0,Unmargined,2.183747421238322,0.04,Asset Manager,A,141685664.10636523
T0001777,CP0043,JPM_EMEA_DE,Securities Financing,SFT,2629281.2463264656,-63133.354747066915,0.0,Unmargined,1.1228090368508288,0.03,Sovereign,BBB,49927818.8163345
T0001778,CP0015,JPM_EMEA_CH,Commodity Future,Commodity,4045960.097475202,1210.752620134958,0.0,Unmargined,4.014397611448649,0.15,Sovereign,BBB,96819013.89258417
T0001779,CP0024,JPM_EMEA_UK,Interest Rate Swap,Interest Rate,1461197.254255509,50425.37156323591,0.0,Unmargined,5.91760645661528,0.005,CCP,BBB,94324646.8088898
T0001780,CP0063,JPM_EMEA_FR,Securities Financing,SFT,20798254.89884916,85335.79325837494,486793.5109292886,Margined,2.766677097785277,0.03,Asset Manager,AA,87451586.85023838
T0001781,CP0062,JPM_EMEA_FR,FX Forward,FX,37554651.326939985,158997.2350624748,868684.4093298377,Margined,5.868438569040841,0.04,Sovereign,BBB,136148063.1607222
T0001782,CP0070,JPM_EMEA_DE,Securities Financing,SFT,6453193.095339217,46334.796391077885,85474.31339796036,Margined,3.1096433486799593,0.03,Asset Manager,BBB,54119867.06997241
T0001783,CP0043,JPM_EMEA_DE,Interest Rate Swap,Interest Rate,3956780.202741543,-234472.71981150293,28488.995144483968,Margined,6.367855456951117,0.005,Sovereign,BBB,49927818.8163345
T0001784,CP0022,JPM_EMEA_FR,Equity Option,Equity,1095627.636024436,15025.7893681517,0.0,Unmargined,5.936267493137054,0.08,Asset Manager,A,83791909.26608771
T0001785,CP0041,JPM_EMEA_DE,Securities Financing,SFT,18778794.05277289,105116.27496547974,0.0,Unmargined,1.2927955499300086,0.03,Bank,BBB,34006322.97426655
T0001786,CP0072,JPM_EMEA_DE,Interest Rate Swap,Interest Rate,4317174.649475526,134917.77966230497,67136.99107433739,Margined,6.201194994742211,0.005,Hedge Fund,AA,51326174.75073902
T0001787,CP0015,JPM_EMEA_FR,Equity Option,Equity,2995556.31643093,63515.913016793274,53670.18689213375,Margined,1.3883203874963832,0.08,Sovereign,BBB,96819013.89258417
T0001788,CP0068,JPM_EMEA_DE,Securities Financing,SFT,6471891.724593194,-45744.63871882263,34774.67361870707,Margined,3.458243492949753,0.03,Asset Manager,AA,32280666.847996987
T0001789,CP0080,JPM_EMEA_CH,Interest Rate Swap,Interest Rate,2226838.4233279037,80464.02555753104,44069.7645959768,Margined,1.4122271667612252,0.005,Sovereign,A,60342077.47701232
T0001790,CP0066,JPM_EMEA_DE,Interest Rate Swap,Interest Rate,4632837.513380145,-47449.86657133848,54616.118895517626,Margined,2.7359141980063413,0.005,Hedge Fund,BBB,106015964.21180893
T0001791,CP0053,JPM_EMEA_FR,Equity Option,Equity,945376.0541695069,8177.974273453002,7217.378025649476,Margined,6.899949799102119,0.08,Asset Manager,A,53275461.77378836
T0001792,CP0033,JPM_EMEA_FR,FX Forward,FX,11862492.721602567,-129185.27490372515,0.0,Unmargined,5.367724323922483,0.04,Bank,BBB,38232381.569819406
T0001793,CP0069,JPM_EMEA_CH,Interest Rate Swap,Interest Rate,3603419.7314968063,58236.75149015339,11943.623237575222,Margined,3.900812707279424,0.005,Bank,AA,117082649.47537337
T0001794,CP0013,JPM_EMEA_DE,FX Forward,FX,12744441.576368691,-167935.32136243477,0.0,Unmargined,6.551575784871662,0.04,Sovereign,BBB,95537948.16105135
T0001795,CP0061,JPM_EMEA_UK,Commodity Future,Commodity,3271204.230351209,188631.72275120587,0.0,Margined,2.5499394483306372,0.15,CCP,BBB,135803023.8142082
T0001796,CP0033,JPM_EMEA_DE,Interest Rate Swap,Interest Rate,3490673.3422114956,246468.40149415238,49866.487274184925,Margined,1.2537807299985337,0.005,Bank,BBB,38232381.569819406
T0001797,CP0041,JPM_EMEA_FR,FX Forward,FX,1190028.1149204653,36400.388261504886,14697.741703552785,Margined,5.811220645701471,0.04,Bank,BBB,34006322.97426655
T0001798,CP0038,JPM_EMEA_DE,Commodity Future,Commodity,8551026.49928407,461288.3972338987,65692.6955592444,Margined,0.13461875851018396,0.15,Sovereign,BBB,105724942.50994723
T0001799,CP0001,JPM_EMEA_CH,FX Forward,FX,1666048.0870386527,-89754.1869482093,25185.64717093723,Margined,5.641938007312042,0.04,Bank,A,95932735.95865563
T0001800,CP0079,JPM_EMEA_UK,Commodity Future,Commodity,2459288.2724003545,-122345.21651404766,0.0,Unmargined,0.20190731278376606,0.15,Corporate,A,45536506.54289452
T0001801,CP0054,JPM_EMEA_DE,FX Forward,FX,4004190.9382932945,-45065.64674560062,81835.91264763499,Margined,2.026443997425791,0.04,Asset Manager,A,141685664.10636523
T0001802,CP0049,JPM_EMEA_CH,Securities Financing,SFT,4515511.84011047,6516.261913197558,74421.08945885762,Margined,2.5207226754963803,0.03,Sovereign,AA,61228056.066952996
T0001803,CP0009,JPM_EMEA_CH,Equity Option,Equity,726292.4082234375,-5038.479005677461,11345.815975346652,Margined,2.2637774317889314,0.08,Hedge Fund,BBB,33442385.803931713
T0001804,CP0063,JPM_EMEA_UK,Interest Rate Swap,Interest Rate,3175574.292869605,-182515.2869452297,45521.506995329415,Margined,1.7418526732238366,0.005,Asset Manager,AA,87451586.85023838
T0001805,CP0077,JPM_EMEA_CH,Securities Financing,SFT,8859803.444379285,357100.66581717023,72851.22534826465,Margined,0.8018403023176446,0.03,Hedge Fund,BBB,97919762.89770965
T0001806,CP0066,JPM_EMEA_DE,FX Forward,FX,2739995.6329805427,206587.28131903426,26264.42432415503,Margined,0.07210149586946746,0.04,Hedge Fund,BBB,106015964.21180893
T0001807,CP0020,JPM_EMEA_FR,Interest Rate Swap,Interest Rate,3194921.78440864,143242.94046116876,44683.30297415979,Margined,5.434247347767408,0.005,Asset Manager,AA,30754899.989917014
T0001808,CP0015,JPM_EMEA_UK,Interest Rate Swap,Interest Rate,4705351.189249444,178771.88713098288,0.0,Unmargined,3.2255644532534427,0.005,Sovereign,BBB,96819013.89258417
T0001809,CP0030,JPM_EMEA_UK,Equity Option,Equity,3526598.9229102456,27910.160458438088,73676.37391228732,Margined,1.175511376695577,0.08,Asset Manager,A,22809570.384442955
T0001810,CP0002,JPM_EMEA_FR,Interest Rate Swap,Interest Rate,1427291.8802257248,-42112.11558016673,18194.548136639525,Margined,0.6211303549138137,0.005,Sovereign,BBB,104480058.20212659
T0001811,CP0045,JPM_EMEA_DE,Interest Rate Swap,Interest Rate,3857225.865694218,9791.497821556011,57888.21538305389,Margined,1.9851427141955726,0.005,Bank,AAA,92130821.02089284
T0001812,CP0037,JPM_EMEA_UK,Interest Rate Swap,Interest Rate,10808874.73189271,796566.3064517098,8415.017343387779,Margined,2.512900157808664,0.005,CCP,AA,56560391.89907108
T0001813,CP0041,JPM_EMEA_FR,FX Forward,FX,1398105.9305307013,-17224.0833650348,27327.15786415802,Margined,3.256858066979003,0.04,Bank,BBB,34006322.97426655
T0001814,CP0080,JPM_EMEA_UK,FX Forward,FX,2750581.85142394,-43798.90021634113,0.0,Unmargined,0.7523219054500346,0.04,Sovereign,A,60342077.47701232
T0001815,CP0053,JPM_EMEA_CH,FX Forward,FX,1004673.9260612068,38936.769008685435,0.0,Unmargined,6.860467206751315,0.04,Asset Manager,A,53275461.77378836
T0001816,CP0034,JPM_EMEA_UK,Interest Rate Swap,Interest Rate,10254086.526167514,421227.7411615411,258090.10851886368,Margined,1.9177868605468704,0.005,Corporate,AA,92024698.66007642
T0001817,CP0063,JPM_EMEA_UK,Interest Rate Swap,Interest Rate,3647113.943015012,-108233.80743521126,64119.808767470255,Margined,3.1170064662396255,0.005,Asset Manager,AA,87451586.85023838
T0001818,CP0030,JPM_EMEA_DE,Equity Option,Equity,1709318.4563244085,-15643.616640805165,33873.16344307112,Margined,4.97765724261057,0.08,Asset Manager,A,22809570.384442955
T0001819,CP0061,JPM_EMEA_DE,FX Forward,FX,4386624.221634522,-77058.47818524517,68589.12237626765,Margined,2.2058225810677135,0.04,CCP,BBB,135803023.8142082
T0001820,CP0075,JPM_EMEA_FR,Equity Option,Equity,1200447.1906206561,2928.0446758494354,0.0,Unmargined,0.6233538796596755,0.08,Sovereign,AA,39926961.16118422
T0001821,CP0073,JPM_EMEA_UK,Interest Rate Swap,Interest Rate,1423044.8402216327,54970.846781161956,13893.425754901567,Margined,2.6669561662379078,0.005,Asset Manager,A,35958531.21349318
T0001822,CP0042,JPM_EMEA_CH,Interest Rate Swap,Interest Rate,928821.0652989434,-26137.919454635183,0.0,Unmargined,3.8924653831242417,0.005,Sovereign,A,139081539.86788905
T0001823,CP0038,JPM_EMEA_DE,Interest Rate Swap,Interest Rate,1376460.1893903501,52495.808183827896,28988.46127562419,Margined,5.900189742982788,0.005,Sovereign,BBB,105724942.50994723
T0001824,CP0032,JPM_EMEA_FR,FX Forward,FX,15543335.244659511,55299.98040077811,178041.6001179239,Margined,2.607086248256498,0.04,Hedge Fund,A,136500900.33916968
T0001825,CP0043,JPM_EMEA_CH,FX Forward,FX,1921634.3152663102,156453.1721565457,0.0,Unmargined,6.232170675680546,0.04,Sovereign,BBB,49927818.8163345
T0001826,CP0075,JPM_EMEA_CH,Commodity Future,Commodity,6375863.187067157,71148.77344961114,66445.74962699284,Margined,3.845223713497588,0.15,Sovereign,AA,39926961.16118422
T0001827,CP0070,JPM_EMEA_FR,FX Forward,FX,1733240.7831617233,-5879.412613449961,0.0,Unmargined,5.036532156301208,0.04,Asset Manager,BBB,54119867.06997241
T0001828,CP0049,JPM_EMEA_UK,FX Forward,FX,8549117.890146565,171965.63843613112,0.0,Unmargined,0.2596529056535039,0.04,Sovereign,AA,61228056.066952996
T0001829,CP0023,JPM_EMEA_FR,Equity Option,Equity,1433633.828986714,-16917.048818274732,0.0,Margined,6.275304893233383,0.08,Hedge Fund,A,141917439.14674777
T0001830,CP0031,JPM_EMEA_DE,Interest Rate Swap,Interest Rate,4160030.012879518,-261393.65260608416,36148.6043402738,Margined,1.533457205727085,0.005,Asset Manager,AA,127417950.14526652
T0001831,CP0020,JPM_EMEA_FR,FX Forward,FX,4217091.493970896,-35500.492934848866,42777.56814138934,Margined,2.314787205203237,0.04,Asset Manager,AA,30754899.989917014
T0001832,CP0015,JPM_EMEA_UK,FX Forward,FX,41021638.57261634,-367975.4329898212,716270.5078850231,Margined,3.6894041713771766,0.04,Sovereign,BBB,96819013.89258417
T0001833,CP0001,JPM_EMEA_FR,FX Forward,FX,7513637.09720318,-418743.3439739,88444.0420067515,Margined,6.720817688649915,0.04,Bank,A,95932735.95865563
T0001834,CP0062,JPM_EMEA_CH,Interest Rate Swap,Interest Rate,2210879.381997939,-5651.519834693263,41447.28563875118,Margined,2.452442012478116,0.005,Sovereign,BBB,136148063.1607222
T0001835,CP0060,JPM_EMEA_FR,Commodity Future,Commodity,7935475.882504158,-574122.616685297,98075.67851465582,Margined,1.5824870993465663,0.15,Sovereign,BB,117319042.5294034
T0001836,CP0015,JPM_EMEA_CH,Securities Financing,SFT,33935743.2338235,-412965.39072659716,0.0,Unmargined,6.727053994399721,0.03,Sovereign,BBB,96819013.89258417
T0001837,CP0056,JPM_EMEA_UK,Interest Rate Swap,Interest Rate,784003.5509536238,6684.304296638284,0.0,Unmargined,5.668827145525739,0.005,Bank,A,25838380.52100277
T0001838,CP0014,JPM_EMEA_FR,Equity Option,Equity,1722561.3128680512,5847.865178204548,40274.70252252699,Margined,4.660770523633731,0.08,Sovereign,BBB,65093074.58952882
T0001839,CP0023,JPM_EMEA_UK,Commodity Future,Commodity,3156288.4684991594,-45410.88429586423,0.0,Margined,2.896972648036191,0.15,Hedge Fund,A,141917439.14674777
T0001840,CP0021,JPM_EMEA_UK,Interest Rate Swap,Interest Rate,2635851.115906845,-7890.589189657483,37983.88591898135,Margined,2.9721621104542724,0.005,Corporate,BBB,83265583.00896084
T0001841,CP0011,JPM_EMEA_CH,Commodity Future,Commodity,2867778.4270304423,-78698.30777202388,30245.87492064875,Margined,6.6571595746960535,0.15,Corporate,AA,42177085.909795195
T0001842,CP0059,JPM_EMEA_UK,Equity Option,Equity,1085523.2138724367,410.9554024262255,0.0,Unmargined,0.5292615723805703,0.08,Sovereign,AA,135918044.6131388
T0001843,CP0004,JPM_EMEA_DE,Securities Financing,SFT,16285097.31850145,33107.99744801618,0.0,Unmargined,5.314626428469863,0.03,Asset Manager,A,74054962.28217925
T0001844,CP0033,JPM_EMEA_UK,Securities Financing,SFT,964337.2150888749,-30385.05948006771,0.0,Unmargined,4.227995818067182,0.03,Bank,BBB,38232381.569819406
T0001845,CP0040,JPM_EMEA_DE,Interest Rate Swap,Interest Rate,3274226.151333953,30677.77030493277,32306.406421221316,Margined,6.78062492029603,0.005,Corporate,BBB,119924173.94929542
T0001846,CP0047,JPM_EMEA_UK,FX Forward,FX,11383044.832460746,104164.4553021345,0.0,Unmargined,3.930916932484889,0.04,Asset Manager,BBB,127872666.6072137
T0001847,CP0016,JPM_EMEA_DE,FX Forward,FX,3881064.6253482425,-22577.499559358923,0.0,Unmargined,1.9997532050588729,0.04,Sovereign,BBB,22964503.233860675
T0001848,CP0038,JPM_EMEA_FR,Interest Rate Swap,Interest Rate,1502154.1745066869,127287.50692823502,41695.60841285889,Margined,5.470435501773287,0.005,Sovereign,BBB,105724942.50994723
T0001849,CP0064,JPM_EMEA_FR,FX Forward,FX,1038335.2450880796,-5113.368650681527,14721.49286286689,Margined,6.900118621723199,0.04,CCP,BB,61070776.73800309
T0001850,CP0030,JPM_EMEA_CH,Securities Financing,SFT,3178136.965146133,-31060.56370041361,38690.889616903034,Margined,6.3568029045715635,0.03,Asset Manager,A,22809570.384442955
T0001851,CP0077,JPM_EMEA_UK,Interest Rate Swap,Interest Rate,1876230.658408616,-27737.74154886304,20333.432720325673,Margined,2.098437563255557,0.005,Hedge Fund,BBB,97919762.89770965
T0001852,CP0035,JPM_EMEA_DE,FX Forward,FX,4911235.0744016105,-166897.87686197725,81104.01420766904,Margined,2.4571345248778753,0.04,CCP,AAA,34114846.34760766
T0001853,CP0063,JPM_EMEA_FR,Commodity Future,Commodity,984957.4993546052,23645.29119278495,7183.150270531236,Margined,5.296000336723762,0.15,Asset Manager,AA,87451586.85023838
T0001854,CP0010,JPM_EMEA_UK,FX Forward,FX,9018969.64952818,-216623.42018268548,118743.20598299814,Margined,4.20742389757389,0.04,Bank,AA,96393794.38310257
T0001855,CP0069,JPM_EMEA_UK,FX Forward,FX,4489960.409735104,-89252.26431808133,0.0,Unmargined,0.1307086944570126,0.04,Bank,AA,117082649.47537337
T0001856,CP0039,JPM_EMEA_DE,Securities Financing,SFT,4836207.095107214,-91106.6677192749,0.0,Unmargined,1.0359384530784004,0.03,Hedge Fund,A,114509299.85729474
T0001857,CP0080,JPM_EMEA_CH,FX Forward,FX,16900972.072537154,-582627.5999033786,0.0,Unmargined,0.6441697722437154,0.04,Sovereign,A,60342077.47701232
T0001858,CP0057,JPM_EMEA_FR,Interest Rate Swap,Interest Rate,2581831.0661021727,-158235.04715541907,0.0,Unmargined,1.292164579754642,0.005,Corporate,A,76562617.80039492
T0001859,CP0060,JPM_EMEA_FR,Interest Rate Swap,Interest Rate,1935716.7404266216,-31364.21577348247,24698.270532428105,Margined,2.1691228072640065,0.005,Sovereign,BB,117319042.5294034
T0001860,CP0012,JPM_EMEA_FR,Securities Financing,SFT,2312966.1136965794,70699.82444693474,0.0,Unmargined,6.772036853565272,0.03,CCP,AAA,140265615.38898364
T0001861,CP0046,JPM_EMEA_CH,Interest Rate Swap,Interest Rate,3299489.605783962,22747.648723867176,50747.96660318786,Margined,4.75146187026806,0.005,CCP,AA,68219896.90211704
T0001862,CP0060,JPM_EMEA_FR,FX Forward,FX,3652199.052556497,199483.60331284598,0.0,Unmargined,0.43059095263469543,0.04,Sovereign,BB,117319042.5294034
T0001863,CP0065,JPM_EMEA_FR,Interest Rate Swap,Interest Rate,1742980.5795677367,45811.57894950327,0.0,Unmargined,4.271187659022713,0.005,Asset Manager,BBB,120361616.17442845
T0001864,CP0031,JPM_EMEA_DE,FX Forward,FX,528987.2804593636,9700.975201514568,10405.870843689941,Margined,3.0848168657571495,0.04,Asset Manager,AA,127417950.14526652
T0001865,CP0046,JPM_EMEA_CH,Securities Financing,SFT,2282714.6261558393,150414.2660974572,14133.670335744055,Margined,5.290575516748531,0.03,CCP,AA,68219896.90211704
T0001866,CP0014,JPM_EMEA_UK,FX Forward,FX,5732318.234804687,-19490.431298375075,133025.97714837195,Margined,6.19329998539376,0.04,Sovereign,BBB,65093074.58952882
T0001867,CP0035,JPM_EMEA_DE,Securities Financing,SFT,4583911.474467772,10119.665623869678,29179.935941102663,Margined,0.5032319213797155,0.03,CCP,AAA,34114846.34760766
T0001868,CP0039,JPM_EMEA_DE,Interest Rate Swap,Interest Rate,13274552.159734419,-5326.477215804041,207707.23813948926,Margined,6.860531000513344,0.005,Hedge Fund,A,114509299.85729474
T0001869,CP0003,JPM_EMEA_UK,FX Forward,FX,28269427.068406902,1527468.824222868,279431.4809047229,Margined,0.45244152700921325,0.04,Corporate,BBB,30977761.748185582
T0001870,CP0074,JPM_EMEA_FR,Securities Financing,SFT,8547408.45716728,752.4803011210097,133476.86362826652,Margined,5.139994775478381,0.03,Bank,A,128044647.3762378
T0001871,CP0052,JPM_EMEA_CH,FX Forward,FX,15939734.285061536,-361667.91800322686,161336.09440582708,Margined,6.326767282008049,0.04,Hedge Fund,BBB,86957426.80012289
T0001872,CP0015,JPM_EMEA_UK,Interest Rate Swap,Interest Rate,8611242.813550979,177121.58635438097,0.0,Unmargined,5.274448263583004,0.005,Sovereign,BBB,96819013.89258417
T0001873,CP0072,JPM_EMEA_CH,Securities Financing,SFT,22113617.982336767,-631766.0172617328,217316.31063975074,Margined,1.0979863416013957,0.03,Hedge Fund,AA,51326174.75073902
T0001874,CP0056,JPM_EMEA_CH,FX Forward,FX,25461003.20186124,475395.1961767718,0.0,Unmargined,1.495549455127023,0.04,Bank,A,25838380.52100277
T0001875,CP0056,JPM_EMEA_CH,FX Forward,FX,10354896.834179832,149984.80625797587,162967.54243760853,Margined,0.33619453200793703,0.04,Bank,A,25838380.52100277
T0001876,CP0075,JPM_EMEA_UK,Securities Financing,SFT,8106567.27236518,-53739.1913848578,13693.611498741768,Margined,0.9609498493715106,0.03,Sovereign,AA,39926961.16118422
T0001877,CP0033,JPM_EMEA_CH,Interest Rate Swap,Interest Rate,3257832.800481155,64516.18244526951,67642.58315121,Margined,0.47406458093200166,0.005,Bank,BBB,38232381.569819406
T0001878,CP0029,JPM_EMEA_DE,FX Forward,FX,3838021.8097674386,-199855.9570306541,0.0,Unmargined,0.42278938628700735,0.04,Corporate,AAA,77058489.83965607
T0001879,CP0050,JPM_EMEA_FR,Interest Rate Swap,Interest Rate,2853245.247396953,16273.981436168464,51206.83381484587,Margined,3.9566774667544955,0.005,Sovereign,A,143876921.35906684
T0001880,CP0072,JPM_EMEA_DE,FX Forward,FX,7445024.612309647,-120585.48874990662,122286.92045590309,Margined,0.5830662393772522,0.04,Hedge Fund,AA,51326174.75073902
T0001881,CP0066,JPM_EMEA_FR,Interest Rate Swap,Interest Rate,1946331.5098675261,194981.98265052531,32952.33396101958,Margined,3.0041784065504613,0.005,Hedge Fund,BBB,106015964.21180893
T0001882,CP0063,JPM_EMEA_FR,Equity Option,Equity,3304179.3978010635,18020.58946681317,88636.30847826102,Margined,4.982157692970527,0.08,Asset Manager,AA,87451586.85023838
T0001883,CP0062,JPM_EMEA_CH,Interest Rate Swap,Interest Rate,379509.5476145114,-7921.77669549712,2038.2974310186637,Margined,0.15518656211463897,0.005,Sovereign,BBB,136148063.1607222
T0001884,CP0003,JPM_EMEA_DE,Equity Option,Equity,22407243.024264537,-1080937.9686177492,378376.73214115336,Margined,4.49019931361611,0.08,Corporate,BBB,30977761.748185582
T0001885,CP0040,JPM_EMEA_UK,Interest Rate Swap,Interest Rate,3208552.1075063297,146596.23313566225,70834.2708661632,Margined,5.312427871181275,0.005,Corporate,BBB,119924173.94929542
T0001886,CP0029,JPM_EMEA_FR,FX Forward,FX,6308354.073912478,-77284.56162736709,0.0,Unmargined,3.7798571551429707,0.04,Corporate,AAA,77058489.83965607
T0001887,CP0029,JPM_EMEA_CH,FX Forward,FX,17185758.657669917,-475999.49733022304,103698.37546944777,Margined,3.3553626314805807,0.04,Corporate,AAA,77058489.83965607
T0001888,CP0069,JPM_EMEA_UK,Equity Option,Equity,5401019.859245169,63572.55567290152,52403.39350904075,Margined,5.12934400418869,0.08,Bank,AA,117082649.47537337
T0001889,CP0032,JPM_EMEA_CH,FX Forward,FX,16956276.54991722,385588.4264751157,247525.4238813519,Margined,3.731641722090565,0.04,Hedge Fund,A,136500900.33916968
T0001890,CP0067,JPM_EMEA_CH,FX Forward,FX,1155527.0369782653,25639.24140733505,0.0,Unmargined,3.5895171143685274,0.04,CCP,A,68575504.7535823
T0001891,CP0073,JPM_EMEA_FR,Securities Financing,SFT,43977183.85685716,30399.87951462899,721719.0601303915,Margined,5.622623818193445,0.03,Asset Manager,A,35958531.21349318
T0001892,CP0037,JPM_EMEA_CH,Equity Option,Equity,11862765.671641272,66095.23518932798,8694.292920687993,Margined,5.871005580585282,0.08,CCP,AA,56560391.89907108
T0001893,CP0014,JPM_EMEA_DE,Interest Rate Swap,Interest Rate,4930778.338605839,40044.31852819485,110186.36102761055,Margined,2.6105067930189008,0.005,Sovereign,BBB,65093074.58952882
T0001894,CP0056,JPM_EMEA_UK,Securities Financing,SFT,16632750.838477293,195831.8344219746,0.0,Unmargined,2.9375796971979335,0.03,Bank,A,25838380.52100277
T0001895,CP0070,JPM_EMEA_FR,FX Forward,FX,1243163.667388418,18487.064342457663,33944.73184602987,Margined,5.61528359371702,0.04,Asset Manager,BBB,54119867.06997241
T0001896,CP0033,JPM_EMEA_FR,Interest Rate Swap,Interest Rate,2997202.8858325654,114810.39306171308,0.0,Unmargined,3.836833217319018,0.005,Bank,BBB,38232381.569819406
T0001897,CP0016,JPM_EMEA_CH,FX Forward,FX,16954694.50662402,33477.386294857264,0.0,Unmargined,4.823353293782636,0.04,Sovereign,BBB,22964503.233860675
T0001898,CP0042,JPM_EMEA_UK,Interest Rate Swap,Interest Rate,618309.6966539164,-17676.308283252478,3469.077822240177,Margined,0.5724665046981113,0.005,Sovereign,A,139081539.86788905
T0001899,CP0079,JPM_EMEA_UK,Interest Rate Swap,Interest Rate,7005896.391157739,-35381.245271769534,97459.92470723327,Margined,0.7128127399320581,0.005,Corporate,A,45536506.54289452
T0001900,CP0042,JPM_EMEA_FR,Commodity Future,Commodity,6810533.930402686,179677.74447284944,80078.2258908865,Margined,3.7460200338248266,0.15,Sovereign,A,139081539.86788905
T0001901,CP0036,JPM_EMEA_DE,Interest Rate Swap,Interest Rate,28660508.878352214,-1792098.0144449666,615888.893260709,Margined,5.743631432369814,0.005,Bank,AA,107391212.09517552
T0001902,CP0036,JPM_EMEA_UK,Commodity Future,Commodity,821469.0159886953,-51199.146377816985,3754.975509467503,Margined,2.249967545708959,0.15,Bank,AA,107391212.09517552
T0001903,CP0059,JPM_EMEA_FR,Securities Financing,SFT,20003863.265023056,642917.449015372,563453.1374941405,Margined,6.726394230678834,0.03,Sovereign,AA,135918044.6131388
T0001904,CP0028,JPM_EMEA_UK,Equity Option,Equity,2286045.8406994804,121627.46549853747,50746.13829181109,Margined,5.3342610182265675,0.08,Sovereign,A,87687412.32129991
T0001905,CP0059,JPM_EMEA_CH,Equity Option,Equity,2558151.4330976717,-113280.0648959102,26532.663065879628,Margined,5.482896036213126,0.08,Sovereign,AA,135918044.6131388
T0001906,CP0079,JPM_EMEA_DE,Equity Option,Equity,1178556.0163390283,4143.890731299911,31093.33327775513,Margined,5.846535890485218,0.08,Corporate,A,45536506.54289452
T0001907,CP0062,JPM_EMEA_FR,Securities Financing,SFT,1347757.8012083827,-18847.151500400694,7729.357618829399,Margined,1.818692984103727,0.03,Sovereign,BBB,136148063.1607222
T0001908,CP0075,JPM_EMEA_FR,FX Forward,FX,5988354.751702386,-54668.01347102182,81709.41378315145,Margined,2.3457629178380492,0.04,Sovereign,AA,39926961.16118422
T0001909,CP0064,JPM_EMEA_FR,Interest Rate Swap,Interest Rate,1315165.4120346843,14063.833525717644,2351.820332512605,Margined,0.8731009715275353,0.005,CCP,BB,61070776.73800309
T0001910,CP0068,JPM_EMEA_DE,FX Forward,FX,8386126.176908465,-379476.050479844,224518.0163448508,Margined,2.693472963769261,0.04,Asset Manager,AA,32280666.847996987
T0001911,CP0004,JPM_EMEA_UK,FX Forward,FX,2061282.4015761754,-79880.07819687514,0.0,Unmargined,0.29903353594720955,0.04,Asset Manager,A,74054962.28217925
T0001912,CP0029,JPM_EMEA_FR,Interest Rate Swap,Interest Rate,1189175.9107735136,-12538.422327556553,566.6024007325941,Margined,5.272838067050593,0.005,Corporate,AAA,77058489.83965607
T0001913,CP0022,JPM_EMEA_DE,Equity Option,Equity,2359583.722622681,-12005.90630601602,16333.73494381711,Margined,5.627771981667496,0.08,Asset Manager,A,83791909.26608771
T0001914,CP0070,JPM_EMEA_CH,Interest Rate Swap,Interest Rate,5601315.903339587,-220739.05839703043,0.0,Unmargined,1.5346762073077505,0.005,Asset Manager,BBB,54119867.06997241
T0001915,CP0019,JPM_EMEA_CH,Securities Financing,SFT,3031147.0104391817,83773.83660581206,59527.96590023942,Margined,3.454798283919371,0.03,CCP,AA,121755579.54253721
T0001916,CP0078,JPM_EMEA_UK,Interest Rate Swap,Interest Rate,4139208.059042913,-60493.01107650467,53712.0402603323,Margined,4.720349813145658,0.005,Hedge Fund,BBB,133693065.30887038
T0001917,CP0056,JPM_EMEA_DE,Interest Rate Swap,Interest Rate,8024519.749738337,-118470.92987347614,161705.38503716417,Margined,5.210656695398976,0.005,Bank,A,25838380.52100277
T0001918,CP0010,JPM_EMEA_DE,Interest Rate Swap,Interest Rate,11807274.360225318,116810.0460300835,130785.52022190338,Margined,6.7875963397373,0.005,Bank,AA,96393794.38310257
T0001919,CP0055,JPM_EMEA_DE,Interest Rate Swap,Interest Rate,2933508.223042314,-13235.372075177627,0.0,Unmargined,1.444540404386578,0.005,Asset Manager,A,41399016.28566236
T0001920,CP0028,JPM_EMEA_FR,Interest Rate Swap,Interest Rate,1407862.1463823817,41266.81661770691,0.0,Unmargined,1.7647311656578437,0.005,Sovereign,A,87687412.32129991
T0001921,CP0024,JPM_EMEA_DE,Interest Rate Swap,Interest Rate,4316258.072777727,-141011.239743318,43279.331254396464,Margined,5.984459944901509,0.005,CCP,BBB,94324646.8088898
T0001922,CP0080,JPM_EMEA_UK,Interest Rate Swap,Interest Rate,6404135.459413739,-313216.8569867292,37585.992906501495,Margined,0.7256318541657055,0.005,Sovereign,A,60342077.47701232
T0001923,CP0064,JPM_EMEA_DE,Interest Rate Swap,Interest Rate,928271.573776606,-10064.844628431398,0.0,Unmargined,5.5118817256310315,0.005,CCP,BB,61070776.73800309
T0001924,CP0062,JPM_EMEA_CH,FX Forward,FX,1641624.1121915765,3460.980387069058,29421.506568811328,Margined,0.9767180160230494,0.04,Sovereign,BBB,136148063.1607222
T0001925,CP0025,JPM_EMEA_DE,FX Forward,FX,1948592.7885328347,-84620.48297491872,0.0,Unmargined,3.278071448958966,0.04,Sovereign,A,81553622.137404
T0001926,CP0054,JPM_EMEA_DE,FX Forward,FX,3249405.8764997255,-157828.11024827865,0.0,Unmargined,4.166089911239217,0.04,Asset Manager,A,141685664.10636523
T0001927,CP0028,JPM_EMEA_CH,FX Forward,FX,1868732.6194654342,11923.303430892109,19415.995330825197,Margined,5.386749158450896,0.04,Sovereign,A,87687412.32129991
T0001928,CP0049,JPM_EMEA_UK,Interest Rate Swap,Interest Rate,8111924.0669083,-215147.04475031825,105620.23716112717,Margined,0.8459812192532443,0.005,Sovereign,AA,61228056.066952996
T0001929,CP0032,JPM_EMEA_DE,Interest Rate Swap,Interest Rate,803451.1916424489,-40845.77944663403,12049.035385749889,Margined,5.777203739898542,0.005,Hedge Fund,A,136500900.33916968
T0001930,CP0049,JPM_EMEA_UK,Interest Rate Swap,Interest Rate,824132.1909127468,27844.90919746658,11784.174145839046,Margined,5.961374929445897,0.005,Sovereign,AA,61228056.066952996
T0001931,CP0060,JPM_EMEA_FR,Commodity Future,Commodity,2864533.614365493,-63342.8977291848,71344.56986198667,Margined,5.564821310598968,0.15,Sovereign,BB,117319042.5294034
T0001932,CP0026,JPM_EMEA_CH,Securities Financing,SFT,3355636.7943222737,135042.25435642555,50188.41393245029,Margined,6.564313178888659,0.03,Corporate,A,54706836.20194616
T0001933,CP0001,JPM_EMEA_DE,Securities Financing,SFT,933933.9956324106,930.6443894875055,8936.61166640239,Margined,6.111964760381961,0.03,Bank,A,95932735.95865563
T0001934,CP0008,JPM_EMEA_CH,FX Forward,FX,2180481.0519115906,22495.063975811398,0.0,Unmargined,5.3874521333575345,0.04,Sovereign,AA,38788144.55258609
T0001935,CP0073,JPM_EMEA_CH,FX Forward,FX,2678482.8773736428,-19827.445697125273,53759.31214038408,Margined,4.076383946526837,0.04,Asset Manager,A,35958531.21349318
T0001936,CP0077,JPM_EMEA_FR,FX Forward,FX,2699310.6189596904,-250848.76746170662,0.0,Unmargined,5.66994082066142,0.04,Hedge Fund,BBB,97919762.89770965
T0001937,CP0056,JPM_EMEA_UK,Commodity Future,Commodity,4656089.088663395,-185254.2711997285,82647.72577548539,Margined,6.828563446730046,0.15,Bank,A,25838380.52100277
T0001938,CP0009,JPM_EMEA_UK,Commodity Future,Commodity,2064143.719418419,-9081.883711246073,0.0,Unmargined,4.479368779094412,0.15,Hedge Fund,BBB,33442385.803931713
T0001939,CP0047,JPM_EMEA_UK,Commodity Future,Commodity,17533803.75989985,223828.11915827484,0.0,Unmargined,1.7361056072053849,0.15,Asset Manager,BBB,127872666.6072137
T0001940,CP0035,JPM_EMEA_DE,Securities Financing,SFT,6517553.013742726,-408250.33613814675,0.0,Unmargined,1.7725287959337719,0.03,CCP,AAA,34114846.34760766
T0001941,CP0019,JPM_EMEA_DE,FX Forward,FX,1784575.97943612,-3347.9712106585953,27680.30740840258,Margined,5.582111337065214,0.04,CCP,AA,121755579.54253721
T0001942,CP0031,JPM_EMEA_UK,Commodity Future,Commodity,4396487.1826848,-172690.6886258381,0.0,Unmargined,6.926677196469391,0.15,Asset Manager,AA,127417950.14526652
T0001943,CP0063,JPM_EMEA_CH,Commodity Future,Commodity,4528132.848146649,37183.69467330185,79489.12720165959,Margined,1.5116672498144925,0.15,Asset Manager,AA,87451586.85023838
T0001944,CP0080,JPM_EMEA_FR,FX Forward,FX,13477421.928761268,-9151.54011191071,0.0,Unmargined,6.792088641460874,0.04,Sovereign,A,60342077.47701232
T0001945,CP0070,JPM_EMEA_FR,Securities Financing,SFT,2194407.179128017,57104.083892262424,51147.78965557266,Margined,1.9146096109673039,0.03,Asset Manager,BBB,54119867.06997241
T0001946,CP0017,JPM_EMEA_FR,Interest Rate Swap,Interest Rate,8616104.417819336,321715.0216636878,169717.99643971684,Margined,2.918980358520313,0.005,Corporate,A,144612697.7213879
T0001947,CP0041,JPM_EMEA_FR,Securities Financing,SFT,4170970.893560367,67005.17286085628,20463.596281773578,Margined,6.361665278056689,0.03,Bank,BBB,34006322.97426655
T0001948,CP0043,JPM_EMEA_CH,Commodity Future,Commodity,17776206.99688371,535308.7087716416,105691.52422716167,Margined,6.734610548190333,0.15,Sovereign,BBB,49927818.8163345
T0001949,CP0024,JPM_EMEA_DE,Interest Rate Swap,Interest Rate,14544105.827243809,-178339.63159652235,0.0,Margined,3.990333147513865,0.005,CCP,BBB,94324646.8088898
T0001950,CP0035,JPM_EMEA_UK,Equity Option,Equity,4870875.357030623,481286.8559990829,83136.62563071083,Margined,6.653128762763722,0.08,CCP,AAA,34114846.34760766
T0001951,CP0031,JPM_EMEA_DE,Interest Rate Swap,Interest Rate,3077174.297797992,-131268.15790897966,64217.60451651446,Margined,5.904812595972663,0.005,Asset Manager,AA,127417950.14526652
T0001952,CP0006,JPM_EMEA_UK,Commodity Future,Commodity,6638594.509316363,-122624.48133210823,0.0,Unmargined,6.07144895156734,0.15,CCP,BBB,84218806.50178745
T0001953,CP0034,JPM_EMEA_CH,Commodity Future,Commodity,3339577.606904966,105355.4928556592,58120.151098037095,Margined,6.0843259361491295,0.15,Corporate,AA,92024698.66007642
T0001954,CP0030,JPM_EMEA_FR,Equity Option,Equity,21468816.0739498,565601.233715145,231164.7285484096,Margined,2.7344292209274665,0.08,Asset Manager,A,22809570.384442955
T0001955,CP0025,JPM_EMEA_DE,Securities Financing,SFT,4326523.961228166,73804.5094415603,0.0,Unmargined,0.2631291802433767,0.03,Sovereign,A,81553622.137404
T0001956,CP0050,JPM_EMEA_UK,Interest Rate Swap,Interest Rate,2666193.3102716045,63018.55308849877,14389.662940292179,Margined,1.1943332542350047,0.005,Sovereign,A,143876921.35906684
T0001957,CP0057,JPM_EMEA_FR,Interest Rate Swap,Interest Rate,2526106.7285779063,-184215.0711669435,0.0,Unmargined,0.5675551549920353,0.005,Corporate,A,76562617.80039492
T0001958,CP0004,JPM_EMEA_FR,FX Forward,FX,1189173.7948151687,66148.33258874225,4967.642681654501,Margined,1.7346674586328101,0.04,Asset Manager,A,74054962.28217925
T0001959,CP0028,JPM_EMEA_CH,Interest Rate Swap,Interest Rate,6978636.048904903,-49800.827845732114,181776.94729317908,Margined,0.4342926245382432,0.005,Sovereign,A,87687412.32129991
T0001960,CP0003,JPM_EMEA_UK,FX Forward,FX,1761706.8821463399,76821.51243664262,2785.3071605777914,Margined,1.9747381219545015,0.04,Corporate,BBB,30977761.748185582
T0001961,CP0066,JPM_EMEA_FR,Interest Rate Swap,Interest Rate,11994432.85401497,-853684.9302900073,0.0,Unmargined,4.143272519605836,0.005,Hedge Fund,BBB,106015964.21180893
T0001962,CP0075,JPM_EMEA_DE,FX Forward,FX,1097856.1319321662,9858.635668261973,0.0,Unmargined,1.0303661027893043,0.04,Sovereign,AA,39926961.16118422
T0001963,CP0038,JPM_EMEA_UK,FX Forward,FX,4542764.78461341,-89595.0408412015,0.0,Unmargined,2.2444125499154164,0.04,Sovereign,BBB,105724942.50994723
T0001964,CP0076,JPM_EMEA_UK,Securities Financing,SFT,12635598.645031175,253017.8214240512,151386.22694215536,Margined,1.6077452596148962,0.03,Asset Manager,BBB,43304880.06050608
T0001965,CP0051,JPM_EMEA_DE,Interest Rate Swap,Interest Rate,464890.8168195816,5159.10995731586,0.0,Unmargined,0.7109603340454151,0.005,Sovereign,AA,57819318.95821542
T0001966,CP0070,JPM_EMEA_FR,Securities Financing,SFT,30101045.48618952,385644.7490924791,136590.53367805766,Margined,4.748885189032293,0.03,Asset Manager,BBB,54119867.06997241
T0001967,CP0076,JPM_EMEA_UK,FX Forward,FX,2614333.4336174927,-96894.9330928229,31423.489676088113,Margined,6.25653305313972,0.04,Asset Manager,BBB,43304880.06050608
T0001968,CP0047,JPM_EMEA_CH,FX Forward,FX,4606137.914380269,-9184.26695730301,35210.75938542877,Margined,5.026150863393727,0.04,Asset Manager,BBB,127872666.6072137
T0001969,CP0036,JPM_EMEA_CH,FX Forward,FX,7083326.107868943,-44666.36840314518,0.0,Unmargined,4.805289173946247,0.04,Bank,AA,107391212.09517552
T0001970,CP0060,JPM_EMEA_CH,FX Forward,FX,8268254.455054302,143337.2310643214,0.0,Unmargined,6.881976813926015,0.04,Sovereign,BB,117319042.5294034
T0001971,CP0014,JPM_EMEA_CH,Interest Rate Swap,Interest Rate,5260248.65991092,182138.18680689778,70368.54367225968,Margined,5.1323619716094955,0.005,Sovereign,BBB,65093074.58952882
T0001972,CP0024,JPM_EMEA_DE,FX Forward,FX,10844726.715380093,57115.458799989596,0.0,Unmargined,0.3773631551315386,0.04,CCP,BBB,94324646.8088898
T0001973,CP0044,JPM_EMEA_DE,Interest Rate Swap,Interest Rate,6721861.1567680705,-300238.85271321,55685.79200654714,Margined,1.5668128315215273,0.005,Asset Manager,AA,24863632.30290337
T0001974,CP0017,JPM_EMEA_UK,FX Forward,FX,23270244.890998702,87618.48352952824,133210.88740136768,Margined,4.480361713249908,0.04,Corporate,A,144612697.7213879
T0001975,CP0040,JPM_EMEA_CH,Equity Option,Equity,6743788.803313163,616299.1321810242,79686.88987252064,Margined,4.491358151054544,0.08,Corporate,BBB,119924173.94929542
T0001976,CP0069,JPM_EMEA_CH,FX Forward,FX,28529250.120989025,1643575.4185940207,0.0,Unmargined,5.836558999343684,0.04,Bank,AA,117082649.47537337
T0001977,CP0063,JPM_EMEA_UK,Commodity Future,Commodity,9849032.24735293,-1025323.5023539563,95541.30988189168,Margined,1.1539019515014053,0.15,Asset Manager,AA,87451586.85023838
T0001978,CP0072,JPM_EMEA_CH,Interest Rate Swap,Interest Rate,657404.5052457738,1457.4726115413237,9789.74078533465,Margined,6.869456836200927,0.005,Hedge Fund,AA,51326174.75073902
T0001979,CP0069,JPM_EMEA_UK,Securities Financing,SFT,54456218.00752185,1776589.6426730482,0.0,Unmargined,3.638222287375983,0.03,Bank,AA,117082649.47537337
T0001980,CP0027,JPM_EMEA_CH,Commodity Future,Commodity,2252296.2528909696,-14372.905652268266,0.0,Margined,6.446866508677368,0.15,Asset Manager,A,63103969.654531784
T0001981,CP0058,JPM_EMEA_UK,Securities Financing,SFT,17847052.638871547,-287394.3404666158,0.0,Unmargined,3.7289340211034325,0.03,Bank,AA,149008823.32725883
T0001982,CP0030,JPM_EMEA_FR,Commodity Future,Commodity,4108622.4591606297,-38389.930945947315,127554.96257251437,Margined,1.3490578872062697,0.15,Asset Manager,A,22809570.384442955
T0001983,CP0078,JPM_EMEA_CH,Interest Rate Swap,Interest Rate,11558078.373062836,223378.72723022324,193749.48198867263,Margined,2.489580855599461,0.005,Hedge Fund,BBB,133693065.30887038
T0001984,CP0015,JPM_EMEA_CH,FX Forward,FX,2009358.3660813202,-80769.07129212683,0.0,Unmargined,1.587105921722145,0.04,Sovereign,BBB,96819013.89258417
T0001985,CP0022,JPM_EMEA_UK,Interest Rate Swap,Interest Rate,7478549.860015487,311138.35721833404,68938.93374918745,Margined,1.8863673081194785,0.005,Asset Manager,A,83791909.26608771
T0001986,CP0076,JPM_EMEA_UK,Commodity Future,Commodity,3105279.7741595176,-6085.586661514355,0.0,Margined,6.237986999650349,0.15,Asset Manager,BBB,43304880.06050608
T0001987,CP0020,JPM_EMEA_UK,Equity Option,Equity,19400473.494603798,-634896.9776349295,60729.8448560315,Margined,2.672892423645291,0.08,Asset Manager,AA,30754899.989917014
T0001988,CP0050,JPM_EMEA_CH,Interest Rate Swap,Interest Rate,6202562.5956548415,244084.82894285116,0.0,Unmargined,1.3195631355101525,0.005,Sovereign,A,143876921.35906684
T0001989,CP0024,JPM_EMEA_UK,Securities Financing,SFT,10198462.793583697,-551528.6016449082,141767.92248300568,Margined,2.583569229548548,0.03,CCP,BBB,94324646.8088898
T0001990,CP0023,JPM_EMEA_DE,Interest Rate Swap,Interest Rate,459423.6497737172,-8927.682720449055,0.0,Unmargined,4.339940646592285,0.005,Hedge Fund,A,141917439.14674777
T0001991,CP0054,JPM_EMEA_DE,Equity Option,Equity,3671945.686281826,-73470.59264750592,0.0,Unmargined,1.4461585346760475,0.08,Asset Manager,A,141685664.10636523
T0001992,CP0064,JPM_EMEA_DE,Equity Option,Equity,6030596.911740022,452523.7371086855,117703.53509087465,Margined,0.404318301865808,0.08,CCP,BB,61070776.73800309
T0001993,CP0019,JPM_EMEA_DE,Interest Rate Swap,Interest Rate,5002357.331153899,-119935.15323986692,39964.96629274012,Margined,6.111234231760785,0.005,CCP,AA,121755579.54253721
T0001994,CP0079,JPM_EMEA_DE,Equity Option,Equity,10458882.055208242,-788848.4476000249,151261.94737957913,Margined,1.7125812440117714,0.08,Corporate,A,45536506.54289452
T0001995,CP0008,JPM_EMEA_UK,Commodity Future,Commodity,2774276.8426184943,-56494.06703515162,37626.47735111086,Margined,6.557721899521657,0.15,Sovereign,AA,38788144.55258609
T0001996,CP0009,JPM_EMEA_DE,Interest Rate Swap,Interest Rate,4199987.151653485,66965.69621109725,38018.20160004815,Margined,0.37765112541238005,0.005,Hedge Fund,BBB,33442385.803931713
T0001997,CP0079,JPM_EMEA_CH,FX Forward,FX,13033476.012773074,357677.149545921,64510.90462227061,Margined,4.57332556083233,0.04,Corporate,A,45536506.54289452
T0001998,CP0005,JPM_EMEA_UK,Interest Rate Swap,Interest Rate,409673.55558042,32642.3338721431,3515.5559786907625,Margined,4.673435571750758,0.005,Asset Manager,BBB,25409842.60204602
T0001999,CP0026,JPM_EMEA_CH,Equity Option,Equity,7211268.433199203,355093.06148382917,0.0,Unmargined,1.1343959182762067,0.08,Corporate,A,54706836.20194616
T0002000,CP0010,JPM_EMEA_DE,Interest Rate Swap,Interest Rate,2864545.0310382633,18840.94564168147,59867.796364525275,Margined,4.673362760710489,0.005,Bank,AA,96393794.38310257
T0002001,CP0018,JPM_EMEA_DE,Securities Financing,SFT,1606368.8137350448,-50117.9702517608,32389.39085136485,Margined,2.7440811631148287,0.03,Bank,A,82699446.80257703
T0002002,CP0006,JPM_EMEA_DE,Securities Financing,SFT,5600403.14537727,318332.2917143851,31968.727207353302,Margined,2.7032943733025134,0.03,CCP,BBB,84218806.50178745
T0002003,CP0029,JPM_EMEA_CH,Interest Rate Swap,Interest Rate,13650083.760718927,-176082.3166585352,6804.373145546007,Margined,6.148482561631344,0.005,Corporate,AAA,77058489.83965607
T0002004,CP0024,JPM_EMEA_CH,FX Forward,FX,11307183.057865271,-260466.6522758024,234872.28325016837,Margined,6.669281163638399,0.04,CCP,BBB,94324646.8088898
T0002005,CP0013,JPM_EMEA_CH,Equity Option,Equity,3494468.6414699233,-51010.796298211,0.0,Unmargined,1.2322918305884873,0.08,Sovereign,BBB,95537948.16105135
T0002006,CP0058,JPM_EMEA_UK,Equity Option,Equity,9602613.72925457,-420883.40825350856,125774.95601359897,Margined,4.804488016306085,0.08,Bank,AA,149008823.32725883
T0002007,CP0003,JPM_EMEA_CH,FX Forward,FX,9529214.206701368,-155094.66207158094,86102.93879313767,Margined,1.1252355822489,0.04,Corporate,BBB,30977761.748185582
T0002008,CP0038,JPM_EMEA_FR,Interest Rate Swap,Interest Rate,3665347.2945846585,-29904.804532103655,0.0,Unmargined,0.29325355129486813,0.005,Sovereign,BBB,105724942.50994723
T0002009,CP0025,JPM_EMEA_UK,Interest Rate Swap,Interest Rate,2000133.261582939,51149.370302803916,37880.93097830138,Margined,1.0892393769248423,0.005,Sovereign,A,81553622.137404
T0002010,CP0053,JPM_EMEA_DE,Securities Financing,SFT,2119245.9257271043,-28785.91180447672,0.0,Unmargined,4.460858172155525,0.03,Asset Manager,A,53275461.77378836
T0002011,CP0028,JPM_EMEA_CH,FX Forward,FX,9245599.512839481,-410144.71921101265,60718.26114582442,Margined,5.098739769141796,0.04,Sovereign,A,87687412.32129991
T0002012,CP0038,JPM_EMEA_FR,Securities Financing,SFT,3834916.062693492,-215261.6059683068,0.0,Unmargined,3.5739048132977707,0.03,Sovereign,BBB,105724942.50994723
T0002013,CP0065,JPM_EMEA_FR,FX Forward,FX,1405105.1521727187,10306.363619449317,0.0,Unmargined,6.664076265380742,0.04,Asset Manager,BBB,120361616.17442845
T0002014,CP0012,JPM_EMEA_DE,Securities Financing,SFT,741879.4803665205,1885.7870651523224,0.0,Unmargined,5.361001458202366,0.03,CCP,AAA,140265615.38898364
T0002015,CP0035,JPM_EMEA_UK,Interest Rate Swap,Interest Rate,9190090.768687582,-178296.44456002116,241078.88756953378,Margined,1.1732466546563882,0.005,CCP,AAA,34114846.34760766
T0002016,CP0045,JPM_EMEA_CH,Interest Rate Swap,Interest Rate,2315245.9848678187,-37879.68426391762,25763.098662082924,Margined,1.495166368651344,0.005,Bank,AAA,92130821.02089284
T0002017,CP0059,JPM_EMEA_CH,Securities Financing,SFT,5566030.355222091,75681.55211985567,0.0,Unmargined,4.1927696035483955,0.03,Sovereign,AA,135918044.6131388
T0002018,CP0043,JPM_EMEA_DE,Securities Financing,SFT,13818403.189177597,672529.5075337944,170807.4026527282,Margined,2.3664391948956682,0.03,Sovereign,BBB,49927818.8163345
T0002019,CP0059,JPM_EMEA_UK,FX Forward,FX,1080441.6408554614,-29501.52431089612,9623.435486401102,Margined,0.056206920240847565,0.04,Sovereign,AA,135918044.6131388
T0002020,CP0064,JPM_EMEA_FR,FX Forward,FX,3823464.621719272,11897.089716407336,80329.84118657044,Margined,0.2188453412606221,0.04,CCP,BB,61070776.73800309
T0002021,CP0064,JPM_EMEA_CH,FX Forward,FX,3372317.5722488924,113105.72428376196,64365.675661917274,Margined,2.88628794044827,0.04,CCP,BB,61070776.73800309
T0002022,CP0050,JPM_EMEA_UK,FX Forward,FX,5847634.595045,-158845.14705731816,121074.39914514741,Margined,3.6891266442194923,0.04,Sovereign,A,143876921.35906684
T0002023,CP0074,JPM_EMEA_FR,Interest Rate Swap,Interest Rate,13810847.851190511,-7556.246453916637,186117.16672842077,Margined,4.590565283053085,0.005,Bank,A,128044647.3762378
T0002024,CP0002,JPM_EMEA_CH,Securities Financing,SFT,1058489.1344100535,-1407.627655827812,8837.499389732215,Margined,5.353821750464848,0.03,Sovereign,BBB,104480058.20212659
T0002025,CP0040,JPM_EMEA_DE,Interest Rate Swap,Interest Rate,7071639.227518086,-324555.23880469543,84346.89160634126,Margined,6.782874168189157,0.005,Corporate,BBB,119924173.94929542
T0002026,CP0065,JPM_EMEA_UK,Equity Option,Equity,11221349.129238982,66177.43313723635,96441.05097961238,Margined,5.880113930395818,0.08,Asset Manager,BBB,120361616.17442845
T0002027,CP0009,JPM_EMEA_UK,Interest Rate Swap,Interest Rate,3319842.351002308,3665.3175992911692,78789.06194240454,Margined,2.523785568092046,0.005,Hedge Fund,BBB,33442385.803931713
T0002028,CP0066,JPM_EMEA_UK,Interest Rate Swap,Interest Rate,3486322.194944059,67732.08888007115,0.0,Unmargined,3.7661221693271187,0.005,Hedge Fund,BBB,106015964.21180893
T0002029,CP0004,JPM_EMEA_CH,Equity Option,Equity,6078413.534506236,-252503.53840250237,68490.44202763976,Margined,1.5506440933319607,0.08,Asset Manager,A,74054962.28217925
T0002030,CP0063,JPM_EMEA_DE,FX Forward,FX,5646926.636453831,1970.5711937561,25909.230746253168,Margined,6.78283426224236,0.04,Asset Manager,AA,87451586.85023838
T0002031,CP0015,JPM_EMEA_UK,Equity Option,Equity,7160980.897787361,346309.99324814737,0.0,Unmargined,3.771328379689958,0.08,Sovereign,BBB,96819013.89258417
T0002032,CP0054,JPM_EMEA_CH,Interest Rate Swap,Interest Rate,7011662.87438486,509835.49550360587,91807.01912232522,Margined,1.7852082452229967,0.005,Asset Manager,A,141685664.10636523
T0002033,CP0067,JPM_EMEA_CH,Securities Financing,SFT,1498286.4006477916,67130.00961699765,16419.211724416462,Margined,5.082104149350589,0.03,CCP,A,68575504.7535823
T0002034,CP0066,JPM_EMEA_UK,Commodity Future,Commodity,10767807.102940867,-443606.7621723494,262704.57773514185,Margined,3.4408377515809003,0.15,Hedge Fund,BBB,106015964.21180893
T0002035,CP0046,JPM_EMEA_FR,Securities Financing,SFT,12846578.654352283,202806.93149954997,101750.16352618771,Margined,6.977239242442135,0.03,CCP,AA,68219896.90211704
T0002036,CP0073,JPM_EMEA_DE,Interest Rate Swap,Interest Rate,4818088.414086379,-81474.50202939805,45524.11690314614,Margined,0.5692385782196727,0.005,Asset Manager,A,35958531.21349318
T0002037,CP0012,JPM_EMEA_UK,FX Forward,FX,897752.4243288211,8920.53560127719,9115.713849226557,Margined,2.3815316186336384,0.04,CCP,AAA,140265615.38898364
T0002038,CP0019,JPM_EMEA_UK,FX Forward,FX,3566371.3671667306,-96390.40420557228,0.0,Unmargined,6.5958706669365945,0.04,CCP,AA,121755579.54253721
T0002039,CP0011,JPM_EMEA_FR,FX Forward,FX,4858356.62662953,-291363.2767771891,70571.91955858198,Margined,3.255339539640045,0.04,Corporate,AA,42177085.909795195
T0002040,CP0058,JPM_EMEA_CH,Interest Rate Swap,Interest Rate,1273404.6284765045,-15354.844622260911,7514.668930771826,Margined,2.216971915867631,0.005,Bank,AA,149008823.32725883
T0002041,CP0072,JPM_EMEA_CH,Interest Rate Swap,Interest Rate,2790320.0361237866,70570.24738778012,20743.870155733428,Margined,4.253861869297101,0.005,Hedge Fund,AA,51326174.75073902
T0002042,CP0075,JPM_EMEA_FR,FX Forward,FX,977189.1659999122,9850.058430087132,6219.336243060863,Margined,4.668230171779488,0.04,Sovereign,AA,39926961.16118422
T0002043,CP0042,JPM_EMEA_CH,Interest Rate Swap,Interest Rate,7341818.662414121,103542.95412646611,53620.52015085628,Margined,0.6950120342626117,0.005,Sovereign,A,139081539.86788905
T0002044,CP0011,JPM_EMEA_UK,FX Forward,FX,4722081.395508926,35756.834226864376,0.0,Unmargined,1.852742135665081,0.04,Corporate,AA,42177085.909795195
T0002045,CP0014,JPM_EMEA_UK,Interest Rate Swap,Interest Rate,771445.8452891025,10922.486392125546,0.0,Unmargined,2.1973783937888154,0.005,Sovereign,BBB,65093074.58952882
T0002046,CP0051,JPM_EMEA_UK,Interest Rate Swap,Interest Rate,5684591.237610033,105352.02670705093,61139.22980990487,Margined,1.758383199771624,0.005,Sovereign,AA,57819318.95821542
T0002047,CP0072,JPM_EMEA_UK,Equity Option,Equity,3780232.114617149,-36342.58456581118,46814.64062194417,Margined,2.710999428681699,0.08,Hedge Fund,AA,51326174.75073902
T0002048,CP0080,JPM_EMEA_CH,FX Forward,FX,6704028.697837435,19449.52458879378,206687.24687989661,Margined,2.3762240731986894,0.04,Sovereign,A,60342077.47701232
T0002049,CP0058,JPM_EMEA_UK,FX Forward,FX,2704080.4970710063,164986.88404942898,29083.766317558708,Margined,5.133380452411702,0.04,Bank,AA,149008823.32725883
T0002050,CP0071,JPM_EMEA_DE,FX Forward,FX,1794658.8719124373,8921.403619931138,30221.303401259876,Margined,4.212594808167335,0.04,Sovereign,A,141785709.5693913
T0002051,CP0039,JPM_EMEA_CH,Commodity Future,Commodity,1850488.641329088,2756.714335312919,32846.16745219755,Margined,3.0329004416567757,0.15,Hedge Fund,A,114509299.85729474
T0002052,CP0016,JPM_EMEA_CH,FX Forward,FX,2335262.1265192367,8409.180259599185,26848.85196400096,Margined,1.4400279549238506,0.04,Sovereign,BBB,22964503.233860675
T0002053,CP0038,JPM_EMEA_UK,Equity Option,Equity,4076013.623402477,-31086.93312593259,57840.23540285646,Margined,2.9734440736563497,0.08,Sovereign,BBB,105724942.50994723
T0002054,CP0008,JPM_EMEA_UK,Securities Financing,SFT,4637858.94995004,-70669.1843464828,56422.269695051364,Margined,1.304363985580388,0.03,Sovereign,AA,38788144.55258609
T0002055,CP0054,JPM_EMEA_UK,FX Forward,FX,3305456.154553117,24142.21994403725,45021.8570207247,Margined,6.667413718488765,0.04,Asset Manager,A,141685664.10636523
T0002056,CP0027,JPM_EMEA_UK,Securities Financing,SFT,2619477.3473357726,-46364.83305073662,19142.788619792853,Margined,1.2577267328927266,0.03,Asset Manager,A,63103969.654531784
T0002057,CP0028,JPM_EMEA_DE,Commodity Future,Commodity,2814799.6678653047,-14335.838130666834,22648.749373899132,Margined,6.017807702765975,0.15,Sovereign,A,87687412.32129991
T0002058,CP0001,JPM_EMEA_DE,Interest Rate Swap,Interest Rate,49107862.12006615,-1358717.0524192115,595942.470888683,Margined,4.328286278338905,0.005,Bank,A,95932735.95865563
T0002059,CP0080,JPM_EMEA_CH,FX Forward,FX,1850709.741592458,6996.447460052457,0.0,Margined,5.685183975139651,0.04,Sovereign,A,60342077.47701232
T0002060,CP0035,JPM_EMEA_DE,Equity Option,Equity,2289474.5854517166,46812.481717413975,54875.46006664907,Margined,6.225501508207235,0.08,CCP,AAA,34114846.34760766
T0002061,CP0063,JPM_EMEA_DE,Securities Financing,SFT,107786074.32675782,-799451.4794455835,3156716.115422092,Margined,5.637695388501339,0.03,Asset Manager,AA,87451586.85023838
T0002062,CP0042,JPM_EMEA_DE,FX Forward,FX,6094018.1785322605,-428368.3146321494,0.0,Unmargined,4.145599528108676,0.04,Sovereign,A,139081539.86788905
T0002063,CP0052,JPM_EMEA_FR,Interest Rate Swap,Interest Rate,1006333.6686030019,20793.876661885657,17433.47633111782,Margined,1.905607343185575,0.005,Hedge Fund,BBB,86957426.80012289
T0002064,CP0038,JPM_EMEA_DE,Equity Option,Equity,9290399.592594996,39079.45733341225,191832.4570104106,Margined,4.637040753423715,0.08,Sovereign,BBB,105724942.50994723
T0002065,CP0055,JPM_EMEA_UK,Interest Rate Swap,Interest Rate,1610034.2819699966,-55969.78395583538,2258.3018395657127,Margined,0.08366267880290582,0.005,Asset Manager,A,41399016.28566236
T0002066,CP0016,JPM_EMEA_DE,Commodity Future,Commodity,9927968.439163363,268695.08962553815,192862.93441840174,Margined,2.67339076664624,0.15,Sovereign,BBB,22964503.233860675
T0002067,CP0080,JPM_EMEA_FR,FX Forward,FX,3239218.4505791347,-158543.1649169761,27819.968205409496,Margined,6.012847631120968,0.04,Sovereign,A,60342077.47701232
T0002068,CP0035,JPM_EMEA_DE,Equity Option,Equity,2576671.6594766034,94278.52612526515,78139.6135348827,Margined,4.084726533355434,0.08,CCP,AAA,34114846.34760766
T0002069,CP0001,JPM_EMEA_FR,Securities Financing,SFT,19994541.872783966,-40145.674752269435,209821.19163107796,Margined,1.8613346901766525,0.03,Bank,A,95932735.95865563
T0002070,CP0077,JPM_EMEA_DE,Equity Option,Equity,7047660.471802196,-559656.6747656264,0.0,Unmargined,6.250656773298862,0.08,Hedge Fund,BBB,97919762.89770965
T0002071,CP0002,JPM_EMEA_CH,Equity Option,Equity,10583368.913485674,66056.47335687674,0.0,Unmargined,0.1561199667273584,0.08,Sovereign,BBB,104480058.20212659
T0002072,CP0038,JPM_EMEA_CH,Commodity Future,Commodity,6179355.887040867,-87850.25203618286,182745.441171295,Margined,6.186329291695105,0.15,Sovereign,BBB,105724942.50994723
T0002073,CP0063,JPM_EMEA_FR,Commodity Future,Commodity,2564721.3502126224,-49985.7143656352,20264.37187914546,Margined,5.328206958410793,0.15,Asset Manager,AA,87451586.85023838
T0002074,CP0030,JPM_EMEA_CH,Securities Financing,SFT,7371703.220831851,-190340.33801361022,0.0,Unmargined,1.067314913322545,0.03,Asset Manager,A,22809570.384442955
T0002075,CP0017,JPM_EMEA_UK,Interest Rate Swap,Interest Rate,13403418.063620934,-59679.42502161644,228038.0219612763,Margined,0.4871850335313288,0.005,Corporate,A,144612697.7213879
T0002076,CP0020,JPM_EMEA_FR,Equity Option,Equity,4576948.019150273,-77723.91806137285,0.0,Unmargined,6.661085904083911,0.08,Asset Manager,AA,30754899.989917014
T0002077,CP0055,JPM_EMEA_DE,Interest Rate Swap,Interest Rate,24238371.230114225,-1575110.1580805902,0.0,Unmargined,0.515880622015167,0.005,Asset Manager,A,41399016.28566236
T0002078,CP0046,JPM_EMEA_CH,Securities Financing,SFT,9363148.052344453,416869.59844570584,62395.08098043141,Margined,6.817643252347187,0.03,CCP,AA,68219896.90211704
T0002079,CP0041,JPM_EMEA_UK,Equity Option,Equity,4944505.256815185,-42287.97000561638,0.0,Margined,2.9733718186742517,0.08,Bank,BBB,34006322.97426655
T0002080,CP0042,JPM_EMEA_UK,FX Forward,FX,5143742.3188153915,-131770.97905285432,105936.07706814713,Margined,2.5068550477843905,0.04,Sovereign,A,139081539.86788905
T0002081,CP0026,JPM_EMEA_UK,Interest Rate Swap,Interest Rate,4588400.507764025,-181218.0929287382,0.0,Unmargined,4.567805900719991,0.005,Corporate,A,54706836.20194616
T0002082,CP0075,JPM_EMEA_FR,FX Forward,FX,1144600.394351433,30876.307992106817,24445.003017752748,Margined,3.4975248726050814,0.04,Sovereign,AA,39926961.16118422
T0002083,CP0019,JPM_EMEA_CH,Equity Option,Equity,3655460.822608207,-166122.8517849032,54150.469167414216,Margined,2.7608321940956384,0.08,CCP,AA,121755579.54253721
T0002084,CP0068,JPM_EMEA_CH,Interest Rate Swap,Interest Rate,4990224.239159423,23401.933851491867,107799.09472480963,Margined,4.499124075765295,0.005,Asset Manager,AA,32280666.847996987
T0002085,CP0063,JPM_EMEA_DE,Interest Rate Swap,Interest Rate,2638496.480216373,-53898.454299383535,0.0,Unmargined,2.482962417912995,0.005,Asset Manager,AA,87451586.85023838
T0002086,CP0001,JPM_EMEA_UK,Securities Financing,SFT,5606750.845499774,-103106.39941350213,0.0,Unmargined,0.2887582091022344,0.03,Bank,A,95932735.95865563
T0002087,CP0014,JPM_EMEA_CH,Commodity Future,Commodity,4086144.463408871,-157825.62836387425,69134.15210415557,Margined,5.781243735104874,0.15,Sovereign,BBB,65093074.58952882
T0002088,CP0045,JPM_EMEA_FR,Interest Rate Swap,Interest Rate,8671018.450378364,-188258.04355832437,80212.08959089288,Margined,3.6267434835443044,0.005,Bank,AAA,92130821.02089284
T0002089,CP0013,JPM_EMEA_UK,Interest Rate Swap,Interest Rate,7763294.104979031,2394.4615462585207,165514.12511857762,Margined,4.822457283878295,0.005,Sovereign,BBB,95537948.16105135
T0002090,CP0069,JPM_EMEA_FR,Securities Financing,SFT,4727741.709800663,38937.33995676661,0.0,Unmargined,4.047458501949937,0.03,Bank,AA,117082649.47537337
T0002091,CP0036,JPM_EMEA_CH,Equity Option,Equity,1019264.6845431351,-28025.433541502385,17147.856584687957,Margined,4.318636803404457,0.08,Bank,AA,107391212.09517552
T0002092,CP0067,JPM_EMEA_CH,Equity Option,Equity,23975131.360141523,-76305.74852575407,235485.12201003847,Margined,1.5716311440393436,0.08,CCP,A,68575504.7535823
T0002093,CP0010,JPM_EMEA_CH,FX Forward,FX,3470863.334388012,107929.6368055431,0.0,Unmargined,6.545891362964101,0.04,Bank,AA,96393794.38310257
T0002094,CP0002,JPM_EMEA_CH,Interest Rate Swap,Interest Rate,3689193.6363027235,-214681.5542141095,31494.293121452672,Margined,3.1616729050649908,0.005,Sovereign,BBB,104480058.20212659
T0002095,CP0052,JPM_EMEA_FR,Interest Rate Swap,Interest Rate,2839913.268426967,-623.116944902897,0.0,Margined,6.444672631219821,0.005,Hedge Fund,BBB,86957426.80012289
T0002096,CP0065,JPM_EMEA_FR,Equity Option,Equity,2454400.9151564753,-81676.17449989125,0.0,Unmargined,5.658080254233105,0.08,Asset Manager,BBB,120361616.17442845
T0002097,CP0080,JPM_EMEA_UK,Interest Rate Swap,Interest Rate,18734231.447512988,-690243.0122547644,5371.61379612438,Margined,5.054568814452915,0.005,Sovereign,A,60342077.47701232
T0002098,CP0064,JPM_EMEA_FR,Interest Rate Swap,Interest Rate,15995999.848380296,146129.90428200955,0.0,Unmargined,3.247819139257413,0.005,CCP,BB,61070776.73800309
T0002099,CP0060,JPM_EMEA_CH,Equity Option,Equity,6238175.580412517,-119048.10389591104,80671.03096815932,Margined,0.20737332941099618,0.08,Sovereign,BB,117319042.5294034
T0002100,CP0005,JPM_EMEA_CH,Securities Financing,SFT,3592305.535040815,-152989.50119002612,58455.40211139183,Margined,2.2407244397080044,0.03,Asset Manager,BBB,25409842.60204602
T0002101,CP0049,JPM_EMEA_CH,Commodity Future,Commodity,7429156.6492779115,344340.7548662804,87260.28983415582,Margined,4.670760268296342,0.15,Sovereign,AA,61228056.066952996
T0002102,CP0058,JPM_EMEA_UK,FX Forward,FX,4306352.865093561,138678.05406648957,34492.491282765375,Margined,2.3480407060654778,0.04,Bank,AA,149008823.32725883
T0002103,CP0032,JPM_EMEA_UK,FX Forward,FX,3307099.2405811627,-223661.46462960533,14619.808376087982,Margined,0.7389352164649182,0.04,Hedge Fund,A,136500900.33916968
T0002104,CP0080,JPM_EMEA_CH,FX Forward,FX,5609156.112421471,-289460.4141278131,0.0,Unmargined,3.648423695058384,0.04,Sovereign,A,60342077.47701232
T0002105,CP0080,JPM_EMEA_CH,FX Forward,FX,2573164.8853739025,53447.201391292365,13952.254963426236,Margined,1.123632847464258,0.04,Sovereign,A,60342077.47701232
T0002106,CP0069,JPM_EMEA_FR,FX Forward,FX,5147744.332933707,-51326.01808669081,59185.4392216925,Margined,2.178232557507349,0.04,Bank,AA,117082649.47537337
T0002107,CP0071,JPM_EMEA_CH,FX Forward,FX,4906276.416267749,257678.18959568322,0.0,Margined,3.538295542599947,0.04,Sovereign,A,141785709.5693913
T0002108,CP0046,JPM_EMEA_FR,Equity Option,Equity,7309905.76459131,157687.63474178323,128731.39243697785,Margined,0.85814481155697,0.08,CCP,AA,68219896.90211704
T0002109,CP0066,JPM_EMEA_UK,Securities Financing,SFT,2153635.627678551,22572.886750168695,16074.20012010456,Margined,0.8320733412528364,0.03,Hedge Fund,BBB,106015964.21180893
T0002110,CP0006,JPM_EMEA_FR,Securities Financing,SFT,8137074.472458704,-291024.04884037457,122137.9370164953,Margined,1.510117307870972,0.03,CCP,BBB,84218806.50178745
T0002111,CP0019,JPM_EMEA_DE,Interest Rate Swap,Interest Rate,1616046.7161171301,27796.666613917725,30862.898133458955,Margined,4.163049456155257,0.005,CCP,AA,121755579.54253721
T0002112,CP0054,JPM_EMEA_CH,FX Forward,FX,2256303.172315629,-100747.8590380294,32993.84695587426,Margined,6.535725320449289,0.04,Asset Manager,A,141685664.10636523
T0002113,CP0010,JPM_EMEA_DE,Interest Rate Swap,Interest Rate,2356952.101580197,107673.95961339239,43351.45374834026,Margined,1.711304748200507,0.005,Bank,AA,96393794.38310257
T0002114,CP0066,JPM_EMEA_UK,FX Forward,FX,1369221.854074626,20230.048353620132,0.0,Margined,5.052774797084745,0.04,Hedge Fund,BBB,106015964.21180893
T0002115,CP0015,JPM_EMEA_DE,Interest Rate Swap,Interest Rate,11044765.932791928,-318852.12290740816,88989.29928129374,Margined,1.3661806056790953,0.005,Sovereign,BBB,96819013.89258417
T0002116,CP0028,JPM_EMEA_DE,Interest Rate Swap,Interest Rate,1517769.594129765,42746.02267256183,0.0,Unmargined,4.466829136390527,0.005,Sovereign,A,87687412.32129991
T0002117,CP0021,JPM_EMEA_CH,Commodity Future,Commodity,1988494.9055641985,156004.12879600353,31962.741608407305,Margined,1.007149689908289,0.15,Corporate,BBB,83265583.00896084
T0002118,CP0044,JPM_EMEA_UK,FX Forward,FX,14037075.393692313,-106914.76729436743,0.0,Unmargined,5.9253985296057925,0.04,Asset Manager,AA,24863632.30290337
T0002119,CP0007,JPM_EMEA_CH,Securities Financing,SFT,2260784.007876553,43552.78679424393,57955.29715408981,Margined,5.21043745138938,0.03,Bank,A,62881957.60326209
T0002120,CP0065,JPM_EMEA_UK,Interest Rate Swap,Interest Rate,3313985.93865301,-50087.67026739261,0.0,Unmargined,4.781048790374066,0.005,Asset Manager,BBB,120361616.17442845
T0002121,CP0072,JPM_EMEA_UK,Interest Rate Swap,Interest Rate,1453922.9125513707,4343.344069133403,14516.21505085909,Margined,0.1518993446135523,0.005,Hedge Fund,AA,51326174.75073902
T0002122,CP0060,JPM_EMEA_DE,FX Forward,FX,9200387.18727301,-485349.95370149415,39860.588203372405,Margined,5.863048468749062,0.04,Sovereign,BB,117319042.5294034
T0002123,CP0015,JPM_EMEA_FR,Interest Rate Swap,Interest Rate,9328093.05382002,-172.87729395874624,76430.02404490099,Margined,1.0984110795318458,0.005,Sovereign,BBB,96819013.89258417
T0002124,CP0024,JPM_EMEA_CH,Interest Rate Swap,Interest Rate,8374909.446071795,12773.466693154083,73146.66623096395,Margined,3.757748656272504,0.005,CCP,BBB,94324646.8088898
T0002125,CP0019,JPM_EMEA_FR,Securities Financing,SFT,6847093.045712797,431126.68084802607,0.0,Unmargined,5.447798384950707,0.03,CCP,AA,121755579.54253721
T0002126,CP0049,JPM_EMEA_UK,Interest Rate Swap,Interest Rate,4305457.793327017,-270490.85492222116,20034.578216579663,Margined,4.440110092382227,0.005,Sovereign,AA,61228056.066952996
T0002127,CP0072,JPM_EMEA_DE,Interest Rate Swap,Interest Rate,2367696.861319979,-23276.640958416578,36018.85534268402,Margined,5.7422218993496505,0.005,Hedge Fund,AA,51326174.75073902
T0002128,CP0071,JPM_EMEA_CH,Equity Option,Equity,1770611.6545862455,79826.43754276945,45280.05975705173,Margined,4.97652234743372,0.08,Sovereign,A,141785709.5693913
T0002129,CP0077,JPM_EMEA_FR,FX Forward,FX,14529773.48341552,-122950.97740458668,282837.35735498683,Margined,5.304729071862993,0.04,Hedge Fund,BBB,97919762.89770965
T0002130,CP0056,JPM_EMEA_UK,Equity Option,Equity,8594295.1874301,-51539.58993189515,0.0,Unmargined,2.1264432702885396,0.08,Bank,A,25838380.52100277
T0002131,CP0018,JPM_EMEA_FR,FX Forward,FX,1999685.931381396,-58318.97222387126,40218.14494107298,Margined,2.684785398757009,0.04,Bank,A,82699446.80257703
T0002132,CP0032,JPM_EMEA_FR,Commodity Future,Commodity,4162542.7658964638,-135870.3422667102,61494.10565517298,Margined,3.5350978680538647,0.15,Hedge Fund,A,136500900.33916968
T0002133,CP0024,JPM_EMEA_DE,Interest Rate Swap,Interest Rate,2962931.850430977,-189345.80969557364,34590.348462436596,Margined,4.123817180439435,0.005,CCP,BBB,94324646.8088898
T0002134,CP0006,JPM_EMEA_FR,FX Forward,FX,1294447.1016033122,-28507.004875915503,14465.469912650018,Margined,4.857113541611891,0.04,CCP,BBB,84218806.50178745
T0002135,CP0065,JPM_EMEA_DE,Equity Option,Equity,4777635.399177665,-165437.22067806678,0.0,Unmargined,3.9112443898834144,0.08,Asset Manager,BBB,120361616.17442845
T0002136,CP0047,JPM_EMEA_UK,Securities Financing,SFT,2640060.1391522945,10907.036686352381,0.0,Unmargined,4.987677773663331,0.03,Asset Manager,BBB,127872666.6072137
T0002137,CP0078,JPM_EMEA_CH,FX Forward,FX,1543044.9350411117,-42539.260058500666,20240.6769247606,Margined,1.0977145683691176,0.04,Hedge Fund,BBB,133693065.30887038
T0002138,CP0068,JPM_EMEA_DE,Equity Option,Equity,911340.9496917628,-15297.481632219995,5625.359203333595,Margined,2.7927939688388705,0.08,Asset Manager,AA,32280666.847996987
T0002139,CP0052,JPM_EMEA_DE,Interest Rate Swap,Interest Rate,837353.3466567211,-13252.949473856737,4844.24245258056,Margined,6.397472838151522,0.005,Hedge Fund,BBB,86957426.80012289
T0002140,CP0004,JPM_EMEA_UK,Interest Rate Swap,Interest Rate,2758999.8294664943,-4651.070540387582,39859.910211111885,Margined,1.5578517489571142,0.005,Asset Manager,A,74054962.28217925
T0002141,CP0036,JPM_EMEA_DE,Interest Rate Swap,Interest Rate,3673700.228166371,-67957.13168809144,56682.29128887198,Margined,1.0484430350794547,0.005,Bank,AA,107391212.09517552
T0002142,CP0038,JPM_EMEA_FR,Equity Option,Equity,1666946.568820241,-61947.92378046168,0.0,Unmargined,5.2264144758527245,0.08,Sovereign,BBB,105724942.50994723
T0002143,CP0054,JPM_EMEA_CH,Interest Rate Swap,Interest Rate,7667831.026698439,23017.490998348963,22573.74962845535,Margined,1.4012825586040176,0.005,Asset Manager,A,141685664.10636523
T0002144,CP0046,JPM_EMEA_CH,Equity Option,Equity,3746221.8271378223,139966.01237058197,82445.80453855262,Margined,3.2303861930730053,0.08,CCP,AA,68219896.90211704
T0002145,CP0063,JPM_EMEA_CH,Interest Rate Swap,Interest Rate,7121936.520920859,32022.483202713,144638.24704615277,Margined,4.997230313576019,0.005,Asset Manager,AA,87451586.85023838
T0002146,CP0002,JPM_EMEA_CH,Securities Financing,SFT,3331369.8005671734,-71103.80871008747,0.0,Margined,3.419708093553942,0.03,Sovereign,BBB,104480058.20212659
T0002147,CP0010,JPM_EMEA_FR,Commodity Future,Commodity,1820619.3145269388,-7847.0953269804295,41358.39612308385,Margined,6.315501275640554,0.15,Bank,AA,96393794.38310257
T0002148,CP0077,JPM_EMEA_CH,Interest Rate Swap,Interest Rate,4483535.602935784,-321792.9762054133,46306.82381527372,Margined,6.153131740010618,0.005,Hedge Fund,BBB,97919762.89770965
T0002149,CP0035,JPM_EMEA_DE,Interest Rate Swap,Interest Rate,1131585.6159348825,-5521.115116998336,15298.920566996063,Margined,3.5455064289044746,0.005,CCP,AAA,34114846.34760766
T0002150,CP0066,JPM_EMEA_FR,Interest Rate Swap,Interest Rate,6860174.520748477,-96127.52947366779,144789.3649329929,Margined,6.727903083720073,0.005,Hedge Fund,BBB,106015964.21180893
T0002151,CP0069,JPM_EMEA_FR,Securities Financing,SFT,1566972.0939103994,-51194.72161187354,39519.52242894302,Margined,2.0778283903434027,0.03,Bank,AA,117082649.47537337
T0002152,CP0010,JPM_EMEA_DE,Interest Rate Swap,Interest Rate,10019436.81163412,-263746.0671063501,200618.40457237046,Margined,1.6755489890546735,0.005,Bank,AA,96393794.38310257
T0002153,CP0057,JPM_EMEA_FR,FX Forward,FX,2851481.30352722,-40942.16039207391,39716.12733302549,Margined,4.708202162262376,0.04,Corporate,A,76562617.80039492
T0002154,CP0014,JPM_EMEA_FR,FX Forward,FX,11574771.71382186,402061.72930939187,11515.44533224283,Margined,4.030835450196307,0.04,Sovereign,BBB,65093074.58952882
T0002155,CP0013,JPM_EMEA_DE,Commodity Future,Commodity,1301700.0911727597,49753.730043108306,0.0,Unmargined,1.795193009068936,0.15,Sovereign,BBB,95537948.16105135
T0002156,CP0020,JPM_EMEA_CH,FX Forward,FX,2030992.643310546,-65975.5381318364,38640.18647825584,Margined,2.6293636390077753,0.04,Asset Manager,AA,30754899.989917014
T0002157,CP0061,JPM_EMEA_UK,FX Forward,FX,5854609.548449033,-106159.92576791579,133111.82399342017,Margined,1.6695376938890105,0.04,CCP,BBB,135803023.8142082
T0002158,CP0008,JPM_EMEA_DE,Securities Financing,SFT,12894378.672145361,-222307.45037811925,0.0,Unmargined,1.69699116320836,0.03,Sovereign,AA,38788144.55258609
T0002159,CP0054,JPM_EMEA_DE,Interest Rate Swap,Interest Rate,21176737.03313002,600023.637470413,208416.3694369269,Margined,2.6046178813568934,0.005,Asset Manager,A,141685664.10636523
T0002160,CP0031,JPM_EMEA_CH,Commodity Future,Commodity,4168934.6551979827,21231.255843851788,0.0,Unmargined,6.473326810806293,0.15,Asset Manager,AA,127417950.14526652
T0002161,CP0022,JPM_EMEA_FR,Interest Rate Swap,Interest Rate,25129438.108306162,81611.49886107008,184168.6112342553,Margined,5.852540180085809,0.005,Asset Manager,A,83791909.26608771
T0002162,CP0020,JPM_EMEA_CH,FX Forward,FX,2994058.4593100054,56196.05649438915,0.0,Unmargined,3.6113063866925077,0.04,Asset Manager,AA,30754899.989917014
T0002163,CP0028,JPM_EMEA_CH,Securities Financing,SFT,12001864.149117205,-250532.54465609856,164989.44717441726,Margined,3.370498121449374,0.03,Sovereign,A,87687412.32129991
T0002164,CP0028,JPM_EMEA_DE,Equity Option,Equity,1559107.2224854527,74425.58930542237,15850.778185553369,Margined,0.2687757252756719,0.08,Sovereign,A,87687412.32129991
T0002165,CP0026,JPM_EMEA_FR,Equity Option,Equity,6089066.999807606,-371.8167573161538,0.0,Unmargined,3.2629583479887736,0.08,Corporate,A,54706836.20194616
T0002166,CP0042,JPM_EMEA_UK,Interest Rate Swap,Interest Rate,384658.7583265871,-11523.19765759586,201.8046044794064,Margined,4.385249102159008,0.005,Sovereign,A,139081539.86788905
T0002167,CP0080,JPM_EMEA_UK,FX Forward,FX,1303044.3696306667,-10473.099935248614,21348.152033978662,Margined,5.461201939095679,0.04,Sovereign,A,60342077.47701232
T0002168,CP0037,JPM_EMEA_DE,FX Forward,FX,6378743.658279319,275035.42449234717,23015.615225633002,Margined,2.524058859493764,0.04,CCP,AA,56560391.89907108
T0002169,CP0015,JPM_EMEA_DE,FX Forward,FX,1076651.227757329,-16020.543093740556,11563.777920872959,Margined,6.4397519094417115,0.04,Sovereign,BBB,96819013.89258417
T0002170,CP0049,JPM_EMEA_FR,FX Forward,FX,6130301.738046665,203737.6539051104,80853.20602945576,Margined,5.889339845431536,0.04,Sovereign,AA,61228056.066952996
T0002171,CP0067,JPM_EMEA_FR,FX Forward,FX,9902155.710105175,-216729.49944389696,185732.41514458222,Margined,0.6215224236996726,0.04,CCP,A,68575504.7535823
T0002172,CP0048,JPM_EMEA_UK,FX Forward,FX,2422921.802734236,-64930.01425693406,24012.47516669012,Margined,6.325488979482555,0.04,CCP,A,125072691.36835924
T0002173,CP0043,JPM_EMEA_DE,Interest Rate Swap,Interest Rate,1517920.6508588307,35042.57857779304,0.0,Unmargined,1.5986634798875923,0.005,Sovereign,BBB,49927818.8163345
T0002174,CP0054,JPM_EMEA_DE,FX Forward,FX,2489564.3747341963,-76153.38330176004,0.0,Unmargined,6.467060296349141,0.04,Asset Manager,A,141685664.10636523
T0002175,CP0071,JPM_EMEA_UK,Interest Rate Swap,Interest Rate,1522695.3817662501,43836.73840833245,0.0,Unmargined,4.433224732729134,0.005,Sovereign,A,141785709.5693913
T0002176,CP0007,JPM_EMEA_FR,Securities Financing,SFT,3614960.04540888,44488.98780887365,61665.71791196131,Margined,2.912845706868198,0.03,Bank,A,62881957.60326209
T0002177,CP0079,JPM_EMEA_CH,Equity Option,Equity,4429935.331114629,-135448.76223708983,63129.56852524499,Margined,3.08333530828588,0.08,Corporate,A,45536506.54289452
T0002178,CP0072,JPM_EMEA_CH,Interest Rate Swap,Interest Rate,2945516.659923177,-7365.252743307812,45600.572488959035,Margined,3.961381083054058,0.005,Hedge Fund,AA,51326174.75073902
T0002179,CP0077,JPM_EMEA_CH,Equity Option,Equity,21341501.437758964,-409908.3558843534,244224.800544741,Margined,5.914916419628691,0.08,Hedge Fund,BBB,97919762.89770965
T0002180,CP0040,JPM_EMEA_CH,Commodity Future,Commodity,1948170.1383716008,23795.299734304237,20371.96900599589,Margined,5.866611493384092,0.15,Corporate,BBB,119924173.94929542
T0002181,CP0069,JPM_EMEA_CH,Interest Rate Swap,Interest Rate,16082432.712121664,1062613.5886994915,0.0,Unmargined,2.933576245483662,0.005,Bank,AA,117082649.47537337
T0002182,CP0007,JPM_EMEA_UK,Interest Rate Swap,Interest Rate,1412067.7574859406,-18321.100605113556,28487.466926184024,Margined,5.95073931374729,0.005,Bank,A,62881957.60326209
T0002183,CP0034,JPM_EMEA_DE,Interest Rate Swap,Interest Rate,4301965.154869923,80370.0425722461,100314.9644412773,Margined,3.33008103228289,0.005,Corporate,AA,92024698.66007642
T0002184,CP0071,JPM_EMEA_FR,Interest Rate Swap,Interest Rate,13057984.28997559,11170.093022597115,195618.46098664083,Margined,2.9519789473943803,0.005,Sovereign,A,141785709.5693913
T0002185,CP0022,JPM_EMEA_CH,Commodity Future,Commodity,12399442.51798358,10440.573718631726,282971.5557183643,Margined,1.7406113389529043,0.15,Asset Manager,A,83791909.26608771
T0002186,CP0062,JPM_EMEA_DE,Securities Financing,SFT,2627509.56319958,-15192.731211406704,22784.025838821257,Margined,5.804113618249997,0.03,Sovereign,BBB,136148063.1607222
T0002187,CP0026,JPM_EMEA_FR,Interest Rate Swap,Interest Rate,6968249.749030399,-209114.4616873726,72422.31372139168,Margined,4.359441587634447,0.005,Corporate,A,54706836.20194616
T0002188,CP0048,JPM_EMEA_CH,Commodity Future,Commodity,6095028.5359479245,71494.06440444462,0.0,Unmargined,3.0462687562099657,0.15,CCP,A,125072691.36835924
T0002189,CP0053,JPM_EMEA_FR,Interest Rate Swap,Interest Rate,2331134.7880826537,-23558.357830313198,43702.651767844865,Margined,4.653517741675903,0.005,Asset Manager,A,53275461.77378836
T0002190,CP0071,JPM_EMEA_UK,Equity Option,Equity,7405657.967539389,-234522.3982209501,71660.08464931778,Margined,6.0340333227999405,0.08,Sovereign,A,141785709.5693913
T0002191,CP0028,JPM_EMEA_UK,Commodity Future,Commodity,25759063.17570957,914345.359667929,0.0,Unmargined,1.4248756575568755,0.15,Sovereign,A,87687412.32129991
T0002192,CP0063,JPM_EMEA_DE,FX Forward,FX,6410870.250221314,22215.824563383063,0.0,Unmargined,2.777472379552202,0.04,Asset Manager,AA,87451586.85023838
T0002193,CP0035,JPM_EMEA_UK,Interest Rate Swap,Interest Rate,7047343.520347003,-56262.20981607746,0.0,Unmargined,2.693087728213196,0.005,CCP,AAA,34114846.34760766
T0002194,CP0032,JPM_EMEA_FR,Equity Option,Equity,7833812.801575536,367421.3432202434,202081.25327875742,Margined,0.5783519259533911,0.08,Hedge Fund,A,136500900.33916968
T0002195,CP0007,JPM_EMEA_UK,Securities Financing,SFT,928038.3271549661,-59638.39128646577,16779.234704914423,Margined,2.3717743693099993,0.03,Bank,A,62881957.60326209
T0002196,CP0007,JPM_EMEA_CH,Interest Rate Swap,Interest Rate,6337719.695836665,282337.3516972575,37219.01551651929,Margined,5.344461379278003,0.005,Bank,A,62881957.60326209
T0002197,CP0062,JPM_EMEA_CH,Interest Rate Swap,Interest Rate,1447061.2652974627,-44579.006058182174,0.0,Unmargined,1.810713973657421,0.005,Sovereign,BBB,136148063.1607222
T0002198,CP0009,JPM_EMEA_CH,Interest Rate Swap,Interest Rate,2217559.8405338433,16418.012253089964,0.0,Unmargined,5.685859515768816,0.005,Hedge Fund,BBB,33442385.803931713
T0002199,CP0009,JPM_EMEA_FR,Equity Option,Equity,34751965.873445824,-715273.0030114687,261661.38555013176,Margined,6.689012272618135,0.08,Hedge Fund,BBB,33442385.803931713
T0002200,CP0015,JPM_EMEA_UK,Equity Option,Equity,3105059.107577441,-100309.04754360885,33119.7926829555,Margined,1.6065946830203375,0.08,Sovereign,BBB,96819013.89258417
T0002201,CP0027,JPM_EMEA_CH,Commodity Future,Commodity,1908123.4206811911,87747.01783112356,39911.019149677144,Margined,2.897180746969943,0.15,Asset Manager,A,63103969.654531784
T0002202,CP0014,JPM_EMEA_UK,Commodity Future,Commodity,12665438.933035115,822842.9153291564,54054.381874994186,Margined,0.9627715658468303,0.15,Sovereign,BBB,65093074.58952882
T0002203,CP0048,JPM_EMEA_FR,Securities Financing,SFT,1550561.864198179,-12005.8420048697,47007.29547854158,Margined,4.860401370681677,0.03,CCP,A,125072691.36835924
T0002204,CP0066,JPM_EMEA_CH,Commodity Future,Commodity,2557103.6133275395,30024.525060635413,11388.311807552262,Margined,3.4012898630547084,0.15,Hedge Fund,BBB,106015964.21180893
T0002205,CP0043,JPM_EMEA_UK,Interest Rate Swap,Interest Rate,13948145.064036284,27822.278594934214,10148.92352476617,Margined,4.14154336543367,0.005,Sovereign,BBB,49927818.8163345
T0002206,CP0054,JPM_EMEA_DE,Equity Option,Equity,4174781.1026606555,252857.05349120148,106483.79787425767,Margined,5.461918711985175,0.08,Asset Manager,A,141685664.10636523
T0002207,CP0072,JPM_EMEA_DE,Interest Rate Swap,Interest Rate,839202.9690054024,-62067.67453103354,18940.848605650328,Margined,5.44444480757373,0.005,Hedge Fund,AA,51326174.75073902
T0002208,CP0072,JPM_EMEA_UK,FX Forward,FX,6891466.971119239,90962.68088419917,72644.39791774494,Margined,3.6360306841815246,0.04,Hedge Fund,AA,51326174.75073902
T0002209,CP0053,JPM_EMEA_UK,Securities Financing,SFT,2690772.9089038414,-68478.61256073602,40497.90420945937,Margined,6.182129669574093,0.03,Asset Manager,A,53275461.77378836
T0002210,CP0006,JPM_EMEA_CH,Equity Option,Equity,18655590.271764554,-1538316.4817854757,284545.37848613,Margined,6.526922381596982,0.08,CCP,BBB,84218806.50178745
T0002211,CP0064,JPM_EMEA_CH,Securities Financing,SFT,2181706.597623309,-27529.98122711024,28566.610433615137,Margined,4.433457487370706,0.03,CCP,BB,61070776.73800309
T0002212,CP0061,JPM_EMEA_UK,FX Forward,FX,11444626.686684038,740257.997876218,18633.725642456615,Margined,0.31692449302649767,0.04,CCP,BBB,135803023.8142082
T0002213,CP0025,JPM_EMEA_DE,FX Forward,FX,23617604.645228323,-542300.8642344573,0.0,Unmargined,5.442961671222896,0.04,Sovereign,A,81553622.137404
T0002214,CP0013,JPM_EMEA_DE,FX Forward,FX,1708047.896308385,47273.28759863214,8953.912526307615,Margined,6.248824611179056,0.04,Sovereign,BBB,95537948.16105135
T0002215,CP0011,JPM_EMEA_UK,Interest Rate Swap,Interest Rate,3297225.444276555,138330.23636264747,87472.86961857785,Margined,3.9186385191072843,0.005,Corporate,AA,42177085.909795195
T0002216,CP0023,JPM_EMEA_UK,Interest Rate Swap,Interest Rate,5899806.9808381265,-2621.8039655143853,158370.3360558819,Margined,4.917487160957644,0.005,Hedge Fund,A,141917439.14674777
T0002217,CP0060,JPM_EMEA_FR,FX Forward,FX,1697147.004433065,7155.081218384972,16810.757493693032,Margined,2.524507468294138,0.04,Sovereign,BB,117319042.5294034
T0002218,CP0076,JPM_EMEA_DE,Interest Rate Swap,Interest Rate,5241403.509680814,-314853.34548508463,22728.225811495984,Margined,3.5396256277664313,0.005,Asset Manager,BBB,43304880.06050608
T0002219,CP0013,JPM_EMEA_CH,Securities Financing,SFT,3194319.4920626655,-80067.96656751497,0.0,Unmargined,5.5968393663930645,0.03,Sovereign,BBB,95537948.16105135
T0002220,CP0034,JPM_EMEA_DE,Interest Rate Swap,Interest Rate,3130606.605743711,99381.94210655885,48561.49871153526,Margined,6.137930082267353,0.005,Corporate,AA,92024698.66007642
T0002221,CP0067,JPM_EMEA_FR,Interest Rate Swap,Interest Rate,4200622.6060053,8921.149535406343,70594.63921298564,Margined,0.850753051205039,0.005,CCP,A,68575504.7535823
T0002222,CP0007,JPM_EMEA_DE,Commodity Future,Commodity,4295461.828649059,55226.539893079105,0.0,Unmargined,0.16944218147625673,0.15,Bank,A,62881957.60326209
T0002223,CP0076,JPM_EMEA_UK,Interest Rate Swap,Interest Rate,4712295.375542935,21961.724643562582,175589.78340356657,Margined,2.6464635816756292,0.005,Asset Manager,BBB,43304880.06050608
T0002224,CP0002,JPM_EMEA_FR,Securities Financing,SFT,2197824.5179856885,168617.40043036113,46285.738947220256,Margined,2.7668774320309573,0.03,Sovereign,BBB,104480058.20212659
T0002225,CP0023,JPM_EMEA_FR,Equity Option,Equity,2295894.749898668,-34594.98770536095,23916.543089892766,Margined,5.4246461090557965,0.08,Hedge Fund,A,141917439.14674777
T0002226,CP0003,JPM_EMEA_FR,Interest Rate Swap,Interest Rate,3552696.0725250556,199623.68840784105,22212.091631344087,Margined,0.1097507356713987,0.005,Corporate,BBB,30977761.748185582
T0002227,CP0061,JPM_EMEA_UK,Equity Option,Equity,3824916.817120911,17872.355191542632,0.0,Unmargined,5.359822590007162,0.08,CCP,BBB,135803023.8142082
T0002228,CP0035,JPM_EMEA_FR,Equity Option,Equity,2579111.6583498837,152933.49144170142,0.0,Unmargined,3.7774687844130472,0.08,CCP,AAA,34114846.34760766
T0002229,CP0035,JPM_EMEA_FR,Commodity Future,Commodity,5530255.423722972,-237105.46027215914,70439.8582485581,Margined,4.899886452609149,0.15,CCP,AAA,34114846.34760766
T0002230,CP0044,JPM_EMEA_DE,Commodity Future,Commodity,651506.8374384266,4210.576153686203,10206.94723047572,Margined,3.589347217359973,0.15,Asset Manager,AA,24863632.30290337
T0002231,CP0024,JPM_EMEA_FR,Equity Option,Equity,1926737.3924200092,-26548.586662042413,21383.40009849332,Margined,5.54553807406267,0.08,CCP,BBB,94324646.8088898
T0002232,CP0061,JPM_EMEA_UK,Equity Option,Equity,3023353.1648266986,14758.594479929603,46000.01040096705,Margined,3.087632252812636,0.08,CCP,BBB,135803023.8142082
T0002233,CP0035,JPM_EMEA_UK,FX Forward,FX,1699236.7405400462,72698.73297002102,30264.94043290941,Margined,2.4535939739237955,0.04,CCP,AAA,34114846.34760766
T0002234,CP0064,JPM_EMEA_UK,Equity Option,Equity,20399132.510048788,270458.5567521606,0.0,Unmargined,4.473807409795999,0.08,CCP,BB,61070776.73800309
T0002235,CP0052,JPM_EMEA_DE,Securities Financing,SFT,4076163.4202422025,174106.7747924604,58400.722643604255,Margined,3.13889246686615,0.03,Hedge Fund,BBB,86957426.80012289
T0002236,CP0054,JPM_EMEA_CH,Equity Option,Equity,4773424.822214661,-111973.75010519945,110470.80293652372,Margined,2.158813737317015,0.08,Asset Manager,A,141685664.10636523
T0002237,CP0080,JPM_EMEA_UK,Equity Option,Equity,2467150.036665225,-71051.96217171664,0.0,Unmargined,6.39914749550894,0.08,Sovereign,A,60342077.47701232
T0002238,CP0041,JPM_EMEA_DE,FX Forward,FX,3937379.658432546,2219.41255788841,0.0,Unmargined,5.076751559695506,0.04,Bank,BBB,34006322.97426655
T0002239,CP0025,JPM_EMEA_DE,Commodity Future,Commodity,1186539.2737091784,-1605.1814686402583,14490.593660935263,Margined,1.4182982119800858,0.15,Sovereign,A,81553622.137404
T0002240,CP0059,JPM_EMEA_CH,Securities Financing,SFT,3375276.7637108457,-21956.438311859158,20795.280418555223,Margined,5.193736491850536,0.03,Sovereign,AA,135918044.6131388
T0002241,CP0057,JPM_EMEA_FR,Interest Rate Swap,Interest Rate,1567192.7045065532,-52582.622637286906,0.0,Unmargined,1.8041578632471875,0.005,Corporate,A,76562617.80039492
T0002242,CP0039,JPM_EMEA_UK,Interest Rate Swap,Interest Rate,3030994.478396143,127158.72226266412,67597.03960907154,Margined,3.047349528094643,0.005,Hedge Fund,A,114509299.85729474
T0002243,CP0027,JPM_EMEA_DE,FX Forward,FX,309244.7621308121,-3927.1926330739425,3342.3891983221283,Margined,1.5610831724960843,0.04,Asset Manager,A,63103969.654531784
T0002244,CP0075,JPM_EMEA_FR,FX Forward,FX,1294715.7237012018,64622.80188192653,0.0,Margined,0.8374200252396203,0.04,Sovereign,AA,39926961.16118422
T0002245,CP0021,JPM_EMEA_UK,Equity Option,Equity,17291598.81000231,7712.360550927111,0.0,Unmargined,2.823492407859068,0.08,Corporate,BBB,83265583.00896084
T0002246,CP0007,JPM_EMEA_UK,Interest Rate Swap,Interest Rate,9176924.34870797,208270.4135257929,114389.49380601435,Margined,3.9078156969487554,0.005,Bank,A,62881957.60326209
T0002247,CP0051,JPM_EMEA_FR,FX Forward,FX,14959307.734369908,292003.2561431754,184261.51625121853,Margined,2.1497457966489555,0.04,Sovereign,AA,57819318.95821542
T0002248,CP0007,JPM_EMEA_CH,Equity Option,Equity,16022846.833110802,-462252.97695653595,263548.58404667705,Margined,0.5712708432645222,0.08,Bank,A,62881957.60326209
T0002249,CP0061,JPM_EMEA_FR,Equity Option,Equity,7840336.742460526,100764.80952253901,0.0,Unmargined,1.784979311006938,0.08,CCP,BBB,135803023.8142082
T0002250,CP0068,JPM_EMEA_UK,Equity Option,Equity,2543206.472773441,171645.20891108544,27693.97021439193,Margined,1.7573188181925767,0.08,Asset Manager,AA,32280666.847996987
T0002251,CP0058,JPM_EMEA_CH,Equity Option,Equity,1417710.7387110346,12484.96876240791,3481.446648742274,Margined,4.155727855018572,0.08,Bank,AA,149008823.32725883
T0002252,CP0019,JPM_EMEA_UK,Equity Option,Equity,12591713.848723473,397201.65810660634,106662.97239220003,Margined,2.0109333179916677,0.08,CCP,AA,121755579.54253721
T0002253,CP0076,JPM_EMEA_CH,Commodity Future,Commodity,4266792.335716567,103531.64475759081,29943.44211933606,Margined,3.7597423097707336,0.15,Asset Manager,BBB,43304880.06050608
T0002254,CP0008,JPM_EMEA_DE,Equity Option,Equity,48439576.57894153,520567.4403968019,0.0,Unmargined,3.3188604364067946,0.08,Sovereign,AA,38788144.55258609
T0002255,CP0009,JPM_EMEA_DE,FX Forward,FX,2776514.5583649552,18121.630610579574,48670.49070379791,Margined,1.9011866547480547,0.04,Hedge Fund,BBB,33442385.803931713
T0002256,CP0025,JPM_EMEA_CH,Equity Option,Equity,28765887.286940124,551040.618942518,438185.6406136294,Margined,5.201459369464433,0.08,Sovereign,A,81553622.137404
T0002257,CP0044,JPM_EMEA_DE,Interest Rate Swap,Interest Rate,3419528.138730313,91352.31509162803,63576.02346167775,Margined,4.689758983978861,0.005,Asset Manager,AA,24863632.30290337
T0002258,CP0057,JPM_EMEA_FR,Interest Rate Swap,Interest Rate,15215930.806546973,-720105.2155916137,135837.70207874765,Margined,4.77789709374759,0.005,Corporate,A,76562617.80039492
T0002259,CP0024,JPM_EMEA_FR,FX Forward,FX,21823472.229852453,188895.2706395567,525223.0214723158,Margined,3.063389246303937,0.04,CCP,BBB,94324646.8088898
T0002260,CP0074,JPM_EMEA_UK,Securities Financing,SFT,1438131.1136717503,-9265.48446745162,24998.613359596726,Margined,2.2503446027036946,0.03,Bank,A,128044647.3762378
T0002261,CP0066,JPM_EMEA_CH,Equity Option,Equity,2462793.519825389,-33748.74206840906,0.0,Unmargined,4.155649885385497,0.08,Hedge Fund,BBB,106015964.21180893
T0002262,CP0019,JPM_EMEA_DE,Interest Rate Swap,Interest Rate,1423779.7561763918,64580.87466553069,0.0,Unmargined,6.71567783972783,0.005,CCP,AA,121755579.54253721
T0002263,CP0005,JPM_EMEA_DE,Equity Option,Equity,1169235.2152052834,-30002.714389616,7709.839591836796,Margined,3.066023268538641,0.08,Asset Manager,BBB,25409842.60204602
T0002264,CP0057,JPM_EMEA_DE,Interest Rate Swap,Interest Rate,7794054.595043761,-380481.71712369134,0.0,Margined,4.673719427467472,0.005,Corporate,A,76562617.80039492
T0002265,CP0015,JPM_EMEA_CH,Commodity Future,Commodity,3285983.4755880833,91514.86287563342,0.0,Unmargined,3.1243301984537912,0.15,Sovereign,BBB,96819013.89258417
T0002266,CP0023,JPM_EMEA_FR,Commodity Future,Commodity,4215046.756648251,-209545.92813807004,75785.0892666412,Margined,6.531581539362913,0.15,Hedge Fund,A,141917439.14674777
T0002267,CP0062,JPM_EMEA_FR,Equity Option,Equity,6976403.290634668,-470753.7951629259,0.0,Unmargined,1.8897809738165035,0.08,Sovereign,BBB,136148063.1607222
T0002268,CP0016,JPM_EMEA_FR,Equity Option,Equity,624319.8432659614,19846.733965032523,6808.410306906494,Margined,3.2358796183844247,0.08,Sovereign,BBB,22964503.233860675
T0002269,CP0029,JPM_EMEA_DE,FX Forward,FX,14484228.460447477,80463.92686162137,75568.26726083716,Margined,3.480883290390883,0.04,Corporate,AAA,77058489.83965607
T0002270,CP0075,JPM_EMEA_FR,FX Forward,FX,2821306.8448960893,46679.049214428975,0.0,Margined,5.114103471105496,0.04,Sovereign,AA,39926961.16118422
T0002271,CP0055,JPM_EMEA_CH,Securities Financing,SFT,6812067.4701785045,-105484.62715231812,159393.9656707719,Margined,5.06309671585245,0.03,Asset Manager,A,41399016.28566236
T0002272,CP0050,JPM_EMEA_UK,Equity Option,Equity,7441014.5243499605,-360548.51465156494,0.0,Unmargined,5.189121204198486,0.08,Sovereign,A,143876921.35906684
T0002273,CP0080,JPM_EMEA_UK,FX Forward,FX,15753946.76106327,-653829.0021648803,134912.01314345602,Margined,5.143934704561088,0.04,Sovereign,A,60342077.47701232
T0002274,CP0062,JPM_EMEA_UK,FX Forward,FX,3601811.716073465,-34313.0608434859,23868.593441933474,Margined,3.3148199461979844,0.04,Sovereign,BBB,136148063.1607222
T0002275,CP0037,JPM_EMEA_CH,Interest Rate Swap,Interest Rate,478383.24597078573,-21304.367327366806,10541.739231572144,Margined,1.1311732571578403,0.005,CCP,AA,56560391.89907108
T0002276,CP0054,JPM_EMEA_FR,Interest Rate Swap,Interest Rate,4235163.670960684,45514.67609439165,80683.28358721506,Margined,6.099544870621759,0.005,Asset Manager,A,141685664.10636523
T0002277,CP0043,JPM_EMEA_DE,Interest Rate Swap,Interest Rate,4889065.687505157,-79134.55328654623,0.0,Unmargined,2.3075907692491793,0.005,Sovereign,BBB,49927818.8163345
T0002278,CP0030,JPM_EMEA_UK,FX Forward,FX,1421956.1612671502,9208.960166266574,30310.906288837563,Margined,0.8167105779124503,0.04,Asset Manager,A,22809570.384442955
T0002279,CP0079,JPM_EMEA_FR,Securities Financing,SFT,4635689.815966515,25172.650929493633,0.0,Unmargined,0.945034695305401,0.03,Corporate,A,45536506.54289452
T0002280,CP0048,JPM_EMEA_FR,FX Forward,FX,2787864.599872937,37742.06747593675,19837.503577526775,Margined,3.488573493580528,0.04,CCP,A,125072691.36835924
T0002281,CP0060,JPM_EMEA_FR,Interest Rate Swap,Interest Rate,1044502.2037123401,18259.87101642089,10080.596164169829,Margined,3.0102410659530694,0.005,Sovereign,BB,117319042.5294034
T0002282,CP0033,JPM_EMEA_FR,Interest Rate Swap,Interest Rate,7828565.253635632,-94228.68754877077,44886.0339344336,Margined,4.661510177549048,0.005,Bank,BBB,38232381.569819406
T0002283,CP0016,JPM_EMEA_UK,FX Forward,FX,2276340.728950328,14657.185707979877,3261.957972004104,Margined,4.30246540274677,0.04,Sovereign,BBB,22964503.233860675
T0002284,CP0010,JPM_EMEA_FR,Commodity Future,Commodity,2664230.1627714294,22007.29910386917,48513.09418180832,Margined,0.7965131262791105,0.15,Bank,AA,96393794.38310257
T0002285,CP0065,JPM_EMEA_FR,FX Forward,FX,2518631.034992927,-214111.747957664,25776.579559671973,Margined,2.112403857640228,0.04,Asset Manager,BBB,120361616.17442845
T0002286,CP0042,JPM_EMEA_DE,Commodity Future,Commodity,13760098.055194223,311369.01803819585,233064.08629080767,Margined,6.278970847442215,0.15,Sovereign,A,139081539.86788905
T0002287,CP0042,JPM_EMEA_DE,Commodity Future,Commodity,3839638.4147729636,20150.333581094575,54898.02369279487,Margined,5.378444366651676,0.15,Sovereign,A,139081539.86788905
T0002288,CP0010,JPM_EMEA_FR,Interest Rate Swap,Interest Rate,4329249.414752924,85466.7876911723,0.0,Unmargined,6.100261358030865,0.005,Bank,AA,96393794.38310257
T0002289,CP0063,JPM_EMEA_DE,Equity Option,Equity,2574507.379118255,-115954.59162875154,0.0,Unmargined,0.20281397737303536,0.08,Asset Manager,AA,87451586.85023838
T0002290,CP0022,JPM_EMEA_CH,Securities Financing,SFT,6354487.037054411,-70230.17918766293,32191.31029446722,Margined,6.3890164345432705,0.03,Asset Manager,A,83791909.26608771
T0002291,CP0048,JPM_EMEA_UK,FX Forward,FX,15419183.400556717,-589067.2507263143,0.0,Unmargined,6.034492228476367,0.04,CCP,A,125072691.36835924
T0002292,CP0029,JPM_EMEA_UK,Interest Rate Swap,Interest Rate,7645790.06919983,199257.3032716325,0.0,Unmargined,3.1933260106666603,0.005,Corporate,AAA,77058489.83965607
T0002293,CP0019,JPM_EMEA_CH,Securities Financing,SFT,7949915.68106577,-390969.53110303316,0.0,Unmargined,4.731436860771846,0.03,CCP,AA,121755579.54253721
T0002294,CP0014,JPM_EMEA_FR,Securities Financing,SFT,7334025.649647172,-238377.2296600031,6412.603308261852,Margined,1.9403556115408915,0.03,Sovereign,BBB,65093074.58952882
T0002295,CP0066,JPM_EMEA_CH,FX Forward,FX,1006070.0664478667,18814.510768711913,12205.191193911798,Margined,4.627188087647561,0.04,Hedge Fund,BBB,106015964.21180893
T0002296,CP0008,JPM_EMEA_UK,Equity Option,Equity,1665583.528200512,-36689.654891046,41439.590184013745,Margined,5.601460251757477,0.08,Sovereign,AA,38788144.55258609
T0002297,CP0001,JPM_EMEA_UK,Interest Rate Swap,Interest Rate,3258630.3449871554,-105884.86881753839,59296.64766824733,Margined,3.4107132937396893,0.005,Bank,A,95932735.95865563
T0002298,CP0025,JPM_EMEA_CH,Commodity Future,Commodity,1935625.0907446838,61427.410732928955,0.0,Margined,0.24650084625335716,0.15,Sovereign,A,81553622.137404
T0002299,CP0072,JPM_EMEA_CH,FX Forward,FX,1379549.9687245167,45759.55034581589,25917.565579023536,Margined,2.9436004096938055,0.04,Hedge Fund,AA,51326174.75073902
T0002300,CP0057,JPM_EMEA_CH,Interest Rate Swap,Interest Rate,615154.7727983685,15546.493913713173,0.0,Unmargined,5.088612723141025,0.005,Corporate,A,76562617.80039492
T0002301,CP0066,JPM_EMEA_CH,Equity Option,Equity,1040566.3663865706,30909.855953521383,0.0,Unmargined,4.941105081478114,0.08,Hedge Fund,BBB,106015964.21180893
T0002302,CP0017,JPM_EMEA_UK,Securities Financing,SFT,3094940.87876274,-25085.346197092655,48901.9411083545,Margined,3.429809202542952,0.03,Corporate,A,144612697.7213879
T0002303,CP0078,JPM_EMEA_UK,Commodity Future,Commodity,3731715.3014907455,-26721.895691013793,0.0,Unmargined,6.900678074080036,0.15,Hedge Fund,BBB,133693065.30887038
T0002304,CP0010,JPM_EMEA_DE,Interest Rate Swap,Interest Rate,1809843.875611725,-41052.40764984301,0.0,Unmargined,0.8634687931394982,0.005,Bank,AA,96393794.38310257
T0002305,CP0003,JPM_EMEA_CH,Interest Rate Swap,Interest Rate,4328493.559757005,25410.511778470373,107209.2919296987,Margined,1.1501028886924507,0.005,Corporate,BBB,30977761.748185582
T0002306,CP0039,JPM_EMEA_FR,Securities Financing,SFT,2592080.2021828797,-47892.4181059376,0.0,Unmargined,1.8453750771774176,0.03,Hedge Fund,A,114509299.85729474
T0002307,CP0036,JPM_EMEA_UK,Securities Financing,SFT,11903922.27193113,-180431.52588841997,242183.7675763878,Margined,5.634637228576845,0.03,Bank,AA,107391212.09517552
T0002308,CP0024,JPM_EMEA_FR,FX Forward,FX,3403038.1191775934,71451.94155942465,17978.849348878364,Margined,5.351587135635207,0.04,CCP,BBB,94324646.8088898
T0002309,CP0014,JPM_EMEA_CH,Equity Option,Equity,8025510.193599076,332728.61263578356,0.0,Unmargined,5.420694786884184,0.08,Sovereign,BBB,65093074.58952882
T0002310,CP0026,JPM_EMEA_UK,FX Forward,FX,4901337.482163588,68320.2769168506,0.0,Margined,6.163378801574259,0.04,Corporate,A,54706836.20194616
T0002311,CP0030,JPM_EMEA_FR,FX Forward,FX,984347.1217568117,61818.03801159368,4328.486278564667,Margined,3.128230106485338,0.04,Asset Manager,A,22809570.384442955
T0002312,CP0049,JPM_EMEA_FR,Interest Rate Swap,Interest Rate,3653319.423406237,-90211.58099879805,0.0,Unmargined,2.264082141101353,0.005,Sovereign,AA,61228056.066952996
T0002313,CP0029,JPM_EMEA_CH,Interest Rate Swap,Interest Rate,1162613.2368647384,-74789.87755982316,10571.812085000392,Margined,4.2226556209055905,0.005,Corporate,AAA,77058489.83965607
T0002314,CP0020,JPM_EMEA_FR,Interest Rate Swap,Interest Rate,3590076.541061926,89794.90877014179,5726.387651990299,Margined,2.898608550235871,0.005,Asset Manager,AA,30754899.989917014
T0002315,CP0048,JPM_EMEA_DE,Commodity Future,Commodity,1898688.8023016106,-51291.51032778569,15194.732601183316,Margined,3.6906922677508844,0.15,CCP,A,125072691.36835924
T0002316,CP0047,JPM_EMEA_CH,Interest Rate Swap,Interest Rate,5860631.689397066,-56140.329885178675,85783.47486173494,Margined,1.0245103825537707,0.005,Asset Manager,BBB,127872666.6072137
T0002317,CP0035,JPM_EMEA_DE,Interest Rate Swap,Interest Rate,1044919.6825442862,-64725.332263331264,11818.228966933279,Margined,2.8048584383101716,0.005,CCP,AAA,34114846.34760766
T0002318,CP0009,JPM_EMEA_FR,FX Forward,FX,4059241.714731084,-127753.91112189423,50689.783181686376,Margined,3.3348065957290776,0.04,Hedge Fund,BBB,33442385.803931713
T0002319,CP0078,JPM_EMEA_CH,Interest Rate Swap,Interest Rate,7090174.438401706,-372786.90503937163,0.0,Unmargined,0.657711019615063,0.005,Hedge Fund,BBB,133693065.30887038
T0002320,CP0042,JPM_EMEA_FR,Interest Rate Swap,Interest Rate,9913425.310310913,-150690.1537379513,91745.76129970205,Margined,6.961742033268074,0.005,Sovereign,A,139081539.86788905
T0002321,CP0023,JPM_EMEA_FR,Equity Option,Equity,1862885.4506627724,-25725.148312213336,42610.56703355358,Margined,0.3126121847973145,0.08,Hedge Fund,A,141917439.14674777
T0002322,CP0059,JPM_EMEA_CH,FX Forward,FX,4071637.8283161363,12820.017514870138,16636.025978216483,Margined,6.440633522417482,0.04,Sovereign,AA,135918044.6131388
T0002323,CP0034,JPM_EMEA_FR,Equity Option,Equity,4808769.999378437,208653.99094860847,131875.80667956243,Margined,0.6073772481057694,0.08,Corporate,AA,92024698.66007642
T0002324,CP0014,JPM_EMEA_DE,Securities Financing,SFT,18791800.680064328,445210.0663166322,392829.6089084515,Margined,6.022118627287691,0.03,Sovereign,BBB,65093074.58952882
T0002325,CP0057,JPM_EMEA_FR,Interest Rate Swap,Interest Rate,909340.4707701888,-51628.65752312607,8322.300134649257,Margined,3.8602803497995537,0.005,Corporate,A,76562617.80039492
T0002326,CP0008,JPM_EMEA_DE,Securities Financing,SFT,1608322.6699996684,34225.97530820584,15577.329393037817,Margined,1.4145273329210348,0.03,Sovereign,AA,38788144.55258609
T0002327,CP0023,JPM_EMEA_FR,Securities Financing,SFT,66072779.47894541,258438.0217925042,902150.1149874373,Margined,1.657732302690141,0.03,Hedge Fund,A,141917439.14674777
T0002328,CP0054,JPM_EMEA_UK,Commodity Future,Commodity,3044074.9964525104,-10422.684851363645,51108.093627240196,Margined,2.4936781188012502,0.15,Asset Manager,A,141685664.10636523
T0002329,CP0058,JPM_EMEA_UK,Equity Option,Equity,603686.9870223415,-479.61937921195425,12530.360247677587,Margined,5.56845793139932,0.08,Bank,AA,149008823.32725883
T0002330,CP0080,JPM_EMEA_DE,Equity Option,Equity,2233889.4579916038,15993.162944796477,2848.81224456563,Margined,1.0726661948930867,0.08,Sovereign,A,60342077.47701232
T0002331,CP0057,JPM_EMEA_UK,Equity Option,Equity,250930.6029512714,-6076.544937506899,3889.309162698568,Margined,1.7335083986510602,0.08,Corporate,A,76562617.80039492
T0002332,CP0019,JPM_EMEA_FR,Equity Option,Equity,5089680.576962407,-32483.766620746144,0.0,Margined,4.864111617833051,0.08,CCP,AA,121755579.54253721
T0002333,CP0057,JPM_EMEA_UK,Interest Rate Swap,Interest Rate,8989696.798615161,372513.88131319813,95125.34070411668,Margined,4.317239691339484,0.005,Corporate,A,76562617.80039492
T0002334,CP0061,JPM_EMEA_DE,Securities Financing,SFT,1607422.5329397297,-39601.590663327646,0.0,Unmargined,2.974730772763722,0.03,CCP,BBB,135803023.8142082
T0002335,CP0055,JPM_EMEA_UK,Equity Option,Equity,2498199.9158574073,-90050.31193981128,1646.6328702332612,Margined,0.47072679006114415,0.08,Asset Manager,A,41399016.28566236
T0002336,CP0060,JPM_EMEA_CH,Commodity Future,Commodity,10073906.001610208,-21757.190773144237,0.0,Margined,3.9315665853554296,0.15,Sovereign,BB,117319042.5294034
T0002337,CP0066,JPM_EMEA_CH,FX Forward,FX,694946.0212316609,-27498.893130128014,9566.877662286446,Margined,1.6430877829078996,0.04,Hedge Fund,BBB,106015964.21180893
T0002338,CP0046,JPM_EMEA_UK,Interest Rate Swap,Interest Rate,1066863.6211493672,-64329.1123793425,24643.945071211783,Margined,4.304097272371239,0.005,CCP,AA,68219896.90211704
T0002339,CP0080,JPM_EMEA_DE,FX Forward,FX,3184130.2646326455,-38388.99272937734,46498.375205788274,Margined,1.957885574457097,0.04,Sovereign,A,60342077.47701232
T0002340,CP0052,JPM_EMEA_CH,FX Forward,FX,1885059.760636872,95575.85880392915,0.0,Margined,6.863300186442629,0.04,Hedge Fund,BBB,86957426.80012289
T0002341,CP0005,JPM_EMEA_DE,FX Forward,FX,2981502.7849169285,-4028.4376778154824,0.0,Margined,4.154628093668723,0.04,Asset Manager,BBB,25409842.60204602
T0002342,CP0014,JPM_EMEA_CH,FX Forward,FX,1130368.902360952,7065.029798338228,14448.343053132434,Margined,4.020573549596702,0.04,Sovereign,BBB,65093074.58952882
T0002343,CP0040,JPM_EMEA_UK,Interest Rate Swap,Interest Rate,4956044.02570398,-369498.81654973095,12717.50953238779,Margined,5.865540271691007,0.005,Corporate,BBB,119924173.94929542
T0002344,CP0035,JPM_EMEA_DE,FX Forward,FX,3445473.277235547,52834.238669833176,0.0,Unmargined,6.9524952461677065,0.04,CCP,AAA,34114846.34760766
T0002345,CP0066,JPM_EMEA_CH,FX Forward,FX,6927402.029202408,22637.399998348912,0.0,Unmargined,5.465245349808295,0.04,Hedge Fund,BBB,106015964.21180893
T0002346,CP0054,JPM_EMEA_UK,Securities Financing,SFT,4887563.226519973,-113743.464180255,39500.992326218955,Margined,4.177573697101113,0.03,Asset Manager,A,141685664.10636523
T0002347,CP0001,JPM_EMEA_UK,Interest Rate Swap,Interest Rate,4918405.701677067,30994.6442797278,0.0,Unmargined,6.051497302751146,0.005,Bank,A,95932735.95865563
T0002348,CP0037,JPM_EMEA_FR,FX Forward,FX,941752.296930829,5607.43483006336,15749.618335243515,Margined,1.3094029951078954,0.04,CCP,AA,56560391.89907108
T0002349,CP0044,JPM_EMEA_UK,Interest Rate Swap,Interest Rate,6546207.751641736,-242746.9831285647,142005.09784034773,Margined,5.361394130586271,0.005,Asset Manager,AA,24863632.30290337
T0002350,CP0079,JPM_EMEA_DE,FX Forward,FX,2873204.5054596555,33371.92680281649,55638.61130959584,Margined,4.775297173826093,0.04,Corporate,A,45536506.54289452
T0002351,CP0053,JPM_EMEA_CH,FX Forward,FX,3386158.3661084296,141879.15442242761,0.0,Unmargined,3.9645950097567804,0.04,Asset Manager,A,53275461.77378836
T0002352,CP0015,JPM_EMEA_CH,Equity Option,Equity,11410782.45202239,-91034.67059474533,119179.02715685252,Margined,6.073955317034884,0.08,Sovereign,BBB,96819013.89258417
T0002353,CP0016,JPM_EMEA_UK,Securities Financing,SFT,1948108.3106083786,-59155.86166011822,0.0,Unmargined,4.982117111179098,0.03,Sovereign,BBB,22964503.233860675
T0002354,CP0026,JPM_EMEA_DE,Interest Rate Swap,Interest Rate,15447986.783510642,-96013.9099959199,269549.11016087246,Margined,5.0312975508221225,0.005,Corporate,A,54706836.20194616
T0002355,CP0033,JPM_EMEA_CH,Equity Option,Equity,16958508.096613903,507253.76757906174,115268.31214963493,Margined,6.3727031560982885,0.08,Bank,BBB,38232381.569819406
T0002356,CP0009,JPM_EMEA_DE,Interest Rate Swap,Interest Rate,8491611.53931571,-364469.8122329937,219085.81556203222,Margined,4.910913831838662,0.005,Hedge Fund,BBB,33442385.803931713
T0002357,CP0064,JPM_EMEA_DE,Interest Rate Swap,Interest Rate,1500312.695954848,30380.640535120307,9051.45486487663,Margined,1.8251962078343082,0.005,CCP,BB,61070776.73800309
T0002358,CP0006,JPM_EMEA_FR,FX Forward,FX,449329.4653407969,-10662.815594911815,6162.913340602784,Margined,1.3261952486067023,0.04,CCP,BBB,84218806.50178745
T0002359,CP0006,JPM_EMEA_CH,Interest Rate Swap,Interest Rate,11765002.978904305,99675.55057303782,119618.94425780844,Margined,3.616717940407587,0.005,CCP,BBB,84218806.50178745
T0002360,CP0011,JPM_EMEA_UK,Equity Option,Equity,4471301.021098331,-88315.32522221329,37530.551397813746,Margined,1.6826394906949307,0.08,Corporate,AA,42177085.909795195
T0002361,CP0011,JPM_EMEA_UK,Equity Option,Equity,1898562.2520927365,-37678.09455250451,55777.43288543192,Margined,4.912469037996899,0.08,Corporate,AA,42177085.909795195
T0002362,CP0046,JPM_EMEA_UK,Commodity Future,Commodity,12933963.80879265,689487.9083379064,0.0,Unmargined,5.9068316143448385,0.15,CCP,AA,68219896.90211704
T0002363,CP0066,JPM_EMEA_DE,FX Forward,FX,1690011.7477498297,-83348.05120594242,16160.281967674733,Margined,2.078121260705274,0.04,Hedge Fund,BBB,106015964.21180893
T0002364,CP0076,JPM_EMEA_DE,Equity Option,Equity,2617289.1404069625,44462.026896377676,17501.632444739564,Margined,6.398647155785431,0.08,Asset Manager,BBB,43304880.06050608
T0002365,CP0065,JPM_EMEA_DE,FX Forward,FX,6761094.095711706,409697.6538354511,83352.96486389048,Margined,5.240980209815562,0.04,Asset Manager,BBB,120361616.17442845
T0002366,CP0055,JPM_EMEA_DE,Interest Rate Swap,Interest Rate,1313495.0078708907,31515.036987283096,14697.416832289384,Margined,6.917579336513044,0.005,Asset Manager,A,41399016.28566236
T0002367,CP0048,JPM_EMEA_FR,Interest Rate Swap,Interest Rate,3585197.099616514,-167028.58101886124,10920.42057189596,Margined,1.4309949825207169,0.005,CCP,A,125072691.36835924
T0002368,CP0025,JPM_EMEA_DE,Equity Option,Equity,11886835.711321568,-533187.7936108259,102286.70966916753,Margined,3.2577521149800863,0.08,Sovereign,A,81553622.137404
T0002369,CP0034,JPM_EMEA_CH,Securities Financing,SFT,4940196.485200908,-129961.19653637263,83378.12834829585,Margined,4.500140018795682,0.03,Corporate,AA,92024698.66007642
T0002370,CP0070,JPM_EMEA_DE,Interest Rate Swap,Interest Rate,13925486.159899727,76963.05527430402,281516.1631829923,Margined,5.352276985537856,0.005,Asset Manager,BBB,54119867.06997241
T0002371,CP0009,JPM_EMEA_UK,Equity Option,Equity,12427313.093535407,98275.121022454,151513.86217649517,Margined,6.387932173869469,0.08,Hedge Fund,BBB,33442385.803931713
T0002372,CP0067,JPM_EMEA_CH,Commodity Future,Commodity,4031073.410847979,-179420.57583465698,50275.379586021314,Margined,6.24432672190704,0.15,CCP,A,68575504.7535823
T0002373,CP0065,JPM_EMEA_FR,Commodity Future,Commodity,386568.18295809755,-11808.309270623993,3522.424523904123,Margined,1.6910473195889872,0.15,Asset Manager,BBB,120361616.17442845
T0002374,CP0005,JPM_EMEA_UK,FX Forward,FX,1323820.7536425523,-37599.00751185681,10564.70702333198,Margined,2.986174268481403,0.04,Asset Manager,BBB,25409842.60204602
T0002375,CP0020,JPM_EMEA_UK,Equity Option,Equity,8581669.487241143,-54288.8278840532,39848.25935224698,Margined,5.042218978931769,0.08,Asset Manager,AA,30754899.989917014
T0002376,CP0025,JPM_EMEA_UK,Equity Option,Equity,848778.4683535047,58959.83696356869,0.0,Margined,0.9695839899038339,0.08,Sovereign,A,81553622.137404
T0002377,CP0074,JPM_EMEA_CH,Securities Financing,SFT,2885221.7858972703,-94235.8078219011,18408.94585026116,Margined,6.717588407135055,0.03,Bank,A,128044647.3762378
T0002378,CP0036,JPM_EMEA_FR,Interest Rate Swap,Interest Rate,5611258.21316412,-191868.69327843745,107918.09117396167,Margined,5.241321726000135,0.005,Bank,AA,107391212.09517552
T0002379,CP0063,JPM_EMEA_CH,Securities Financing,SFT,17389473.5868472,-689664.9631408644,149630.5853234224,Margined,5.8104510926653505,0.03,Asset Manager,AA,87451586.85023838
T0002380,CP0049,JPM_EMEA_DE,Interest Rate Swap,Interest Rate,2250775.1425012355,50066.377301626744,0.0,Unmargined,6.356738478883482,0.005,Sovereign,AA,61228056.066952996
T0002381,CP0007,JPM_EMEA_UK,Commodity Future,Commodity,2101826.3390554376,-3041.249964121308,0.0,Unmargined,1.2867654731329032,0.15,Bank,A,62881957.60326209
T0002382,CP0054,JPM_EMEA_DE,Interest Rate Swap,Interest Rate,3795623.1285853456,-119060.83751401362,0.0,Unmargined,2.9838103582083257,0.005,Asset Manager,A,141685664.10636523
T0002383,CP0051,JPM_EMEA_UK,Interest Rate Swap,Interest Rate,5681454.824039529,-72142.23518591748,0.0,Unmargined,4.579104980894637,0.005,Sovereign,AA,57819318.95821542
T0002384,CP0070,JPM_EMEA_UK,Interest Rate Swap,Interest Rate,3428241.7956109503,-94972.10433899278,0.0,Unmargined,5.76610480938781,0.005,Asset Manager,BBB,54119867.06997241
T0002385,CP0074,JPM_EMEA_CH,FX Forward,FX,11422244.316486252,118290.98767015926,130810.63655748629,Margined,5.179130639628239,0.04,Bank,A,128044647.3762378
T0002386,CP0047,JPM_EMEA_DE,FX Forward,FX,1798855.3178665612,169008.17970022644,22563.788058778868,Margined,0.8946411448113828,0.04,Asset Manager,BBB,127872666.6072137
T0002387,CP0071,JPM_EMEA_CH,Interest Rate Swap,Interest Rate,4510713.272236705,86967.69850855647,0.0,Unmargined,4.537420098440519,0.005,Sovereign,A,141785709.5693913
T0002388,CP0012,JPM_EMEA_FR,FX Forward,FX,6243288.653571562,-20319.394944879507,77774.64162652065,Margined,2.0936731424317343,0.04,CCP,AAA,140265615.38898364
T0002389,CP0050,JPM_EMEA_FR,FX Forward,FX,2680656.0282129706,-62389.96922019537,49174.42354620053,Margined,2.875159775682764,0.04,Sovereign,A,143876921.35906684
T0002390,CP0047,JPM_EMEA_CH,Commodity Future,Commodity,9262780.723375427,-435526.7133792385,0.0,Unmargined,6.959897583582794,0.15,Asset Manager,BBB,127872666.6072137
T0002391,CP0014,JPM_EMEA_DE,Securities Financing,SFT,4642499.480585596,119215.39689323521,120496.12577042375,Margined,1.1415378893045103,0.03,Sovereign,BBB,65093074.58952882
T0002392,CP0044,JPM_EMEA_DE,Equity Option,Equity,8803418.168219045,209322.36207699546,108773.6220412046,Margined,0.7754447129104024,0.08,Asset Manager,AA,24863632.30290337
T0002393,CP0055,JPM_EMEA_CH,Interest Rate Swap,Interest Rate,4856890.746924223,-79233.05662859071,0.0,Margined,2.8935516827491843,0.005,Asset Manager,A,41399016.28566236
T0002394,CP0034,JPM_EMEA_CH,Interest Rate Swap,Interest Rate,5828145.959857527,247502.06427257025,99699.07899789514,Margined,6.055689957807814,0.005,Corporate,AA,92024698.66007642
T0002395,CP0054,JPM_EMEA_DE,Securities Financing,SFT,2125277.972204329,1570.0339295596825,32169.85329197439,Margined,1.1773474911942887,0.03,Asset Manager,A,141685664.10636523
T0002396,CP0060,JPM_EMEA_CH,Interest Rate Swap,Interest Rate,2128723.822781503,57723.80720369694,26098.92094877635,Margined,0.6056721334387508,0.005,Sovereign,BB,117319042.5294034
T0002397,CP0048,JPM_EMEA_CH,FX Forward,FX,13608448.880280439,141077.36162304957,135042.48272802538,Margined,2.96100009315903,0.04,CCP,A,125072691.36835924
T0002398,CP0032,JPM_EMEA_UK,Securities Financing,SFT,7551942.429790548,-46820.19884801765,0.0,Margined,4.444471615666836,0.03,Hedge Fund,A,136500900.33916968
T0002399,CP0022,JPM_EMEA_CH,Securities Financing,SFT,1438109.199536848,-48062.99204061126,0.0,Margined,1.125112942966877,0.03,Asset Manager,A,83791909.26608771
T0002400,CP0053,JPM_EMEA_UK,FX Forward,FX,4793006.066011347,-24414.52195073165,120688.62973385386,Margined,5.641892500721692,0.04,Asset Manager,A,53275461.77378836
T0002401,CP0073,JPM_EMEA_CH,Equity Option,Equity,372513.61465705046,10978.636843804234,2725.301847311285,Margined,5.929115434572178,0.08,Asset Manager,A,35958531.21349318
T0002402,CP0037,JPM_EMEA_CH,FX Forward,FX,2253206.2399802785,-40072.66217097031,44444.41066226782,Margined,3.6820416847443105,0.04,CCP,AA,56560391.89907108
T0002403,CP0041,JPM_EMEA_CH,Commodity Future,Commodity,10457527.329724567,160951.2681886011,0.0,Margined,0.261723809308112,0.15,Bank,BBB,34006322.97426655
T0002404,CP0073,JPM_EMEA_DE,Interest Rate Swap,Interest Rate,3529473.7214009035,-133752.07449875423,12794.81390854813,Margined,3.636910849616686,0.005,Asset Manager,A,35958531.21349318
T0002405,CP0024,JPM_EMEA_CH,Interest Rate Swap,Interest Rate,4500583.3908562455,122875.11570205369,0.0,Unmargined,1.5385666170326313,0.005,CCP,BBB,94324646.8088898
T0002406,CP0065,JPM_EMEA_FR,Equity Option,Equity,195912.5514469485,2145.819748973826,2190.3007019259903,Margined,3.15037420818808,0.08,Asset Manager,BBB,120361616.17442845
T0002407,CP0021,JPM_EMEA_UK,Interest Rate Swap,Interest Rate,2702131.059488758,-113689.12864391983,44048.35003466498,Margined,5.330173737147298,0.005,Corporate,BBB,83265583.00896084
T0002408,CP0021,JPM_EMEA_CH,Equity Option,Equity,5610089.005670168,-43985.94954316633,66709.22880210691,Margined,0.4282110805005895,0.08,Corporate,BBB,83265583.00896084
T0002409,CP0023,JPM_EMEA_CH,FX Forward,FX,6369902.966109646,207661.5873858032,65856.03351728765,Margined,0.05105660436512908,0.04,Hedge Fund,A,141917439.14674777
T0002410,CP0005,JPM_EMEA_DE,Securities Financing,SFT,10471424.514975548,-461435.2473971842,68688.87327083966,Margined,0.97747113041808,0.03,Asset Manager,BBB,25409842.60204602
T0002411,CP0037,JPM_EMEA_UK,Commodity Future,Commodity,3241501.3734677606,-121502.0334296423,0.0,Unmargined,0.3653167999195958,0.15,CCP,AA,56560391.89907108
T0002412,CP0029,JPM_EMEA_FR,FX Forward,FX,3389351.3079534858,-8244.235811153474,78706.19530362492,Margined,1.859919540440919,0.04,Corporate,AAA,77058489.83965607
T0002413,CP0019,JPM_EMEA_DE,Commodity Future,Commodity,1055671.3673725047,78823.36592385986,0.0,Unmargined,2.85966299123718,0.15,CCP,AA,121755579.54253721
T0002414,CP0061,JPM_EMEA_FR,Interest Rate Swap,Interest Rate,3260148.746005286,-76744.66090452026,12031.17586901354,Margined,5.468973940457357,0.005,CCP,BBB,135803023.8142082
T0002415,CP0042,JPM_EMEA_DE,FX Forward,FX,1132830.4214860136,19637.150879552522,0.0,Unmargined,0.26077423936851496,0.04,Sovereign,A,139081539.86788905
T0002416,CP0016,JPM_EMEA_UK,Interest Rate Swap,Interest Rate,630289.6781515036,5738.623181650303,0.0,Unmargined,2.4893815708053455,0.005,Sovereign,BBB,22964503.233860675
T0002417,CP0016,JPM_EMEA_UK,Securities Financing,SFT,1351364.7273978074,-27882.973976127523,19896.791697231387,Margined,6.509635948992101,0.03,Sovereign,BBB,22964503.233860675
T0002418,CP0065,JPM_EMEA_FR,Commodity Future,Commodity,18083126.554698434,101982.81773780231,190694.78534094978,Margined,4.055842161174288,0.15,Asset Manager,BBB,120361616.17442845
T0002419,CP0022,JPM_EMEA_DE,Securities Financing,SFT,3051804.819196145,-47834.639299456154,48817.15976961909,Margined,5.796005875654805,0.03,Asset Manager,A,83791909.26608771
T0002420,CP0032,JPM_EMEA_UK,Securities Financing,SFT,4983695.699497978,-62411.65678172026,57840.81424665123,Margined,3.4104229699825486,0.03,Hedge Fund,A,136500900.33916968
T0002421,CP0010,JPM_EMEA_FR,Securities Financing,SFT,2393599.0452501494,-139174.6594132535,26528.140617171233,Margined,0.7258195137795829,0.03,Bank,AA,96393794.38310257
T0002422,CP0065,JPM_EMEA_CH,Interest Rate Swap,Interest Rate,667472.7868305362,-570.8682625054236,20894.988556152788,Margined,1.3492268363191628,0.005,Asset Manager,BBB,120361616.17442845
T0002423,CP0029,JPM_EMEA_UK,Securities Financing,SFT,10200201.612738112,320982.7262688797,0.0,Unmargined,5.318672224350539,0.03,Corporate,AAA,77058489.83965607
T0002424,CP0057,JPM_EMEA_UK,Equity Option,Equity,455707.65672506153,915.9277841165069,11447.1827261617,Margined,6.055547299734763,0.08,Corporate,A,76562617.80039492
T0002425,CP0033,JPM_EMEA_DE,FX Forward,FX,2296765.168151795,87662.4084229658,0.0,Unmargined,3.299415596600486,0.04,Bank,BBB,38232381.569819406
T0002426,CP0065,JPM_EMEA_CH,Equity Option,Equity,3787398.9108316414,76927.60378442533,60722.41251234771,Margined,3.4725735414636887,0.08,Asset Manager,BBB,120361616.17442845
T0002427,CP0033,JPM_EMEA_DE,FX Forward,FX,5036865.704219572,-10496.554734369083,0.0,Margined,3.17834992241782,0.04,Bank,BBB,38232381.569819406
T0002428,CP0072,JPM_EMEA_CH,Interest Rate Swap,Interest Rate,1934453.3045049293,-42514.24313489939,0.0,Unmargined,0.1776236326582709,0.005,Hedge Fund,AA,51326174.75073902
T0002429,CP0058,JPM_EMEA_FR,Interest Rate Swap,Interest Rate,636566.0333301238,-10833.863755399208,5017.694799232735,Margined,0.7137934065840577,0.005,Bank,AA,149008823.32725883
T0002430,CP0039,JPM_EMEA_CH,Interest Rate Swap,Interest Rate,1795351.938582455,-92402.93405310855,0.0,Unmargined,6.943622127530974,0.005,Hedge Fund,A,114509299.85729474
T0002431,CP0039,JPM_EMEA_FR,FX Forward,FX,1891814.4093341697,-17684.229245094662,0.0,Unmargined,0.34199475942624347,0.04,Hedge Fund,A,114509299.85729474
T0002432,CP0050,JPM_EMEA_DE,Securities Financing,SFT,1846331.8111834389,9434.675331560056,33326.40660453292,Margined,2.475334948205241,0.03,Sovereign,A,143876921.35906684
T0002433,CP0056,JPM_EMEA_FR,Equity Option,Equity,10552396.086382179,633563.1007619918,209780.370198441,Margined,4.850269364803605,0.08,Bank,A,25838380.52100277
T0002434,CP0057,JPM_EMEA_UK,FX Forward,FX,1188499.4950809006,21976.79531102731,25386.580278882353,Margined,3.002575061231084,0.04,Corporate,A,76562617.80039492
T0002435,CP0003,JPM_EMEA_CH,FX Forward,FX,5404725.349021802,-163600.4380378943,48332.13621786078,Margined,6.879513478475859,0.04,Corporate,BBB,30977761.748185582
T0002436,CP0022,JPM_EMEA_UK,FX Forward,FX,4686056.5053104935,-236073.63748613567,0.0,Unmargined,0.2775338929562688,0.04,Asset Manager,A,83791909.26608771
T0002437,CP0035,JPM_EMEA_FR,Interest Rate Swap,Interest Rate,10451541.072509373,-75557.56680608948,0.0,Unmargined,6.128184770382396,0.005,CCP,AAA,34114846.34760766
T0002438,CP0043,JPM_EMEA_FR,Commodity Future,Commodity,3501398.602473413,99480.88148810997,91206.51264896934,Margined,0.9864726811089811,0.15,Sovereign,BBB,49927818.8163345
T0002439,CP0008,JPM_EMEA_UK,Interest Rate Swap,Interest Rate,8823559.220145136,-68131.74591140436,110780.81904395562,Margined,1.4735135314777463,0.005,Sovereign,AA,38788144.55258609
T0002440,CP0016,JPM_EMEA_DE,Equity Option,Equity,3367175.3675121428,63873.451728108106,0.0,Unmargined,3.7217112834460018,0.08,Sovereign,BBB,22964503.233860675
T0002441,CP0037,JPM_EMEA_FR,Commodity Future,Commodity,6176099.279888119,-39152.70648435484,62505.90715913228,Margined,6.106609985965221,0.15,CCP,AA,56560391.89907108
T0002442,CP0036,JPM_EMEA_CH,Equity Option,Equity,889899.5158873862,22332.041891056,7094.491050725737,Margined,2.9278634252953903,0.08,Bank,AA,107391212.09517552
T0002443,CP0050,JPM_EMEA_DE,Securities Financing,SFT,285937.01629168633,-15985.031764114538,0.0,Unmargined,2.0903384595697507,0.03,Sovereign,A,143876921.35906684
T0002444,CP0006,JPM_EMEA_UK,Interest Rate Swap,Interest Rate,5834807.150294014,327603.2656750798,0.0,Unmargined,2.841620441128185,0.005,CCP,BBB,84218806.50178745
T0002445,CP0064,JPM_EMEA_UK,Securities Financing,SFT,6156309.477178218,-239707.7338426237,93749.40912219111,Margined,0.7056861163525916,0.03,CCP,BB,61070776.73800309
T0002446,CP0025,JPM_EMEA_FR,Equity Option,Equity,6435288.636967495,178776.38248063205,103351.08853815346,Margined,5.8757285498300815,0.08,Sovereign,A,81553622.137404
T0002447,CP0045,JPM_EMEA_CH,Commodity Future,Commodity,2366381.1478911126,-22543.18758098087,34975.432148397515,Margined,6.410744937627236,0.15,Bank,AAA,92130821.02089284
T0002448,CP0076,JPM_EMEA_DE,Equity Option,Equity,17743453.18664935,-71931.54247537952,292107.6761956297,Margined,4.746633970043518,0.08,Asset Manager,BBB,43304880.06050608
T0002449,CP0031,JPM_EMEA_UK,Commodity Future,Commodity,2525443.1325851567,-21311.120343992614,13071.577832183939,Margined,3.1404539104223352,0.15,Asset Manager,AA,127417950.14526652
T0002450,CP0026,JPM_EMEA_UK,Securities Financing,SFT,6093199.911720811,54510.74422749176,28563.490193427795,Margined,4.318348044284757,0.03,Corporate,A,54706836.20194616
T0002451,CP0022,JPM_EMEA_CH,FX Forward,FX,7249486.118328934,116088.62388583721,0.0,Unmargined,3.885474311276753,0.04,Asset Manager,A,83791909.26608771
T0002452,CP0053,JPM_EMEA_FR,Commodity Future,Commodity,22309989.122194573,826421.183564272,264407.0466413588,Margined,0.4083083097559983,0.15,Asset Manager,A,53275461.77378836
T0002453,CP0077,JPM_EMEA_UK,Commodity Future,Commodity,2913236.7297651847,143559.09394450864,22785.640408427033,Margined,2.791228263323085,0.15,Hedge Fund,BBB,97919762.89770965
T0002454,CP0045,JPM_EMEA_DE,FX Forward,FX,2081526.3670225714,24174.335456667188,28991.504175850077,Margined,4.614959345523668,0.04,Bank,AAA,92130821.02089284
T0002455,CP0016,JPM_EMEA_FR,Securities Financing,SFT,894177.4591893044,53631.510697018755,17226.98994782861,Margined,5.942203597167391,0.03,Sovereign,BBB,22964503.233860675
T0002456,CP0076,JPM_EMEA_FR,FX Forward,FX,18890541.891392734,61470.56002280635,406148.4451384946,Margined,2.544862319498903,0.04,Asset Manager,BBB,43304880.06050608
T0002457,CP0004,JPM_EMEA_DE,Equity Option,Equity,6096441.66988303,229899.33124384077,142035.47707214166,Margined,5.7439411748107885,0.08,Asset Manager,A,74054962.28217925
T0002458,CP0033,JPM_EMEA_FR,Interest Rate Swap,Interest Rate,6292481.242002761,94419.8674943822,0.0,Unmargined,5.310565895209869,0.005,Bank,BBB,38232381.569819406
T0002459,CP0011,JPM_EMEA_CH,Interest Rate Swap,Interest Rate,90287461.99500573,-1735520.2300554598,243416.02774850617,Margined,6.508705453749968,0.005,Corporate,AA,42177085.909795195
T0002460,CP0003,JPM_EMEA_CH,Commodity Future,Commodity,5536370.282156026,35118.278524708534,53607.770196962556,Margined,6.926544579156367,0.15,Corporate,BBB,30977761.748185582
T0002461,CP0080,JPM_EMEA_CH,FX Forward,FX,1087599.4803923494,19153.73153844386,0.0,Unmargined,0.3400391803951449,0.04,Sovereign,A,60342077.47701232
T0002462,CP0007,JPM_EMEA_DE,FX Forward,FX,3288366.0041410304,-3705.773424541985,0.0,Unmargined,3.0904213533570917,0.04,Bank,A,62881957.60326209
T0002463,CP0073,JPM_EMEA_UK,Interest Rate Swap,Interest Rate,1509097.7448462108,21806.429408930995,11437.278803020083,Margined,5.426243336026785,0.005,Asset Manager,A,35958531.21349318
T0002464,CP0044,JPM_EMEA_DE,FX Forward,FX,2692381.0923715653,81546.04044056524,25751.69379581534,Margined,5.771007617870958,0.04,Asset Manager,AA,24863632.30290337
T0002465,CP0026,JPM_EMEA_UK,Commodity Future,Commodity,2674345.716225671,-2187.7751760007536,42432.53459962821,Margined,0.625836849597284,0.15,Corporate,A,54706836.20194616
T0002466,CP0070,JPM_EMEA_FR,Securities Financing,SFT,2223916.8098657858,-229143.64454588495,3031.244036824013,Margined,4.265804657407125,0.03,Asset Manager,BBB,54119867.06997241
T0002467,CP0001,JPM_EMEA_FR,Interest Rate Swap,Interest Rate,993036.2160669556,58330.40642719827,0.0,Unmargined,6.294245335137081,0.005,Bank,A,95932735.95865563
T0002468,CP0056,JPM_EMEA_DE,Equity Option,Equity,19664126.675276738,-204815.64534652623,239272.0776750951,Margined,1.6280605450507841,0.08,Bank,A,25838380.52100277
T0002469,CP0062,JPM_EMEA_UK,FX Forward,FX,5393218.902015326,-155404.5657026835,110058.22706168718,Margined,2.464145552001581,0.04,Sovereign,BBB,136148063.1607222
T0002470,CP0030,JPM_EMEA_FR,Equity Option,Equity,3192557.5213712817,-125607.53727330545,23497.09833764659,Margined,2.7941932678225747,0.08,Asset Manager,A,22809570.384442955
T0002471,CP0025,JPM_EMEA_UK,FX Forward,FX,8532924.833826816,-100480.36583417105,141602.15321674506,Margined,2.7920373842465533,0.04,Sovereign,A,81553622.137404
T0002472,CP0001,JPM_EMEA_DE,FX Forward,FX,6406810.953441609,-126189.6639397503,82011.84809521803,Margined,3.9538585716156867,0.04,Bank,A,95932735.95865563
T0002473,CP0002,JPM_EMEA_CH,FX Forward,FX,5269761.439396379,-135935.24186374104,99358.54395326591,Margined,0.47260465616359665,0.04,Sovereign,BBB,104480058.20212659
T0002474,CP0004,JPM_EMEA_CH,Equity Option,Equity,7935072.049399821,-189445.23843017613,0.0,Unmargined,5.465368931748625,0.08,Asset Manager,A,74054962.28217925
T0002475,CP0037,JPM_EMEA_FR,FX Forward,FX,4573272.834245213,84793.04632431945,0.0,Unmargined,0.9039957023090543,0.04,CCP,AA,56560391.89907108
T0002476,CP0043,JPM_EMEA_DE,FX Forward,FX,7818680.592313537,555616.713102986,0.0,Unmargined,5.702545963860972,0.04,Sovereign,BBB,49927818.8163345
T0002477,CP0034,JPM_EMEA_UK,Commodity Future,Commodity,8494396.085360028,243959.10594773904,166447.6117985391,Margined,0.16880581116063487,0.15,Corporate,AA,92024698.66007642
T0002478,CP0057,JPM_EMEA_FR,Commodity Future,Commodity,4706822.708223448,184935.47198746318,60952.215228742876,Margined,5.51983056841719,0.15,Corporate,A,76562617.80039492
T0002479,CP0029,JPM_EMEA_DE,FX Forward,FX,3208809.087816009,-42386.28585587276,0.0,Unmargined,2.5191064846024322,0.04,Corporate,AAA,77058489.83965607
T0002480,CP0064,JPM_EMEA_FR,Commodity Future,Commodity,18480057.220826205,67697.76805446802,510354.99846825434,Margined,4.608215102058134,0.15,CCP,BB,61070776.73800309
T0002481,CP0053,JPM_EMEA_UK,Securities Financing,SFT,2480332.990053839,37023.64319114501,66447.08355939086,Margined,1.2952455626311061,0.03,Asset Manager,A,53275461.77378836
T0002482,CP0075,JPM_EMEA_CH,Interest Rate Swap,Interest Rate,5915688.925368142,-136560.8764471586,0.0,Unmargined,3.7822168700270686,0.005,Sovereign,AA,39926961.16118422
T0002483,CP0059,JPM_EMEA_CH,Equity Option,Equity,6050874.287053691,-90161.36979889225,0.0,Unmargined,2.128823971434227,0.08,Sovereign,AA,135918044.6131388
T0002484,CP0011,JPM_EMEA_DE,Interest Rate Swap,Interest Rate,2174364.654200907,65033.76506821628,0.0,Unmargined,0.07727644018840195,0.005,Corporate,AA,42177085.909795195
T0002485,CP0045,JPM_EMEA_UK,Commodity Future,Commodity,1783311.404832144,68051.60266715595,27701.314635924573,Margined,5.089730053044425,0.15,Bank,AAA,92130821.02089284
T0002486,CP0053,JPM_EMEA_DE,Interest Rate Swap,Interest Rate,2807915.351550728,6624.881571842273,67738.81504112613,Margined,0.9616724217568767,0.005,Asset Manager,A,53275461.77378836
T0002487,CP0002,JPM_EMEA_DE,Equity Option,Equity,2445079.182649818,-102278.8879950778,54919.07428536583,Margined,6.580944303525724,0.08,Sovereign,BBB,104480058.20212659
T0002488,CP0004,JPM_EMEA_CH,Interest Rate Swap,Interest Rate,930683.3287728961,-9628.588581485723,13142.643557480824,Margined,3.828885302566489,0.005,Asset Manager,A,74054962.28217925
T0002489,CP0002,JPM_EMEA_UK,FX Forward,FX,2085063.4336493644,-105184.33955184915,63004.0050187554,Margined,0.06163649882632127,0.04,Sovereign,BBB,104480058.20212659
T0002490,CP0014,JPM_EMEA_UK,Securities Financing,SFT,5220104.107986855,13739.754297806916,0.0,Unmargined,6.6172147831529635,0.03,Sovereign,BBB,65093074.58952882
T0002491,CP0071,JPM_EMEA_CH,FX Forward,FX,14185750.080184674,126807.96471692807,130348.37533702992,Margined,0.9728467095026675,0.04,Sovereign,A,141785709.5693913
T0002492,CP0020,JPM_EMEA_UK,Securities Financing,SFT,6963524.196690078,-65978.44985174503,52792.003627714585,Margined,5.845891204466264,0.03,Asset Manager,AA,30754899.989917014
T0002493,CP0015,JPM_EMEA_UK,Securities Financing,SFT,297232.64293810475,2514.556290986596,0.0,Unmargined,2.338480977370645,0.03,Sovereign,BBB,96819013.89258417
T0002494,CP0036,JPM_EMEA_CH,Securities Financing,SFT,7595819.847251205,110834.73471618259,0.0,Unmargined,3.9980311118381064,0.03,Bank,AA,107391212.09517552
T0002495,CP0032,JPM_EMEA_FR,Interest Rate Swap,Interest Rate,2289063.026774513,20579.069189016303,19965.42235199333,Margined,5.8582905128837295,0.005,Hedge Fund,A,136500900.33916968
T0002496,CP0080,JPM_EMEA_DE,Commodity Future,Commodity,6292600.603911878,-264626.25850241265,63450.96541614983,Margined,0.39859921184434993,0.15,Sovereign,A,60342077.47701232
T0002497,CP0009,JPM_EMEA_DE,Interest Rate Swap,Interest Rate,3943856.69802948,-34959.337229080564,58547.44851434624,Margined,4.776403144295261,0.005,Hedge Fund,BBB,33442385.803931713
T0002498,CP0068,JPM_EMEA_FR,FX Forward,FX,3298958.24411731,47321.920518078376,34481.81043832332,Margined,1.0826473791459867,0.04,Asset Manager,AA,32280666.847996987
T0002499,CP0019,JPM_EMEA_CH,Securities Financing,SFT,3611266.82976225,199540.23087153977,5287.73544337917,Margined,5.028951693312986,0.03,CCP,AA,121755579.54253721
T0002500,CP0025,JPM_EMEA_DE,Equity Option,Equity,3911300.990708636,-37225.42097077322,83297.56093238929,Margined,1.166892857329547,0.08,Sovereign,A,81553622.137404
T0002501,CP0039,JPM_EMEA_UK,FX Forward,FX,15343613.567285663,295815.77105506905,0.0,Unmargined,0.20250847713207837,0.04,Hedge Fund,A,114509299.85729474
T0002502,CP0079,JPM_EMEA_UK,FX Forward,FX,3922127.256298749,120547.82421245506,0.0,Unmargined,1.1302950282922866,0.04,Corporate,A,45536506.54289452
T0002503,CP0019,JPM_EMEA_CH,Commodity Future,Commodity,11844107.592116006,-81510.78652901552,170933.21392870139,Margined,4.398877628056874,0.15,CCP,AA,121755579.54253721
T0002504,CP0028,JPM_EMEA_CH,Equity Option,Equity,10238961.79194107,411547.6066832195,226666.6536253366,Margined,6.90080120519998,0.08,Sovereign,A,87687412.32129991
T0002505,CP0053,JPM_EMEA_CH,FX Forward,FX,7793888.560524774,327936.3105393026,132861.57743548942,Margined,6.792347840092965,0.04,Asset Manager,A,53275461.77378836
T0002506,CP0054,JPM_EMEA_FR,Securities Financing,SFT,670102.5899369654,32374.978489134857,0.0,Unmargined,5.232554225439179,0.03,Asset Manager,A,141685664.10636523
T0002507,CP0030,JPM_EMEA_UK,Interest Rate Swap,Interest Rate,12218204.568345353,196042.6307481423,0.0,Unmargined,5.780834167166059,0.005,Asset Manager,A,22809570.384442955
T0002508,CP0011,JPM_EMEA_UK,Interest Rate Swap,Interest Rate,2530439.6617371673,209026.47162868464,0.0,Unmargined,6.124053480482405,0.005,Corporate,AA,42177085.909795195
T0002509,CP0064,JPM_EMEA_UK,Equity Option,Equity,8182695.685202852,-176213.60651982343,169757.16331324205,Margined,3.722058655662924,0.08,CCP,BB,61070776.73800309
T0002510,CP0073,JPM_EMEA_DE,Securities Financing,SFT,1512496.3956511794,112443.08926126864,48230.14765189272,Margined,1.6387873105267505,0.03,Asset Manager,A,35958531.21349318
T0002511,CP0049,JPM_EMEA_CH,Interest Rate Swap,Interest Rate,1222894.167518864,32884.213725584304,12035.26518915159,Margined,4.644615368226498,0.005,Sovereign,AA,61228056.066952996
T0002512,CP0070,JPM_EMEA_FR,Interest Rate Swap,Interest Rate,28866538.817949865,1354232.0042966423,529972.791804199,Margined,1.0340703043327226,0.005,Asset Manager,BBB,54119867.06997241
T0002513,CP0021,JPM_EMEA_DE,Interest Rate Swap,Interest Rate,1536199.1699903365,-17207.460651239173,18369.932075030007,Margined,5.834906589023294,0.005,Corporate,BBB,83265583.00896084
T0002514,CP0070,JPM_EMEA_FR,Securities Financing,SFT,12583683.320271417,371931.07819266914,201948.89148526575,Margined,2.9140326690637446,0.03,Asset Manager,BBB,54119867.06997241
T0002515,CP0065,JPM_EMEA_CH,Interest Rate Swap,Interest Rate,4502868.700004386,224891.70540477184,55553.09999484229,Margined,1.9021178422068292,0.005,Asset Manager,BBB,120361616.17442845
T0002516,CP0073,JPM_EMEA_DE,FX Forward,FX,2627871.7623458575,-100010.36763846288,0.0,Margined,5.912033133685397,0.04,Asset Manager,A,35958531.21349318
T0002517,CP0075,JPM_EMEA_CH,Securities Financing,SFT,3824644.327917599,-21863.272807082514,0.0,Unmargined,0.8227879841584237,0.03,Sovereign,AA,39926961.16118422
T0002518,CP0028,JPM_EMEA_UK,Interest Rate Swap,Interest Rate,1088934.6844333287,-81608.9512122866,0.0,Unmargined,6.825043536534836,0.005,Sovereign,A,87687412.32129991
T0002519,CP0010,JPM_EMEA_DE,Equity Option,Equity,3945359.1186991255,-24625.567273180313,0.0,Unmargined,6.655362131489384,0.08,Bank,AA,96393794.38310257
T0002520,CP0060,JPM_EMEA_UK,FX Forward,FX,1354664.8048355645,-38689.61530482402,26236.567526566927,Margined,4.2810771296003995,0.04,Sovereign,BB,117319042.5294034
T0002521,CP0054,JPM_EMEA_UK,Commodity Future,Commodity,2693524.5208399007,-20529.691258475457,0.0,Unmargined,4.999284673588422,0.15,Asset Manager,A,141685664.10636523
T0002522,CP0052,JPM_EMEA_UK,FX Forward,FX,10090495.3375628,1032535.3384012193,105628.069580579,Margined,0.3081885654497957,0.04,Hedge Fund,BBB,86957426.80012289
T0002523,CP0051,JPM_EMEA_DE,FX Forward,FX,5157670.570186897,310095.2607330116,99267.22567983103,Margined,3.0877270785013815,0.04,Sovereign,AA,57819318.95821542
T0002524,CP0004,JPM_EMEA_FR,Interest Rate Swap,Interest Rate,908576.5474251721,-45774.68955832952,15853.072877416085,Margined,6.198085513199486,0.005,Asset Manager,A,74054962.28217925
T0002525,CP0054,JPM_EMEA_FR,Commodity Future,Commodity,9372524.541040786,182303.48045478621,144002.99645622072,Margined,0.13007897484861386,0.15,Asset Manager,A,141685664.10636523
T0002526,CP0039,JPM_EMEA_DE,Commodity Future,Commodity,3971701.5274413037,111059.05365777314,0.0,Unmargined,2.06980849607355,0.15,Hedge Fund,A,114509299.85729474
T0002527,CP0003,JPM_EMEA_DE,Interest Rate Swap,Interest Rate,2325904.7257676423,-27507.075077626345,0.0,Unmargined,2.5091925944475655,0.005,Corporate,BBB,30977761.748185582
T0002528,CP0069,JPM_EMEA_UK,FX Forward,FX,8439901.72876498,52671.45268524234,0.0,Margined,4.741803481752937,0.04,Bank,AA,117082649.47537337
T0002529,CP0003,JPM_EMEA_FR,Securities Financing,SFT,3384098.416269001,32688.283286103146,30372.395011825345,Margined,4.948630916089224,0.03,Corporate,BBB,30977761.748185582
T0002530,CP0019,JPM_EMEA_CH,Interest Rate Swap,Interest Rate,1246865.7733063775,-58766.527076829814,0.0,Margined,0.5030678397728052,0.005,CCP,AA,121755579.54253721
T0002531,CP0024,JPM_EMEA_FR,Interest Rate Swap,Interest Rate,25383619.707086522,-916260.5240907288,438093.82654339814,Margined,1.561731287692449,0.005,CCP,BBB,94324646.8088898
T0002532,CP0063,JPM_EMEA_CH,Equity Option,Equity,3931444.5103335804,23708.124575216276,75364.21363080437,Margined,5.787206233383565,0.08,Asset Manager,AA,87451586.85023838
T0002533,CP0007,JPM_EMEA_CH,FX Forward,FX,3687354.1068444257,12828.631192450026,0.0,Unmargined,1.3831333646786261,0.04,Bank,A,62881957.60326209
T0002534,CP0031,JPM_EMEA_CH,Interest Rate Swap,Interest Rate,2667626.66976652,-66156.32788972522,0.0,Unmargined,2.041410152403424,0.005,Asset Manager,AA,127417950.14526652
T0002535,CP0030,JPM_EMEA_UK,FX Forward,FX,13017050.832696872,-361915.21074656554,257000.85488440405,Margined,1.177598019626255,0.04,Asset Manager,A,22809570.384442955
T0002536,CP0034,JPM_EMEA_UK,Interest Rate Swap,Interest Rate,2366508.9515722157,-7436.21893043211,0.0,Margined,5.2924988769637835,0.005,Corporate,AA,92024698.66007642
T0002537,CP0070,JPM_EMEA_DE,FX Forward,FX,853264.6704830703,26464.245531343593,9504.911613159395,Margined,0.23838988516712056,0.04,Asset Manager,BBB,54119867.06997241
T0002538,CP0027,JPM_EMEA_UK,Equity Option,Equity,2029149.4177748691,-5432.037015471626,1381.1853741740888,Margined,2.148295537283765,0.08,Asset Manager,A,63103969.654531784
T0002539,CP0029,JPM_EMEA_UK,Equity Option,Equity,15075470.633189933,856220.0843986874,137689.7471594192,Margined,3.7495902562056287,0.08,Corporate,AAA,77058489.83965607
T0002540,CP0033,JPM_EMEA_UK,Interest Rate Swap,Interest Rate,9192854.73056152,-223880.2024620589,229177.99609832,Margined,0.09184195582572623,0.005,Bank,BBB,38232381.569819406
T0002541,CP0032,JPM_EMEA_UK,Commodity Future,Commodity,3099617.474206587,20949.82802604801,64304.346281510894,Margined,6.68020348856141,0.15,Hedge Fund,A,136500900.33916968
T0002542,CP0077,JPM_EMEA_DE,Interest Rate Swap,Interest Rate,15792726.765656188,-195835.18171561675,273187.06091053097,Margined,6.091559617010941,0.005,Hedge Fund,BBB,97919762.89770965
T0002543,CP0022,JPM_EMEA_DE,Commodity Future,Commodity,8450592.776230194,173901.6484262434,89128.72458012337,Margined,4.548847811604541,0.15,Asset Manager,A,83791909.26608771
T0002544,CP0010,JPM_EMEA_CH,FX Forward,FX,3063950.196944421,-83816.12209856423,12412.802879453135,Margined,3.1019593168129496,0.04,Bank,AA,96393794.38310257
T0002545,CP0034,JPM_EMEA_CH,Commodity Future,Commodity,3388490.378113031,228583.90604715777,45731.81659291081,Margined,1.129383013849482,0.15,Corporate,AA,92024698.66007642
T0002546,CP0007,JPM_EMEA_UK,Interest Rate Swap,Interest Rate,5560077.756047452,-328997.7745754291,0.0,Unmargined,3.8977934603561244,0.005,Bank,A,62881957.60326209
T0002547,CP0064,JPM_EMEA_DE,Interest Rate Swap,Interest Rate,1740909.0362929276,104527.32677944542,0.0,Unmargined,1.7124954081146206,0.005,CCP,BB,61070776.73800309
T0002548,CP0072,JPM_EMEA_FR,FX Forward,FX,4018060.914291987,12655.270266211053,0.0,Margined,4.484220669094093,0.04,Hedge Fund,AA,51326174.75073902
T0002549,CP0067,JPM_EMEA_DE,Interest Rate Swap,Interest Rate,5445598.816026359,105289.89269066964,69904.53761213589,Margined,1.0618233412927074,0.005,CCP,A,68575504.7535823
T0002550,CP0065,JPM_EMEA_DE,Interest Rate Swap,Interest Rate,740320.6487684625,34579.171971914766,0.0,Margined,5.033978802315216,0.005,Asset Manager,BBB,120361616.17442845
T0002551,CP0034,JPM_EMEA_FR,Equity Option,Equity,3310085.5618354445,99362.65262319923,0.0,Unmargined,2.2941908493985452,0.08,Corporate,AA,92024698.66007642
T0002552,CP0056,JPM_EMEA_DE,Commodity Future,Commodity,2954230.3963037464,-75483.36677130502,19072.328321943372,Margined,3.538772974201438,0.15,Bank,A,25838380.52100277
T0002553,CP0032,JPM_EMEA_FR,Interest Rate Swap,Interest Rate,11182637.822425976,234870.44551328244,24769.86484979962,Margined,1.1746879742494807,0.005,Hedge Fund,A,136500900.33916968
T0002554,CP0069,JPM_EMEA_UK,Securities Financing,SFT,632419.3143953079,41335.93132986332,0.0,Unmargined,1.8311239551463856,0.03,Bank,AA,117082649.47537337
T0002555,CP0016,JPM_EMEA_DE,Commodity Future,Commodity,2731329.102390959,-84821.99865073049,44998.70895615657,Margined,3.178971734547544,0.15,Sovereign,BBB,22964503.233860675
T0002556,CP0012,JPM_EMEA_DE,Securities Financing,SFT,2470794.388611274,183197.04473462756,34243.2130813522,Margined,3.2343599595351025,0.03,CCP,AAA,140265615.38898364
T0002557,CP0079,JPM_EMEA_DE,Equity Option,Equity,10447527.264892614,141037.30334027015,308553.75545505073,Margined,6.99845563908385,0.08,Corporate,A,45536506.54289452
T0002558,CP0029,JPM_EMEA_DE,Equity Option,Equity,3829551.8724126965,-58067.38787984407,65408.740964278375,Margined,2.3811790955392436,0.08,Corporate,AAA,77058489.83965607
T0002559,CP0025,JPM_EMEA_DE,FX Forward,FX,24104270.08548961,-753623.1006884358,164881.5127660557,Margined,0.6364259365479451,0.04,Sovereign,A,81553622.137404
T0002560,CP0054,JPM_EMEA_CH,Equity Option,Equity,7756318.0463101845,-60615.99476592472,125292.69917242216,Margined,3.6933193946540177,0.08,Asset Manager,A,141685664.10636523
T0002561,CP0028,JPM_EMEA_UK,Securities Financing,SFT,2654009.1059436444,-181626.42733603856,0.0,Unmargined,2.2866888806783505,0.03,Sovereign,A,87687412.32129991
T0002562,CP0060,JPM_EMEA_CH,Interest Rate Swap,Interest Rate,5083261.370584863,-73877.86591204445,0.0,Unmargined,6.150547778584793,0.005,Sovereign,BB,117319042.5294034
T0002563,CP0035,JPM_EMEA_DE,FX Forward,FX,2807306.6937720296,-25834.109407781136,39997.99387352379,Margined,1.5115723155139749,0.04,CCP,AAA,34114846.34760766
T0002564,CP0063,JPM_EMEA_FR,Interest Rate Swap,Interest Rate,9446935.957334924,-355247.09271980415,142076.11916085132,Margined,5.996858415206407,0.005,Asset Manager,AA,87451586.85023838
T0002565,CP0007,JPM_EMEA_UK,Securities Financing,SFT,1055586.6173799876,27629.53828645398,486.6810794894427,Margined,4.661862223390589,0.03,Bank,A,62881957.60326209
T0002566,CP0059,JPM_EMEA_CH,FX Forward,FX,1755227.3357147384,-13439.459896126944,21924.21634571247,Margined,1.3565267433932493,0.04,Sovereign,AA,135918044.6131388
T0002567,CP0027,JPM_EMEA_FR,Equity Option,Equity,6309044.75801001,-140393.96836048563,0.0,Unmargined,2.866467768022858,0.08,Asset Manager,A,63103969.654531784
T0002568,CP0034,JPM_EMEA_CH,Commodity Future,Commodity,13626968.536326645,-155166.03539424326,51868.22620682711,Margined,3.472406014556308,0.15,Corporate,AA,92024698.66007642
T0002569,CP0075,JPM_EMEA_CH,Securities Financing,SFT,442340.985013652,5497.7506336284305,4524.258334793987,Margined,3.67650344635022,0.03,Sovereign,AA,39926961.16118422
T0002570,CP0039,JPM_EMEA_CH,Interest Rate Swap,Interest Rate,15811943.577759458,40521.9377009777,244864.06734769154,Margined,2.809809632087779,0.005,Hedge Fund,A,114509299.85729474
T0002571,CP0006,JPM_EMEA_DE,Commodity Future,Commodity,3476963.0732953227,-85304.25738031554,0.0,Unmargined,4.1131632898907835,0.15,CCP,BBB,84218806.50178745
T0002572,CP0037,JPM_EMEA_DE,Securities Financing,SFT,607999.8760888204,2673.9053826351937,427.54701300061333,Margined,5.031352145316328,0.03,CCP,AA,56560391.89907108
T0002573,CP0020,JPM_EMEA_UK,Interest Rate Swap,Interest Rate,198804.47384359443,-352.6112478168042,1951.1198559716822,Margined,3.5679774332235192,0.005,Asset Manager,AA,30754899.989917014
T0002574,CP0038,JPM_EMEA_FR,Commodity Future,Commodity,866674.5871281712,-34564.063980068684,7155.093519082997,Margined,4.236910092918108,0.15,Sovereign,BBB,105724942.50994723
T0002575,CP0018,JPM_EMEA_CH,FX Forward,FX,3921952.0636492586,-39602.55523256541,0.0,Unmargined,6.024187549767842,0.04,Bank,A,82699446.80257703
T0002576,CP0052,JPM_EMEA_FR,Equity Option,Equity,3744905.2764480873,75934.84310116225,47501.35405614941,Margined,3.509375073927962,0.08,Hedge Fund,BBB,86957426.80012289
T0002577,CP0019,JPM_EMEA_FR,FX Forward,FX,7534517.502310666,150877.50065261338,65603.76346243682,Margined,2.9432796168911524,0.04,CCP,AA,121755579.54253721
T0002578,CP0038,JPM_EMEA_DE,Interest Rate Swap,Interest Rate,2308983.0362700997,-18584.430986331517,0.0,Unmargined,1.7718686889151187,0.005,Sovereign,BBB,105724942.50994723
T0002579,CP0077,JPM_EMEA_FR,Interest Rate Swap,Interest Rate,1320821.3985200971,31286.359625134897,16560.169043631784,Margined,0.9629860380098698,0.005,Hedge Fund,BBB,97919762.89770965
T0002580,CP0052,JPM_EMEA_DE,Interest Rate Swap,Interest Rate,2646420.503359192,-90768.10118598775,52144.57746954823,Margined,2.081186657594599,0.005,Hedge Fund,BBB,86957426.80012289
T0002581,CP0057,JPM_EMEA_CH,Interest Rate Swap,Interest Rate,4136725.976480104,-137399.59245663104,58861.987624856825,Margined,2.87283732937274,0.005,Corporate,A,76562617.80039492
T0002582,CP0062,JPM_EMEA_FR,Equity Option,Equity,5038292.102360938,-44306.35640345385,0.0,Unmargined,5.361590963021917,0.08,Sovereign,BBB,136148063.1607222
T0002583,CP0074,JPM_EMEA_FR,FX Forward,FX,1816896.2021764647,95232.27788076799,38273.87751250527,Margined,1.5611300799983792,0.04,Bank,A,128044647.3762378
T0002584,CP0071,JPM_EMEA_FR,Interest Rate Swap,Interest Rate,9852655.979790151,56296.17400477424,0.0,Unmargined,4.929915193147942,0.005,Sovereign,A,141785709.5693913
T0002585,CP0069,JPM_EMEA_FR,Equity Option,Equity,2148774.306111881,-20709.4641807027,0.0,Unmargined,0.5992856096942697,0.08,Bank,AA,117082649.47537337
T0002586,CP0028,JPM_EMEA_DE,Equity Option,Equity,1676279.9098993884,90594.2628337215,0.0,Unmargined,1.1508190667928373,0.08,Sovereign,A,87687412.32129991
T0002587,CP0050,JPM_EMEA_DE,FX Forward,FX,2325425.0781771946,-23353.884159033063,6452.723256610021,Margined,2.317983431912859,0.04,Sovereign,A,143876921.35906684
T0002588,CP0066,JPM_EMEA_DE,Securities Financing,SFT,11718098.615586404,916538.8558916077,201310.02315405218,Margined,3.3152626468989648,0.03,Hedge Fund,BBB,106015964.21180893
T0002589,CP0045,JPM_EMEA_CH,FX Forward,FX,3502573.2343637184,-62678.23043915651,76168.93448705497,Margined,1.307452428678322,0.04,Bank,AAA,92130821.02089284
T0002590,CP0011,JPM_EMEA_UK,Commodity Future,Commodity,1997269.2209676048,-70724.31278158019,46321.10432550697,Margined,0.8286150238379463,0.15,Corporate,AA,42177085.909795195
T0002591,CP0041,JPM_EMEA_FR,Interest Rate Swap,Interest Rate,10098653.635729767,-58801.11867647771,58918.06488340774,Margined,3.982486969709013,0.005,Bank,BBB,34006322.97426655
T0002592,CP0018,JPM_EMEA_CH,Commodity Future,Commodity,34091323.22626297,-297206.4216369341,588383.6543798603,Margined,2.9133161289809295,0.15,Bank,A,82699446.80257703
T0002593,CP0056,JPM_EMEA_UK,Securities Financing,SFT,4933146.379955077,-139461.0307070703,62165.65838043441,Margined,2.940451689812363,0.03,Bank,A,25838380.52100277
T0002594,CP0069,JPM_EMEA_FR,Commodity Future,Commodity,13737603.062622668,1251071.047274095,367844.67926198326,Margined,2.1902294916264107,0.15,Bank,AA,117082649.47537337
T0002595,CP0057,JPM_EMEA_FR,Equity Option,Equity,11272569.66856662,125710.90643443308,10164.10412995625,Margined,2.630170360757813,0.08,Corporate,A,76562617.80039492
T0002596,CP0045,JPM_EMEA_DE,Equity Option,Equity,2182900.7453805325,35469.3759143603,12760.546538954783,Margined,1.3293184448640187,0.08,Bank,AAA,92130821.02089284
T0002597,CP0048,JPM_EMEA_UK,FX Forward,FX,4107968.1611918476,-66408.48632995838,0.0,Margined,1.9305576579033612,0.04,CCP,A,125072691.36835924
T0002598,CP0044,JPM_EMEA_FR,Equity Option,Equity,1109322.7915274773,-22428.76350628997,14595.28264418475,Margined,3.8187967761381545,0.08,Asset Manager,AA,24863632.30290337
T0002599,CP0036,JPM_EMEA_FR,Commodity Future,Commodity,3258777.4012907227,116972.32376612001,98124.14089251144,Margined,3.679928356949398,0.15,Bank,AA,107391212.09517552
T0002600,CP0019,JPM_EMEA_CH,Securities Financing,SFT,2138498.5956674865,-125432.48470354403,0.0,Unmargined,6.346195532369196,0.03,CCP,AA,121755579.54253721
T0002601,CP0055,JPM_EMEA_UK,FX Forward,FX,2673553.279476181,-106942.81707289274,34243.583119882926,Margined,5.83615243478167,0.04,Asset Manager,A,41399016.28566236
T0002602,CP0028,JPM_EMEA_CH,Interest Rate Swap,Interest Rate,1889664.5560339452,-16356.554110831137,30994.108290026237,Margined,0.0993549323456011,0.005,Sovereign,A,87687412.32129991
T0002603,CP0013,JPM_EMEA_FR,Equity Option,Equity,3001756.3066702653,141943.0169604183,0.0,Unmargined,1.6468592062856444,0.08,Sovereign,BBB,95537948.16105135
T0002604,CP0065,JPM_EMEA_DE,Interest Rate Swap,Interest Rate,6810918.916383263,-89278.16574965359,101674.81529801419,Margined,6.219481583282636,0.005,Asset Manager,BBB,120361616.17442845
T0002605,CP0045,JPM_EMEA_DE,Interest Rate Swap,Interest Rate,3549484.7449298897,51699.32614432522,53731.011635659175,Margined,2.2375349394596378,0.005,Bank,AAA,92130821.02089284
T0002606,CP0042,JPM_EMEA_CH,FX Forward,FX,619973.3184447864,601.6864481714341,0.0,Unmargined,3.3700542658670005,0.04,Sovereign,A,139081539.86788905
T0002607,CP0042,JPM_EMEA_FR,Commodity Future,Commodity,1896810.509159121,86056.48030855617,21334.61578335531,Margined,4.741145236193783,0.15,Sovereign,A,139081539.86788905
T0002608,CP0007,JPM_EMEA_FR,Interest Rate Swap,Interest Rate,875373.18059456,-48552.84100850596,15700.223652331495,Margined,3.8263321650285747,0.005,Bank,A,62881957.60326209
T0002609,CP0043,JPM_EMEA_FR,Interest Rate Swap,Interest Rate,5105684.807578545,131515.8651864476,0.0,Unmargined,0.0838323967638843,0.005,Sovereign,BBB,49927818.8163345
T0002610,CP0044,JPM_EMEA_DE,Interest Rate Swap,Interest Rate,6616799.045715364,-46062.59869801187,0.0,Unmargined,1.485616084931498,0.005,Asset Manager,AA,24863632.30290337
T0002611,CP0041,JPM_EMEA_DE,Securities Financing,SFT,5169844.356668599,167352.75656771832,75911.3503350643,Margined,0.7480557302037696,0.03,Bank,BBB,34006322.97426655
T0002612,CP0001,JPM_EMEA_CH,Equity Option,Equity,1820097.3120533281,-52191.06056943008,27021.684678263842,Margined,1.2151345385937982,0.08,Bank,A,95932735.95865563
T0002613,CP0061,JPM_EMEA_DE,Interest Rate Swap,Interest Rate,5119968.518239201,4371.211241632984,92167.00536093759,Margined,1.074212415313422,0.005,CCP,BBB,135803023.8142082
T0002614,CP0050,JPM_EMEA_UK,Interest Rate Swap,Interest Rate,2499723.448989371,-8968.345013152377,0.0,Unmargined,4.378312775335205,0.005,Sovereign,A,143876921.35906684
T0002615,CP0061,JPM_EMEA_DE,Equity Option,Equity,1281548.2423958394,-44963.429573507194,8860.326695719643,Margined,2.87562419808849,0.08,CCP,BBB,135803023.8142082
T0002616,CP0041,JPM_EMEA_UK,Interest Rate Swap,Interest Rate,8399937.630059792,-376438.63073150034,92412.89779542128,Margined,0.5125314117795731,0.005,Bank,BBB,34006322.97426655
T0002617,CP0027,JPM_EMEA_FR,Equity Option,Equity,9064105.06250206,-184131.83471890987,16314.105667560085,Margined,0.6219184590328952,0.08,Asset Manager,A,63103969.654531784
T0002618,CP0067,JPM_EMEA_FR,FX Forward,FX,10331421.082951402,46983.062190071556,0.0,Unmargined,6.65497698348372,0.04,CCP,A,68575504.7535823
T0002619,CP0029,JPM_EMEA_CH,Securities Financing,SFT,2176995.5999282915,-57672.81036449859,44394.72301275648,Margined,1.125595691422008,0.03,Corporate,AAA,77058489.83965607
T0002620,CP0037,JPM_EMEA_FR,Interest Rate Swap,Interest Rate,13009198.365262218,-150289.73597952176,0.0,Unmargined,1.8141887303969522,0.005,CCP,AA,56560391.89907108
T0002621,CP0002,JPM_EMEA_DE,Equity Option,Equity,2441742.9542095973,-161162.13411820753,37801.095197974166,Margined,4.041349737188505,0.08,Sovereign,BBB,104480058.20212659
T0002622,CP0014,JPM_EMEA_FR,Interest Rate Swap,Interest Rate,7689038.034565751,-99747.94676378602,53569.155779434535,Margined,1.3503856135066648,0.005,Sovereign,BBB,65093074.58952882
T0002623,CP0010,JPM_EMEA_FR,Securities Financing,SFT,2399791.1178888306,85973.79500361066,9280.942531859546,Margined,1.4228292774601752,0.03,Bank,AA,96393794.38310257
T0002624,CP0034,JPM_EMEA_FR,Securities Financing,SFT,3197317.565137823,78913.9904984817,90946.06223306042,Margined,0.5544842271694125,0.03,Corporate,AA,92024698.66007642
T0002625,CP0021,JPM_EMEA_CH,Commodity Future,Commodity,355267.7685344314,-1080.8196911513282,1414.7241841402897,Margined,6.866706970387556,0.15,Corporate,BBB,83265583.00896084
T0002626,CP0027,JPM_EMEA_UK,FX Forward,FX,2957608.926235682,25222.031604123804,5221.4972373693345,Margined,4.262051189443667,0.04,Asset Manager,A,63103969.654531784
T0002627,CP0062,JPM_EMEA_FR,Interest Rate Swap,Interest Rate,4381470.190089229,-127014.93815245594,60103.795173478946,Margined,3.7317205769976374,0.005,Sovereign,BBB,136148063.1607222
T0002628,CP0055,JPM_EMEA_CH,Commodity Future,Commodity,2654469.2895091893,150920.79091207185,37555.88761929193,Margined,6.226260514000792,0.15,Asset Manager,A,41399016.28566236
T0002629,CP0064,JPM_EMEA_DE,Commodity Future,Commodity,23161291.81977174,1676221.778957293,0.0,Unmargined,4.181254894376301,0.15,CCP,BB,61070776.73800309
T0002630,CP0066,JPM_EMEA_DE,Interest Rate Swap,Interest Rate,1250856.1986971574,7215.973105611846,35036.262510282,Margined,1.8784286856818855,0.005,Hedge Fund,BBB,106015964.21180893
T0002631,CP0020,JPM_EMEA_DE,FX Forward,FX,2276668.349354755,206434.6356129002,13165.885363508864,Margined,3.332195198994538,0.04,Asset Manager,AA,30754899.989917014
T0002632,CP0050,JPM_EMEA_DE,FX Forward,FX,1618373.6919284835,-38527.62395322132,11931.468614987727,Margined,3.3691718117082003,0.04,Sovereign,A,143876921.35906684
T0002633,CP0070,JPM_EMEA_CH,Commodity Future,Commodity,2276222.753597932,-99670.72614796362,56610.670475841616,Margined,2.8166531357999247,0.15,Asset Manager,BBB,54119867.06997241
T0002634,CP0025,JPM_EMEA_DE,Equity Option,Equity,11220106.859407876,-278671.9022818564,218937.83433836972,Margined,5.287731909480329,0.08,Sovereign,A,81553622.137404
T0002635,CP0031,JPM_EMEA_DE,Equity Option,Equity,17537231.853995457,-134723.80839102622,0.0,Unmargined,0.8122954390068445,0.08,Asset Manager,AA,127417950.14526652
T0002636,CP0043,JPM_EMEA_FR,Equity Option,Equity,1984767.4432065634,160612.0046074083,14451.19185760154,Margined,1.1565426791167914,0.08,Sovereign,BBB,49927818.8163345
T0002637,CP0064,JPM_EMEA_DE,Interest Rate Swap,Interest Rate,1941162.1078503074,-19102.140553884692,40778.197703317914,Margined,2.636764054072544,0.005,CCP,BB,61070776.73800309
T0002638,CP0012,JPM_EMEA_FR,FX Forward,FX,1257550.4135998017,-37837.11830308098,0.0,Unmargined,0.5446523825201242,0.04,CCP,AAA,140265615.38898364
T0002639,CP0038,JPM_EMEA_FR,Interest Rate Swap,Interest Rate,14769728.989172895,-464449.7852358031,0.0,Unmargined,6.912399013283061,0.005,Sovereign,BBB,105724942.50994723
T0002640,CP0020,JPM_EMEA_UK,Commodity Future,Commodity,12271736.442133553,489651.7814019855,0.0,Unmargined,3.495771096783161,0.15,Asset Manager,AA,30754899.989917014
T0002641,CP0058,JPM_EMEA_UK,FX Forward,FX,3597764.071054274,125581.97393230523,46244.09230961101,Margined,0.3982378769512593,0.04,Bank,AA,149008823.32725883
T0002642,CP0020,JPM_EMEA_UK,FX Forward,FX,990243.0754962243,-16825.94943193949,24942.138716889705,Margined,4.27487855318352,0.04,Asset Manager,AA,30754899.989917014
T0002643,CP0029,JPM_EMEA_FR,Interest Rate Swap,Interest Rate,1082888.2701031195,-71094.2615790995,3517.50046391266,Margined,5.478676813004233,0.005,Corporate,AAA,77058489.83965607
T0002644,CP0028,JPM_EMEA_CH,Interest Rate Swap,Interest Rate,4744204.707110683,-187399.75825285824,26575.17245773258,Margined,2.8836279394454647,0.005,Sovereign,A,87687412.32129991
T0002645,CP0006,JPM_EMEA_CH,Equity Option,Equity,6928423.371281355,417392.7110992044,48343.63194584871,Margined,3.3896988722200496,0.08,CCP,BBB,84218806.50178745
T0002646,CP0054,JPM_EMEA_FR,Interest Rate Swap,Interest Rate,506692.7656925648,12215.489021862564,0.0,Unmargined,4.919170017753915,0.005,Asset Manager,A,141685664.10636523
T0002647,CP0021,JPM_EMEA_CH,Interest Rate Swap,Interest Rate,2900793.8780524293,6646.148511394791,34444.33546526095,Margined,1.6750336280629814,0.005,Corporate,BBB,83265583.00896084
T0002648,CP0040,JPM_EMEA_CH,Commodity Future,Commodity,20177946.50195967,1319822.5526125354,0.0,Unmargined,4.203764014648093,0.15,Corporate,BBB,119924173.94929542
T0002649,CP0056,JPM_EMEA_FR,FX Forward,FX,3218080.7918628436,220571.82569572833,0.0,Unmargined,4.435070014835709,0.04,Bank,A,25838380.52100277
T0002650,CP0063,JPM_EMEA_DE,FX Forward,FX,17741959.935275856,-22317.364233049255,221539.03506692572,Margined,5.642273465945266,0.04,Asset Manager,AA,87451586.85023838
T0002651,CP0074,JPM_EMEA_CH,FX Forward,FX,7654858.085009658,-4707.826661078899,108821.06295782552,Margined,6.242947899939922,0.04,Bank,A,128044647.3762378
T0002652,CP0011,JPM_EMEA_FR,Commodity Future,Commodity,1352581.1910453765,-27554.288808730686,0.0,Unmargined,6.589172589250078,0.15,Corporate,AA,42177085.909795195
T0002653,CP0051,JPM_EMEA_CH,FX Forward,FX,2985069.613768283,-29734.62189076525,0.0,Margined,0.9279684209047865,0.04,Sovereign,AA,57819318.95821542
T0002654,CP0027,JPM_EMEA_UK,Commodity Future,Commodity,3516971.0519852466,-182957.66698060947,0.0,Unmargined,5.7230596831573255,0.15,Asset Manager,A,63103969.654531784
T0002655,CP0062,JPM_EMEA_CH,Securities Financing,SFT,1543083.6631808649,-80492.68041209338,8315.209468496549,Margined,4.744243888142958,0.03,Sovereign,BBB,136148063.1607222
T0002656,CP0032,JPM_EMEA_DE,Equity Option,Equity,1516532.286875052,-91436.372788861,12817.60506286383,Margined,2.6265605034388675,0.08,Hedge Fund,A,136500900.33916968
T0002657,CP0002,JPM_EMEA_CH,FX Forward,FX,18048506.75746507,684973.2328864266,265736.8747235566,Margined,6.4635376522447805,0.04,Sovereign,BBB,104480058.20212659
T0002658,CP0069,JPM_EMEA_DE,Commodity Future,Commodity,1505211.9839831828,-82258.446821109,17154.529760008823,Margined,6.027813257399978,0.15,Bank,AA,117082649.47537337
T0002659,CP0061,JPM_EMEA_CH,FX Forward,FX,11760311.586010883,802625.7474815443,0.0,Unmargined,5.4317940337954775,0.04,CCP,BBB,135803023.8142082
T0002660,CP0027,JPM_EMEA_FR,FX Forward,FX,2585218.118045436,-66086.51550719823,33955.8662520506,Margined,0.44951605289758056,0.04,Asset Manager,A,63103969.654531784
T0002661,CP0067,JPM_EMEA_UK,FX Forward,FX,3898746.2661565975,237072.02617265744,37760.68980299881,Margined,1.2801974630966064,0.04,CCP,A,68575504.7535823
T0002662,CP0033,JPM_EMEA_UK,FX Forward,FX,7015617.8088188525,-89637.86121477904,169988.87801345464,Margined,6.432387839974348,0.04,Bank,BBB,38232381.569819406
T0002663,CP0034,JPM_EMEA_UK,Interest Rate Swap,Interest Rate,2198412.8940260434,-120509.38170756066,0.0,Unmargined,6.876543132570851,0.005,Corporate,AA,92024698.66007642
T0002664,CP0024,JPM_EMEA_DE,FX Forward,FX,7058260.793410424,317143.61922680994,101758.51248904328,Margined,1.977262756792086,0.04,CCP,BBB,94324646.8088898
T0002665,CP0040,JPM_EMEA_UK,Interest Rate Swap,Interest Rate,516781.38937756314,25356.032336913173,0.0,Unmargined,1.9778396809375023,0.005,Corporate,BBB,119924173.94929542
T0002666,CP0080,JPM_EMEA_FR,FX Forward,FX,6209011.779426527,-196898.84666966705,39472.94832433612,Margined,4.291619035321308,0.04,Sovereign,A,60342077.47701232
T0002667,CP0005,JPM_EMEA_FR,Equity Option,Equity,338837.1185057244,-3933.1634425920365,0.0,Unmargined,0.5794627206433396,0.08,Asset Manager,BBB,25409842.60204602
T0002668,CP0048,JPM_EMEA_FR,Securities Financing,SFT,3188171.753323597,-101074.15567266522,0.0,Unmargined,4.187442516154125,0.03,CCP,A,125072691.36835924
T0002669,CP0014,JPM_EMEA_CH,Interest Rate Swap,Interest Rate,9398380.116918426,-39646.44910622651,0.0,Unmargined,6.782389177028749,0.005,Sovereign,BBB,65093074.58952882
T0002670,CP0010,JPM_EMEA_CH,Equity Option,Equity,7452799.004830527,28127.01369586243,72356.16818404947,Margined,2.113822452357168,0.08,Bank,AA,96393794.38310257
T0002671,CP0005,JPM_EMEA_CH,FX Forward,FX,1091861.3300854687,-13428.155100334547,0.0,Unmargined,5.212078059372678,0.04,Asset Manager,BBB,25409842.60204602
T0002672,CP0022,JPM_EMEA_FR,Interest Rate Swap,Interest Rate,1241884.476414736,-79059.85458770832,10389.53840518634,Margined,3.6980601615499804,0.005,Asset Manager,A,83791909.26608771
T0002673,CP0059,JPM_EMEA_CH,Interest Rate Swap,Interest Rate,2008970.3372625832,-40843.925974084115,0.0,Unmargined,2.0468137543079012,0.005,Sovereign,AA,135918044.6131388
T0002674,CP0059,JPM_EMEA_CH,Interest Rate Swap,Interest Rate,4818729.111479714,118652.32212435264,0.0,Unmargined,2.916727295597862,0.005,Sovereign,AA,135918044.6131388
T0002675,CP0064,JPM_EMEA_CH,Interest Rate Swap,Interest Rate,524327.4795346798,-3833.611972584246,1238.6595154399274,Margined,3.880019472486881,0.005,CCP,BB,61070776.73800309
T0002676,CP0012,JPM_EMEA_DE,Interest Rate Swap,Interest Rate,3947453.886062545,-45239.4872203125,0.0,Unmargined,5.343056359230287,0.005,CCP,AAA,140265615.38898364
T0002677,CP0009,JPM_EMEA_FR,FX Forward,FX,5461501.40698359,-177920.30935954966,0.0,Unmargined,3.8085252109843286,0.04,Hedge Fund,BBB,33442385.803931713
T0002678,CP0079,JPM_EMEA_CH,FX Forward,FX,3013967.087434134,-64353.61619420112,0.0,Unmargined,6.479724988195152,0.04,Corporate,A,45536506.54289452
T0002679,CP0074,JPM_EMEA_DE,Interest Rate Swap,Interest Rate,6764006.074998746,333554.6743297426,109988.54412534658,Margined,0.8627935183158595,0.005,Bank,A,128044647.3762378
T0002680,CP0057,JPM_EMEA_FR,Interest Rate Swap,Interest Rate,5002903.877984356,-199576.8620332773,0.0,Unmargined,6.705998850501745,0.005,Corporate,A,76562617.80039492
T0002681,CP0068,JPM_EMEA_FR,Interest Rate Swap,Interest Rate,2327140.13011085,58710.972425244,7428.113290518009,Margined,3.877027329640736,0.005,Asset Manager,AA,32280666.847996987
T0002682,CP0065,JPM_EMEA_UK,FX Forward,FX,577010.3937875835,950.2973040156534,0.0,Unmargined,2.7731159742553078,0.04,Asset Manager,BBB,120361616.17442845
T0002683,CP0047,JPM_EMEA_UK,FX Forward,FX,4570887.752890404,39165.07216435084,78818.24983762264,Margined,0.5785548964145708,0.04,Asset Manager,BBB,127872666.6072137
T0002684,CP0039,JPM_EMEA_FR,FX Forward,FX,1542213.9222319936,-39530.75184151765,25953.24351664883,Margined,2.108925115764828,0.04,Hedge Fund,A,114509299.85729474
T0002685,CP0079,JPM_EMEA_CH,Interest Rate Swap,Interest Rate,2243308.3904539603,-27620.079088948034,31262.950576071,Margined,3.0936449285335055,0.005,Corporate,A,45536506.54289452
T0002686,CP0055,JPM_EMEA_FR,Interest Rate Swap,Interest Rate,6458638.771360314,-1293.0602103219826,57274.35405141648,Margined,6.562613643963358,0.005,Asset Manager,A,41399016.28566236
T0002687,CP0071,JPM_EMEA_FR,Securities Financing,SFT,16504412.089977095,-300765.57509416935,172909.26103194346,Margined,5.30715606011768,0.03,Sovereign,A,141785709.5693913
T0002688,CP0017,JPM_EMEA_UK,Interest Rate Swap,Interest Rate,3850620.2440620516,44667.67092673259,0.0,Unmargined,0.4603623520844587,0.005,Corporate,A,144612697.7213879
T0002689,CP0018,JPM_EMEA_UK,Interest Rate Swap,Interest Rate,6961250.986019505,111452.17307106823,0.0,Unmargined,2.3288594824714735,0.005,Bank,A,82699446.80257703
T0002690,CP0051,JPM_EMEA_FR,Interest Rate Swap,Interest Rate,943475.40718211,71746.33432424754,11784.032367999487,Margined,3.4654546034912452,0.005,Sovereign,AA,57819318.95821542
T0002691,CP0077,JPM_EMEA_FR,Securities Financing,SFT,5113161.706382289,49785.07118315646,0.0,Unmargined,5.958091946909451,0.03,Hedge Fund,BBB,97919762.89770965
T0002692,CP0050,JPM_EMEA_UK,Equity Option,Equity,3767412.4892408326,-252147.24020012532,47246.63173408665,Margined,5.446171041907468,0.08,Sovereign,A,143876921.35906684
T0002693,CP0036,JPM_EMEA_FR,Equity Option,Equity,13674351.730631277,556623.6193288261,357627.9651047407,Margined,1.5521571339442815,0.08,Bank,AA,107391212.09517552
T0002694,CP0002,JPM_EMEA_UK,Securities Financing,SFT,2329924.5500281467,-16625.112454235434,9234.662574191349,Margined,0.40069396799572565,0.03,Sovereign,BBB,104480058.20212659
T0002695,CP0013,JPM_EMEA_CH,Interest Rate Swap,Interest Rate,3141362.8799627353,221206.56783348857,21082.221151110214,Margined,0.9700089960517143,0.005,Sovereign,BBB,95537948.16105135
T0002696,CP0019,JPM_EMEA_UK,Securities Financing,SFT,11531804.516688209,593684.4635787746,150653.24664210074,Margined,3.5478632750299215,0.03,CCP,AA,121755579.54253721
T0002697,CP0017,JPM_EMEA_CH,Interest Rate Swap,Interest Rate,3648297.311394747,-64517.797313562805,50894.23812259554,Margined,0.6746493586952841,0.005,Corporate,A,144612697.7213879
T0002698,CP0057,JPM_EMEA_UK,Equity Option,Equity,1319764.062157703,33345.94726836719,0.0,Margined,1.7858164536854628,0.08,Corporate,A,76562617.80039492
T0002699,CP0055,JPM_EMEA_DE,FX Forward,FX,51312153.49798474,-1066699.1199255236,863151.7002361794,Margined,5.758366513698781,0.04,Asset Manager,A,41399016.28566236
T0002700,CP0031,JPM_EMEA_CH,FX Forward,FX,1360295.0133206157,128.1111213766799,0.0,Unmargined,2.8435740489394195,0.04,Asset Manager,AA,127417950.14526652
T0002701,CP0080,JPM_EMEA_CH,Securities Financing,SFT,3749394.197393357,88708.67391626594,0.0,Margined,6.97321813695869,0.03,Sovereign,A,60342077.47701232
T0002702,CP0032,JPM_EMEA_DE,Interest Rate Swap,Interest Rate,5657502.368342857,220388.04555859766,0.0,Unmargined,5.304080140014532,0.005,Hedge Fund,A,136500900.33916968
T0002703,CP0036,JPM_EMEA_UK,Securities Financing,SFT,5227388.748642007,163785.61071735356,0.0,Unmargined,1.8911819662581684,0.03,Bank,AA,107391212.09517552
T0002704,CP0043,JPM_EMEA_UK,FX Forward,FX,3308684.429676321,8684.095962399624,0.0,Unmargined,0.10261388169576396,0.04,Sovereign,BBB,49927818.8163345
T0002705,CP0046,JPM_EMEA_DE,Equity Option,Equity,3325213.859192433,289027.0449779925,4306.796116652404,Margined,3.7140919521513602,0.08,CCP,AA,68219896.90211704
T0002706,CP0016,JPM_EMEA_FR,Securities Financing,SFT,3162498.863961568,-40403.181733764846,48479.55615552953,Margined,4.955697641160812,0.03,Sovereign,BBB,22964503.233860675
T0002707,CP0025,JPM_EMEA_DE,Interest Rate Swap,Interest Rate,1310436.7813630833,-73714.71879830597,0.0,Unmargined,3.3142971682014557,0.005,Sovereign,A,81553622.137404
T0002708,CP0056,JPM_EMEA_CH,Securities Financing,SFT,34346962.112973,-1700671.8082831497,0.0,Unmargined,6.350207390341716,0.03,Bank,A,25838380.52100277
T0002709,CP0068,JPM_EMEA_CH,Equity Option,Equity,3210104.3468052847,165610.15175916135,0.0,Unmargined,5.387258943297436,0.08,Asset Manager,AA,32280666.847996987
T0002710,CP0034,JPM_EMEA_DE,Equity Option,Equity,7266141.108136291,-19493.982618513986,103795.1421551129,Margined,3.665870402999356,0.08,Corporate,AA,92024698.66007642
T0002711,CP0010,JPM_EMEA_CH,Interest Rate Swap,Interest Rate,2862345.8143247413,15934.714732723365,29891.161514647843,Margined,0.18152119944892675,0.005,Bank,AA,96393794.38310257
T0002712,CP0069,JPM_EMEA_DE,FX Forward,FX,2805356.677835516,-53269.05463008403,8954.417200001943,Margined,2.4008160183971303,0.04,Bank,AA,117082649.47537337
T0002713,CP0047,JPM_EMEA_UK,Equity Option,Equity,2536666.1980042406,-40192.42769468394,37616.19933523785,Margined,3.48613654964255,0.08,Asset Manager,BBB,127872666.6072137
T0002714,CP0035,JPM_EMEA_CH,FX Forward,FX,849122.8301498607,-23391.93727669773,0.0,Unmargined,1.7891286728133295,0.04,CCP,AAA,34114846.34760766
T0002715,CP0047,JPM_EMEA_FR,Interest Rate Swap,Interest Rate,3406458.610484556,56173.4510716779,22659.94030623323,Margined,5.871680853791225,0.005,Asset Manager,BBB,127872666.6072137
T0002716,CP0066,JPM_EMEA_DE,Interest Rate Swap,Interest Rate,2662556.381071043,-9074.783228930271,0.0,Margined,3.0000745447541486,0.005,Hedge Fund,BBB,106015964.21180893
T0002717,CP0001,JPM_EMEA_CH,Securities Financing,SFT,12907633.367858721,196521.147540661,0.0,Margined,1.4664134584029782,0.03,Bank,A,95932735.95865563
T0002718,CP0029,JPM_EMEA_CH,Interest Rate Swap,Interest Rate,1208759.0363465978,14360.472543739217,8067.885458299264,Margined,5.464740797742755,0.005,Corporate,AAA,77058489.83965607
T0002719,CP0076,JPM_EMEA_CH,Equity Option,Equity,2245991.751015918,-33478.20429354067,24157.824938495898,Margined,4.277572279348837,0.08,Asset Manager,BBB,43304880.06050608
T0002720,CP0025,JPM_EMEA_CH,Securities Financing,SFT,1628816.85326734,-83160.1759404635,12821.97377174857,Margined,1.4196952055607268,0.03,Sovereign,A,81553622.137404
T0002721,CP0078,JPM_EMEA_DE,Interest Rate Swap,Interest Rate,16925557.456622344,-915723.1957478757,110587.24693196174,Margined,3.7525850344245675,0.005,Hedge Fund,BBB,133693065.30887038
T0002722,CP0023,JPM_EMEA_FR,Interest Rate Swap,Interest Rate,1676797.8220404934,177627.89789603878,27739.59538629645,Margined,4.876922600140344,0.005,Hedge Fund,A,141917439.14674777
T0002723,CP0038,JPM_EMEA_UK,Equity Option,Equity,7018813.634672248,363125.83741450694,0.0,Unmargined,3.1666116113260827,0.08,Sovereign,BBB,105724942.50994723
T0002724,CP0006,JPM_EMEA_FR,Interest Rate Swap,Interest Rate,10553481.806492304,495025.73179726047,143493.0244357123,Margined,2.1515552145022454,0.005,CCP,BBB,84218806.50178745
T0002725,CP0059,JPM_EMEA_DE,Equity Option,Equity,3456205.9794617943,-81605.30280328076,64050.071452802425,Margined,4.843197330734283,0.08,Sovereign,AA,135918044.6131388
T0002726,CP0020,JPM_EMEA_CH,Equity Option,Equity,1009528.4697234897,336.0121440676192,0.0,Unmargined,4.826499294782328,0.08,Asset Manager,AA,30754899.989917014
T0002727,CP0068,JPM_EMEA_CH,Equity Option,Equity,1022387.4222212529,-29176.58322179134,3316.1403082550696,Margined,0.16771512849764986,0.08,Asset Manager,AA,32280666.847996987
T0002728,CP0011,JPM_EMEA_DE,FX Forward,FX,9450412.826694475,-433990.11116411636,73914.80308247125,Margined,1.6771708976519812,0.04,Corporate,AA,42177085.909795195
T0002729,CP0010,JPM_EMEA_DE,Equity Option,Equity,1133942.322841241,-23367.232466278296,8243.281966708564,Margined,4.541896588218509,0.08,Bank,AA,96393794.38310257
T0002730,CP0038,JPM_EMEA_UK,Equity Option,Equity,5919908.378549616,274781.2716779648,0.0,Unmargined,1.6078062499076278,0.08,Sovereign,BBB,105724942.50994723
T0002731,CP0007,JPM_EMEA_FR,Interest Rate Swap,Interest Rate,4484573.835050716,131963.4636056572,34241.74325151611,Margined,6.7404512194674755,0.005,Bank,A,62881957.60326209
T0002732,CP0027,JPM_EMEA_DE,Equity Option,Equity,5832389.886457583,-198019.43539135339,0.0,Unmargined,1.1813970097139337,0.08,Asset Manager,A,63103969.654531784
T0002733,CP0056,JPM_EMEA_CH,Securities Financing,SFT,6410127.547661779,-70630.38624461768,117990.11166988537,Margined,5.2501016258068125,0.03,Bank,A,25838380.52100277
T0002734,CP0041,JPM_EMEA_CH,Equity Option,Equity,1572432.1749924899,41228.08825049289,25475.71405562503,Margined,6.9883422568018805,0.08,Bank,BBB,34006322.97426655
T0002735,CP0045,JPM_EMEA_DE,FX Forward,FX,1507972.7243259067,-30135.325160948458,19683.48404575498,Margined,2.4587203443614336,0.04,Bank,AAA,92130821.02089284
T0002736,CP0008,JPM_EMEA_FR,FX Forward,FX,8176150.944734481,22774.820280694916,0.0,Unmargined,4.241735283749712,0.04,Sovereign,AA,38788144.55258609
T0002737,CP0055,JPM_EMEA_FR,Interest Rate Swap,Interest Rate,2131763.8818210047,29982.535577916045,7500.945566286235,Margined,0.7846981900704898,0.005,Asset Manager,A,41399016.28566236
T0002738,CP0008,JPM_EMEA_CH,Interest Rate Swap,Interest Rate,255673.4765407116,3498.270064658876,1094.6360822244171,Margined,4.371673261237584,0.005,Sovereign,AA,38788144.55258609
T0002739,CP0046,JPM_EMEA_CH,Interest Rate Swap,Interest Rate,7652632.13813112,68070.85136956163,0.0,Unmargined,6.91328332053873,0.005,CCP,AA,68219896.90211704
T0002740,CP0064,JPM_EMEA_DE,Securities Financing,SFT,1419114.4822629527,-32468.489421519283,17342.769858236923,Margined,6.81137122661456,0.03,CCP,BB,61070776.73800309
T0002741,CP0059,JPM_EMEA_DE,Interest Rate Swap,Interest Rate,6381672.683075067,-123064.88159830819,42314.15005660957,Margined,2.9118584183937046,0.005,Sovereign,AA,135918044.6131388
T0002742,CP0029,JPM_EMEA_FR,Commodity Future,Commodity,16104781.418846145,-639001.4072486471,264366.3808148833,Margined,5.753312163844029,0.15,Corporate,AAA,77058489.83965607
T0002743,CP0013,JPM_EMEA_DE,Interest Rate Swap,Interest Rate,4067614.9421404307,-222282.06201041688,34543.26118570946,Margined,5.7948679304764115,0.005,Sovereign,BBB,95537948.16105135
T0002744,CP0067,JPM_EMEA_UK,Interest Rate Swap,Interest Rate,10827185.99272612,-43484.20890489881,57381.87740764626,Margined,2.324503024914446,0.005,CCP,A,68575504.7535823
T0002745,CP0018,JPM_EMEA_DE,FX Forward,FX,4665019.627360695,133275.34930748938,0.0,Unmargined,5.76809607173305,0.04,Bank,A,82699446.80257703
T0002746,CP0040,JPM_EMEA_DE,FX Forward,FX,19564636.751729954,-945165.3279750542,285103.6125905585,Margined,1.1787118395863219,0.04,Corporate,BBB,119924173.94929542
T0002747,CP0019,JPM_EMEA_FR,Commodity Future,Commodity,1382906.235336339,13212.374048279838,18871.863092991178,Margined,6.8532104158136065,0.15,CCP,AA,121755579.54253721
T0002748,CP0003,JPM_EMEA_FR,Securities Financing,SFT,3967274.6813014224,108949.66414551648,95746.10453801666,Margined,6.055981990684871,0.03,Corporate,BBB,30977761.748185582
T0002749,CP0034,JPM_EMEA_UK,Securities Financing,SFT,7841702.49813104,-504109.1924178796,75902.08141952482,Margined,3.598623053594469,0.03,Corporate,AA,92024698.66007642
T0002750,CP0045,JPM_EMEA_UK,Interest Rate Swap,Interest Rate,3306474.7912649238,-31313.435530759813,31553.042218369374,Margined,2.7279882957153587,0.005,Bank,AAA,92130821.02089284
T0002751,CP0061,JPM_EMEA_UK,Commodity Future,Commodity,12660834.841300542,729483.8411723704,297745.716991604,Margined,6.624342995228809,0.15,CCP,BBB,135803023.8142082
T0002752,CP0059,JPM_EMEA_CH,Interest Rate Swap,Interest Rate,2596734.8310858817,50163.55629304467,51636.52484704678,Margined,0.5443265719410453,0.005,Sovereign,AA,135918044.6131388
T0002753,CP0067,JPM_EMEA_DE,Securities Financing,SFT,31679364.68939527,-2073921.2956360783,416874.66593494,Margined,3.513807500404558,0.03,CCP,A,68575504.7535823
T0002754,CP0066,JPM_EMEA_FR,FX Forward,FX,33397861.313152418,769549.5521909402,0.0,Margined,3.4342809580762794,0.04,Hedge Fund,BBB,106015964.21180893
T0002755,CP0033,JPM_EMEA_FR,FX Forward,FX,5303496.697956024,-138796.68666955578,29196.607119000844,Margined,2.7002066500859505,0.04,Bank,BBB,38232381.569819406
T0002756,CP0028,JPM_EMEA_DE,Interest Rate Swap,Interest Rate,6951069.561480724,168186.2895792962,24796.144649472,Margined,0.8327616760644846,0.005,Sovereign,A,87687412.32129991
T0002757,CP0049,JPM_EMEA_CH,Interest Rate Swap,Interest Rate,13170319.784511918,-318100.91402575886,0.0,Unmargined,1.7971001520052932,0.005,Sovereign,AA,61228056.066952996
T0002758,CP0039,JPM_EMEA_UK,Interest Rate Swap,Interest Rate,1220300.283105809,-2265.042742539991,9680.972949354757,Margined,6.882671796950146,0.005,Hedge Fund,A,114509299.85729474
T0002759,CP0024,JPM_EMEA_FR,Securities Financing,SFT,1077123.8065077139,-20265.00395623267,26737.701835277665,Margined,5.665262150248746,0.03,CCP,BBB,94324646.8088898
T0002760,CP0003,JPM_EMEA_DE,Commodity Future,Commodity,14051276.910750084,1552.9512812139924,0.0,Unmargined,5.876067941502693,0.15,Corporate,BBB,30977761.748185582
T0002761,CP0039,JPM_EMEA_CH,Securities Financing,SFT,5260798.566712175,-104452.13540423494,14252.988254943513,Margined,3.591244586431004,0.03,Hedge Fund,A,114509299.85729474
T0002762,CP0038,JPM_EMEA_UK,Interest Rate Swap,Interest Rate,3189260.638411212,-24952.26002392738,0.0,Unmargined,4.649686745928278,0.005,Sovereign,BBB,105724942.50994723
T0002763,CP0076,JPM_EMEA_CH,Equity Option,Equity,4044741.587324094,-166425.64635832398,65409.4916527782,Margined,3.5597912186052962,0.08,Asset Manager,BBB,43304880.06050608
T0002764,CP0066,JPM_EMEA_CH,Interest Rate Swap,Interest Rate,367972.4855100496,6319.223080234462,0.0,Margined,4.7576478632071515,0.005,Hedge Fund,BBB,106015964.21180893
T0002765,CP0022,JPM_EMEA_FR,FX Forward,FX,3305977.0143348793,20282.110475539845,0.0,Margined,6.051105549092804,0.04,Asset Manager,A,83791909.26608771
T0002766,CP0009,JPM_EMEA_DE,FX Forward,FX,1883718.2609035433,-106578.19114943335,18632.178407557803,Margined,1.7360331897130503,0.04,Hedge Fund,BBB,33442385.803931713
T0002767,CP0064,JPM_EMEA_FR,Interest Rate Swap,Interest Rate,10017824.884882389,348140.28295148123,0.0,Unmargined,6.658708235651934,0.005,CCP,BB,61070776.73800309
T0002768,CP0039,JPM_EMEA_UK,Equity Option,Equity,10819230.358419903,-66755.5015721241,293223.7233312554,Margined,6.399602126312086,0.08,Hedge Fund,A,114509299.85729474
T0002769,CP0004,JPM_EMEA_UK,Interest Rate Swap,Interest Rate,7120476.129079676,40313.884834318356,0.0,Unmargined,2.9640744947995654,0.005,Asset Manager,A,74054962.28217925
T0002770,CP0061,JPM_EMEA_FR,FX Forward,FX,5940260.632391986,158959.34604867682,0.0,Unmargined,6.838858799825269,0.04,CCP,BBB,135803023.8142082
T0002771,CP0028,JPM_EMEA_DE,Equity Option,Equity,894891.86646353,10280.945952119513,4747.467521435403,Margined,6.183542828454658,0.08,Sovereign,A,87687412.32129991
T0002772,CP0014,JPM_EMEA_DE,Interest Rate Swap,Interest Rate,7220595.5894550765,294471.12753806636,123224.16577932061,Margined,0.3285378923331407,0.005,Sovereign,BBB,65093074.58952882
T0002773,CP0053,JPM_EMEA_DE,Securities Financing,SFT,7505921.982519376,-77050.8657623633,0.0,Unmargined,0.342693459952707,0.03,Asset Manager,A,53275461.77378836
T0002774,CP0063,JPM_EMEA_FR,FX Forward,FX,13894415.751073673,503047.7185078258,0.0,Unmargined,4.965627825302134,0.04,Asset Manager,AA,87451586.85023838
T0002775,CP0063,JPM_EMEA_FR,Commodity Future,Commodity,33264946.122593872,143117.82759753405,391461.72293108935,Margined,5.4965201794390035,0.15,Asset Manager,AA,87451586.85023838
T0002776,CP0022,JPM_EMEA_FR,Equity Option,Equity,736190.5366408661,13080.02231215476,0.0,Unmargined,1.7783740919916937,0.08,Asset Manager,A,83791909.26608771
T0002777,CP0048,JPM_EMEA_CH,Equity Option,Equity,2712355.7439587526,38317.50668437004,32726.13446128901,Margined,3.5162197095602776,0.08,CCP,A,125072691.36835924
T0002778,CP0038,JPM_EMEA_CH,Equity Option,Equity,1904134.7843476825,82688.12196459094,0.0,Unmargined,3.797776494851317,0.08,Sovereign,BBB,105724942.50994723
T0002779,CP0070,JPM_EMEA_DE,Securities Financing,SFT,4753121.449604433,120013.62193711536,41807.806106576085,Margined,3.1468905363963113,0.03,Asset Manager,BBB,54119867.06997241
T0002780,CP0016,JPM_EMEA_UK,Equity Option,Equity,4053968.2626073533,-62849.04217345206,0.0,Margined,0.5304008828285972,0.08,Sovereign,BBB,22964503.233860675
T0002781,CP0066,JPM_EMEA_UK,Interest Rate Swap,Interest Rate,3165187.476236294,-71040.56458069854,28866.275475398503,Margined,1.5713279096691404,0.005,Hedge Fund,BBB,106015964.21180893
T0002782,CP0028,JPM_EMEA_FR,Interest Rate Swap,Interest Rate,11177454.098517597,-19464.364533323933,109179.06876684958,Margined,5.710849637057545,0.005,Sovereign,A,87687412.32129991
T0002783,CP0050,JPM_EMEA_CH,Equity Option,Equity,1329602.6656114245,-35372.15157679183,0.0,Margined,0.5579538484936792,0.08,Sovereign,A,143876921.35906684
T0002784,CP0041,JPM_EMEA_DE,Interest Rate Swap,Interest Rate,1412234.0649727448,-52007.95843641048,19568.33697642027,Margined,4.373877532262419,0.005,Bank,BBB,34006322.97426655
T0002785,CP0028,JPM_EMEA_CH,Interest Rate Swap,Interest Rate,1436298.1724045062,-106978.1255351786,0.0,Unmargined,4.457399489755946,0.005,Sovereign,A,87687412.32129991
T0002786,CP0019,JPM_EMEA_DE,Interest Rate Swap,Interest Rate,2789791.2540406627,-151274.18922005087,74987.19225068748,Margined,6.697606422151611,0.005,CCP,AA,121755579.54253721
T0002787,CP0030,JPM_EMEA_CH,FX Forward,FX,1170819.7508278554,81359.3543353022,1570.0509569756305,Margined,6.912786116710808,0.04,Asset Manager,A,22809570.384442955
T0002788,CP0049,JPM_EMEA_DE,Interest Rate Swap,Interest Rate,3810356.949643288,-87552.51010167813,67992.66269631547,Margined,6.61804555529453,0.005,Sovereign,AA,61228056.066952996
T0002789,CP0050,JPM_EMEA_UK,Equity Option,Equity,3389912.6920020045,225839.74801799742,66898.87342368384,Margined,3.8121839751820352,0.08,Sovereign,A,143876921.35906684
T0002790,CP0050,JPM_EMEA_FR,Commodity Future,Commodity,1821716.6068134254,25705.170121342697,29433.41591482275,Margined,0.3403412693822973,0.15,Sovereign,A,143876921.35906684
T0002791,CP0053,JPM_EMEA_FR,Commodity Future,Commodity,9583670.065007122,-16690.25618567705,37813.203419377256,Margined,1.9772392529838605,0.15,Asset Manager,A,53275461.77378836
T0002792,CP0005,JPM_EMEA_DE,FX Forward,FX,3768940.1432833034,-197949.18024013579,0.0,Unmargined,3.3546940274696087,0.04,Asset Manager,BBB,25409842.60204602
T0002793,CP0032,JPM_EMEA_DE,FX Forward,FX,11576089.550227765,1891.6643651151346,0.0,Unmargined,0.32188290366264416,0.04,Hedge Fund,A,136500900.33916968
T0002794,CP0026,JPM_EMEA_FR,Equity Option,Equity,3291174.5591187165,217962.74762581394,0.0,Unmargined,0.3078264595276212,0.08,Corporate,A,54706836.20194616
T0002795,CP0032,JPM_EMEA_FR,FX Forward,FX,3904381.8468071725,212856.3019540575,0.0,Unmargined,2.301960237282499,0.04,Hedge Fund,A,136500900.33916968
T0002796,CP0031,JPM_EMEA_UK,Equity Option,Equity,2278487.7524491875,21869.729399686,0.0,Unmargined,2.7420458323670323,0.08,Asset Manager,AA,127417950.14526652
T0002797,CP0015,JPM_EMEA_FR,Interest Rate Swap,Interest Rate,3971912.9124774067,-159684.37501423596,0.0,Unmargined,4.086868379949487,0.005,Sovereign,BBB,96819013.89258417
T0002798,CP0078,JPM_EMEA_DE,Securities Financing,SFT,8154139.131705644,-273170.07890230295,0.0,Margined,6.533360664141537,0.03,Hedge Fund,BBB,133693065.30887038
T0002799,CP0001,JPM_EMEA_CH,Interest Rate Swap,Interest Rate,2651061.5080032474,-79109.56963193497,0.0,Unmargined,2.768679681420323,0.005,Bank,A,95932735.95865563
T0002800,CP0048,JPM_EMEA_DE,Commodity Future,Commodity,6717434.58629127,300507.2740496684,106418.85343853218,Margined,0.3842295197802475,0.15,CCP,A,125072691.36835924
T0002801,CP0037,JPM_EMEA_UK,Equity Option,Equity,1774550.9412489755,101344.98625131957,26149.23116907181,Margined,3.8033031823596573,0.08,CCP,AA,56560391.89907108
T0002802,CP0057,JPM_EMEA_UK,Interest Rate Swap,Interest Rate,8544988.12309524,58586.5681869116,125387.28177779092,Margined,2.537839012050772,0.005,Corporate,A,76562617.80039492
T0002803,CP0067,JPM_EMEA_CH,Commodity Future,Commodity,2239804.3847297383,-23759.431094369535,53647.59777751003,Margined,6.312669853669224,0.15,CCP,A,68575504.7535823
T0002804,CP0052,JPM_EMEA_FR,Interest Rate Swap,Interest Rate,9374321.860394618,508133.8732495083,28888.617316183125,Margined,3.0489115791553068,0.005,Hedge Fund,BBB,86957426.80012289
T0002805,CP0062,JPM_EMEA_UK,Commodity Future,Commodity,4251495.925831356,-145614.0497739802,36606.796575947265,Margined,2.286492072716016,0.15,Sovereign,BBB,136148063.1607222
T0002806,CP0022,JPM_EMEA_FR,Equity Option,Equity,18306351.836433455,33204.3623935468,445950.64464616677,Margined,5.080967784069288,0.08,Asset Manager,A,83791909.26608771
T0002807,CP0080,JPM_EMEA_UK,Interest Rate Swap,Interest Rate,1261405.574918803,20439.57624888708,0.0,Unmargined,3.4781079893926887,0.005,Sovereign,A,60342077.47701232
T0002808,CP0007,JPM_EMEA_CH,Interest Rate Swap,Interest Rate,914038.6587546489,-27602.15884146745,10575.833501025454,Margined,3.907938604803293,0.005,Bank,A,62881957.60326209
T0002809,CP0054,JPM_EMEA_CH,Commodity Future,Commodity,2159932.810893234,-48073.61970938481,47154.290041118606,Margined,1.106868537354322,0.15,Asset Manager,A,141685664.10636523
T0002810,CP0012,JPM_EMEA_CH,Interest Rate Swap,Interest Rate,1001684.830820819,-25022.90371906483,21748.711273294695,Margined,2.6575893156460335,0.005,CCP,AAA,140265615.38898364
T0002811,CP0019,JPM_EMEA_DE,Securities Financing,SFT,1003565.80911616,49762.25217341969,17342.55148400492,Margined,0.37264721806761886,0.03,CCP,AA,121755579.54253721
T0002812,CP0067,JPM_EMEA_UK,Commodity Future,Commodity,7447252.121345055,498987.1517783935,0.0,Unmargined,5.29640765704657,0.15,CCP,A,68575504.7535823
T0002813,CP0055,JPM_EMEA_DE,Equity Option,Equity,3983319.7023813156,16003.937158212359,14626.013094975388,Margined,1.7567925564547489,0.08,Asset Manager,A,41399016.28566236
T0002814,CP0051,JPM_EMEA_FR,Interest Rate Swap,Interest Rate,2475923.318460401,-23243.10289363084,56910.12912133062,Margined,0.8875845379582032,0.005,Sovereign,AA,57819318.95821542
T0002815,CP0067,JPM_EMEA_DE,Equity Option,Equity,2716465.980953844,-57030.675596932546,0.0,Unmargined,4.147108613984218,0.08,CCP,A,68575504.7535823
T0002816,CP0023,JPM_EMEA_DE,Securities Financing,SFT,2201318.935347938,134.5467502841779,6332.525034863855,Margined,4.077036100314713,0.03,Hedge Fund,A,141917439.14674777
T0002817,CP0052,JPM_EMEA_UK,Interest Rate Swap,Interest Rate,20835609.725705694,-401247.1986435919,314680.0688654682,Margined,2.2447931080317742,0.005,Hedge Fund,BBB,86957426.80012289
T0002818,CP0017,JPM_EMEA_FR,FX Forward,FX,1917052.1228139745,-6510.421122948062,15443.549589025944,Margined,6.738340686703316,0.04,Corporate,A,144612697.7213879
T0002819,CP0039,JPM_EMEA_UK,Interest Rate Swap,Interest Rate,1066263.4809109108,15421.527389898194,14558.306905418354,Margined,4.466873108517485,0.005,Hedge Fund,A,114509299.85729474
T0002820,CP0033,JPM_EMEA_CH,FX Forward,FX,8867074.999250604,-125787.90916612075,0.0,Unmargined,6.488437512151568,0.04,Bank,BBB,38232381.569819406
T0002821,CP0050,JPM_EMEA_CH,Commodity Future,Commodity,3223728.9153211555,-21391.318180707436,84541.89723536684,Margined,2.1391399989938957,0.15,Sovereign,A,143876921.35906684
T0002822,CP0006,JPM_EMEA_FR,FX Forward,FX,30724735.59671015,-199431.4006674708,475305.4128670867,Margined,3.885031261978985,0.04,CCP,BBB,84218806.50178745
T0002823,CP0003,JPM_EMEA_UK,Equity Option,Equity,2363370.3681199374,-26268.200407055134,0.0,Unmargined,2.923969065580746,0.08,Corporate,BBB,30977761.748185582
T0002824,CP0003,JPM_EMEA_FR,FX Forward,FX,9321080.364122437,-144016.98983837696,162297.75335838177,Margined,2.9223192949784673,0.04,Corporate,BBB,30977761.748185582
T0002825,CP0022,JPM_EMEA_CH,Interest Rate Swap,Interest Rate,11804628.398398995,314910.6682466873,63107.14677457239,Margined,0.38198288761210336,0.005,Asset Manager,A,83791909.26608771
T0002826,CP0047,JPM_EMEA_FR,Interest Rate Swap,Interest Rate,2374907.593947,-147186.7054732098,45848.17104172651,Margined,1.5764728944730952,0.005,Asset Manager,BBB,127872666.6072137
T0002827,CP0013,JPM_EMEA_CH,Securities Financing,SFT,1902889.6385189344,104848.82911378937,23818.51405028618,Margined,6.0918118721124905,0.03,Sovereign,BBB,95537948.16105135
T0002828,CP0080,JPM_EMEA_CH,Equity Option,Equity,8395206.532311724,39822.9242180876,127643.66288276373,Margined,5.956494344373331,0.08,Sovereign,A,60342077.47701232
T0002829,CP0034,JPM_EMEA_CH,FX Forward,FX,7107753.845276334,151754.9169991505,0.0,Margined,0.7804311687037613,0.04,Corporate,AA,92024698.66007642
T0002830,CP0025,JPM_EMEA_UK,Commodity Future,Commodity,975977.5063657433,24768.086235159433,0.0,Margined,0.17612893146681563,0.15,Sovereign,A,81553622.137404
T0002831,CP0072,JPM_EMEA_CH,Interest Rate Swap,Interest Rate,1294155.9735844412,-32071.864706166096,0.0,Margined,0.7592180990054546,0.005,Hedge Fund,AA,51326174.75073902
T0002832,CP0015,JPM_EMEA_CH,Interest Rate Swap,Interest Rate,316593.8224683401,-10131.809464259653,0.0,Unmargined,4.489669734166808,0.005,Sovereign,BBB,96819013.89258417
T0002833,CP0016,JPM_EMEA_FR,Interest Rate Swap,Interest Rate,7254929.835511524,-262116.44310310163,20420.896585659837,Margined,1.716769194856135,0.005,Sovereign,BBB,22964503.233860675
T0002834,CP0031,JPM_EMEA_UK,Securities Financing,SFT,3078576.0479396163,-26621.620159467315,0.0,Unmargined,5.350238273893266,0.03,Asset Manager,AA,127417950.14526652
T0002835,CP0006,JPM_EMEA_DE,Equity Option,Equity,3401253.159862339,83236.02582849782,23348.710483265546,Margined,0.09051255610218645,0.08,CCP,BBB,84218806.50178745
T0002836,CP0055,JPM_EMEA_CH,Equity Option,Equity,737013.0083201872,-15058.407222287962,7428.9136557385245,Margined,5.024619467634368,0.08,Asset Manager,A,41399016.28566236
T0002837,CP0063,JPM_EMEA_CH,Interest Rate Swap,Interest Rate,1334013.4208240453,28384.61384295016,0.0,Unmargined,6.210415883935552,0.005,Asset Manager,AA,87451586.85023838
T0002838,CP0029,JPM_EMEA_UK,Interest Rate Swap,Interest Rate,2480190.6905019237,-205551.365700153,62377.35991727077,Margined,0.3614049976112367,0.005,Corporate,AAA,77058489.83965607
T0002839,CP0070,JPM_EMEA_DE,Equity Option,Equity,2042079.723747082,-27557.563785344362,34053.81182774254,Margined,6.078394823265245,0.08,Asset Manager,BBB,54119867.06997241
T0002840,CP0001,JPM_EMEA_FR,FX Forward,FX,4500238.685705489,183833.88566403073,0.0,Unmargined,6.429188238801307,0.04,Bank,A,95932735.95865563
T0002841,CP0043,JPM_EMEA_UK,Securities Financing,SFT,7168973.5670924,-42899.10281330904,0.0,Unmargined,3.7740890427355986,0.03,Sovereign,BBB,49927818.8163345
T0002842,CP0059,JPM_EMEA_UK,Commodity Future,Commodity,38702605.77301674,-1123150.6747910671,268380.32051720016,Margined,2.027474586781945,0.15,Sovereign,AA,135918044.6131388
T0002843,CP0031,JPM_EMEA_FR,FX Forward,FX,3920727.9225407005,-90135.62466182683,80558.19219515834,Margined,3.9615583360598396,0.04,Asset Manager,AA,127417950.14526652
T0002844,CP0076,JPM_EMEA_FR,Commodity Future,Commodity,12203185.500032106,-1293303.236239143,234428.32808344398,Margined,2.208577409406956,0.15,Asset Manager,BBB,43304880.06050608
T0002845,CP0035,JPM_EMEA_UK,Securities Financing,SFT,1744244.6282466173,-61769.05531091175,0.0,Unmargined,6.535808917773667,0.03,CCP,AAA,34114846.34760766
T0002846,CP0074,JPM_EMEA_DE,FX Forward,FX,749272.941584448,27725.68236015486,8062.076731131553,Margined,3.8282406380041194,0.04,Bank,A,128044647.3762378
T0002847,CP0053,JPM_EMEA_FR,Equity Option,Equity,2812272.0473360894,-57345.311661502754,23908.47690980461,Margined,5.600995818882918,0.08,Asset Manager,A,53275461.77378836
T0002848,CP0019,JPM_EMEA_CH,Securities Financing,SFT,809428.078399819,-13160.533759314267,4080.6594875481796,Margined,4.289292927568881,0.03,CCP,AA,121755579.54253721
T0002849,CP0067,JPM_EMEA_CH,Interest Rate Swap,Interest Rate,4059125.3862010418,-331279.13154883595,22497.869202976748,Margined,2.0544303653754494,0.005,CCP,A,68575504.7535823
T0002850,CP0003,JPM_EMEA_DE,Securities Financing,SFT,1832791.5406469533,-104614.49989844176,0.0,Unmargined,3.5259015987221867,0.03,Corporate,BBB,30977761.748185582
T0002851,CP0016,JPM_EMEA_FR,Interest Rate Swap,Interest Rate,566670.6401309689,23602.80754385595,8463.102529768392,Margined,6.165244753168587,0.005,Sovereign,BBB,22964503.233860675
T0002852,CP0063,JPM_EMEA_FR,Equity Option,Equity,22698969.045996424,490417.8730224758,230923.6372960026,Margined,2.710967005040446,0.08,Asset Manager,AA,87451586.85023838
T0002853,CP0073,JPM_EMEA_UK,Commodity Future,Commodity,2336683.5739975725,-106109.65655597439,36104.56893387653,Margined,2.422256261333962,0.15,Asset Manager,A,35958531.21349318
T0002854,CP0032,JPM_EMEA_FR,Equity Option,Equity,777769.6006203394,-17165.40130046405,12368.913636045721,Margined,6.6971917502499645,0.08,Hedge Fund,A,136500900.33916968
T0002855,CP0053,JPM_EMEA_UK,FX Forward,FX,9820442.197296958,-10026.985786274472,0.0,Unmargined,2.371723759263037,0.04,Asset Manager,A,53275461.77378836
T0002856,CP0056,JPM_EMEA_UK,Equity Option,Equity,1930308.816335132,-80811.35673957969,6334.987353661258,Margined,6.0235324831724775,0.08,Bank,A,25838380.52100277
T0002857,CP0060,JPM_EMEA_DE,Interest Rate Swap,Interest Rate,11899071.773051288,-834660.8169707528,121022.09078835422,Margined,1.2890510050810422,0.005,Sovereign,BB,117319042.5294034
T0002858,CP0073,JPM_EMEA_DE,Interest Rate Swap,Interest Rate,1921104.010856751,-10705.0899857985,11140.547882020037,Margined,5.552488486438034,0.005,Asset Manager,A,35958531.21349318
T0002859,CP0007,JPM_EMEA_UK,Interest Rate Swap,Interest Rate,2328901.4387005107,46674.211649012206,11543.672477268832,Margined,4.326346469892846,0.005,Bank,A,62881957.60326209
T0002860,CP0016,JPM_EMEA_UK,Equity Option,Equity,5647009.260558117,116977.83179054549,144368.59307272854,Margined,0.885366222235531,0.08,Sovereign,BBB,22964503.233860675
T0002861,CP0074,JPM_EMEA_FR,FX Forward,FX,7239221.998291514,221761.320730035,0.0,Unmargined,0.49441890089650437,0.04,Bank,A,128044647.3762378
T0002862,CP0044,JPM_EMEA_UK,Interest Rate Swap,Interest Rate,8625975.84925952,-469033.1597194078,243118.9493206835,Margined,2.123235696901453,0.005,Asset Manager,AA,24863632.30290337
T0002863,CP0043,JPM_EMEA_CH,Securities Financing,SFT,3656671.1891307007,7410.48859109339,0.0,Unmargined,4.6193192751819465,0.03,Sovereign,BBB,49927818.8163345
T0002864,CP0033,JPM_EMEA_UK,FX Forward,FX,6786335.347381929,-63763.034374234616,134979.57393646965,Margined,2.552790403005263,0.04,Bank,BBB,38232381.569819406
T0002865,CP0029,JPM_EMEA_FR,FX Forward,FX,8431063.899657618,-25737.71104795696,159740.5225485387,Margined,1.9345088834788302,0.04,Corporate,AAA,77058489.83965607
T0002866,CP0020,JPM_EMEA_UK,FX Forward,FX,4888392.413722525,-36234.510592800805,82788.21745846055,Margined,4.093955009002391,0.04,Asset Manager,AA,30754899.989917014
T0002867,CP0032,JPM_EMEA_FR,Interest Rate Swap,Interest Rate,3468201.805105906,-80169.86502566643,87726.9660258372,Margined,6.670255754891547,0.005,Hedge Fund,A,136500900.33916968
T0002868,CP0006,JPM_EMEA_UK,Commodity Future,Commodity,942706.2156835226,-99571.14365868083,3149.2670667091734,Margined,0.8968764880242649,0.15,CCP,BBB,84218806.50178745
T0002869,CP0024,JPM_EMEA_DE,FX Forward,FX,7282458.548480641,296134.00889547274,78278.95014936844,Margined,4.529840117008218,0.04,CCP,BBB,94324646.8088898
T0002870,CP0080,JPM_EMEA_FR,Interest Rate Swap,Interest Rate,4172302.5774389287,48188.658627942415,21600.947959765534,Margined,6.391194973483585,0.005,Sovereign,A,60342077.47701232
T0002871,CP0014,JPM_EMEA_UK,Securities Financing,SFT,2645019.688022117,-137409.14987674798,0.0,Margined,3.81064819403406,0.03,Sovereign,BBB,65093074.58952882
T0002872,CP0059,JPM_EMEA_UK,Commodity Future,Commodity,14354460.422034618,237704.23555537118,96319.44933828803,Margined,6.7510946464536055,0.15,Sovereign,AA,135918044.6131388
T0002873,CP0003,JPM_EMEA_FR,Equity Option,Equity,959311.6607123315,-15018.66510372162,0.0,Unmargined,4.205367327714452,0.08,Corporate,BBB,30977761.748185582
T0002874,CP0059,JPM_EMEA_FR,Securities Financing,SFT,20704077.809221003,-303605.2403657786,219717.18970549238,Margined,4.724584181243481,0.03,Sovereign,AA,135918044.6131388
T0002875,CP0022,JPM_EMEA_DE,Securities Financing,SFT,3911891.757681409,-105208.41611164472,109017.09125394581,Margined,5.549396198802818,0.03,Asset Manager,A,83791909.26608771
T0002876,CP0057,JPM_EMEA_UK,FX Forward,FX,5494856.866824972,103262.46331313062,157628.85609834723,Margined,1.4380788940050675,0.04,Corporate,A,76562617.80039492
T0002877,CP0040,JPM_EMEA_DE,Equity Option,Equity,2694601.283303582,-75432.19677784014,96900.67237305889,Margined,3.9433351345896943,0.08,Corporate,BBB,119924173.94929542
T0002878,CP0063,JPM_EMEA_UK,Equity Option,Equity,755195.5539599282,-28991.36374276292,20574.505496516907,Margined,4.319130830878801,0.08,Asset Manager,AA,87451586.85023838
T0002879,CP0054,JPM_EMEA_FR,Interest Rate Swap,Interest Rate,3478789.758151789,137798.57895921508,107373.03694977844,Margined,0.8850262718450229,0.005,Asset Manager,A,141685664.10636523
T0002880,CP0045,JPM_EMEA_DE,Interest Rate Swap,Interest Rate,5590335.302983101,-35000.24710232082,81626.38830898139,Margined,3.215806997547066,0.005,Bank,AAA,92130821.02089284
T0002881,CP0059,JPM_EMEA_DE,Interest Rate Swap,Interest Rate,7865765.073720434,-40603.26533374369,108756.99085166049,Margined,5.406214676822081,0.005,Sovereign,AA,135918044.6131388
T0002882,CP0078,JPM_EMEA_DE,Equity Option,Equity,3281370.474365838,79528.09615917475,47116.26308897354,Margined,0.33290831867433623,0.08,Hedge Fund,BBB,133693065.30887038
T0002883,CP0048,JPM_EMEA_UK,Commodity Future,Commodity,446531.4340728854,-10433.445641389031,5358.599419385599,Margined,2.9237694504796203,0.15,CCP,A,125072691.36835924
T0002884,CP0014,JPM_EMEA_CH,Commodity Future,Commodity,856100.9449388423,-14027.52307176905,0.0,Unmargined,1.0627376246273217,0.15,Sovereign,BBB,65093074.58952882
T0002885,CP0010,JPM_EMEA_DE,FX Forward,FX,31134420.787244935,333139.37470228947,560963.1973854656,Margined,1.2714527529541786,0.04,Bank,AA,96393794.38310257
T0002886,CP0044,JPM_EMEA_FR,Interest Rate Swap,Interest Rate,1341459.7374459817,-72369.3597867156,11098.509666441823,Margined,3.6123928764356306,0.005,Asset Manager,AA,24863632.30290337
T0002887,CP0035,JPM_EMEA_DE,FX Forward,FX,16665551.747277366,128965.81618162825,16315.676779291505,Margined,0.2548986409739885,0.04,CCP,AAA,34114846.34760766
T0002888,CP0049,JPM_EMEA_UK,FX Forward,FX,1571778.2531222969,-41573.37930118071,23433.563985075365,Margined,3.003449212255022,0.04,Sovereign,AA,61228056.066952996
T0002889,CP0054,JPM_EMEA_FR,Securities Financing,SFT,3332885.520303461,99791.727574358,21522.312637902178,Margined,0.22865087003219514,0.03,Asset Manager,A,141685664.10636523
T0002890,CP0015,JPM_EMEA_FR,Securities Financing,SFT,7474540.312421968,143011.99758518228,0.0,Unmargined,6.482642723542086,0.03,Sovereign,BBB,96819013.89258417
T0002891,CP0060,JPM_EMEA_UK,Securities Financing,SFT,1761384.0896095051,25556.260812235283,19125.06292638812,Margined,6.186530072036476,0.03,Sovereign,BB,117319042.5294034
T0002892,CP0080,JPM_EMEA_CH,Securities Financing,SFT,19658493.750967633,-1105663.5292735605,0.0,Unmargined,1.520885673069259,0.03,Sovereign,A,60342077.47701232
T0002893,CP0026,JPM_EMEA_CH,Securities Financing,SFT,4314678.089935559,-15614.124615484821,90091.94525010054,Margined,0.507340359016048,0.03,Corporate,A,54706836.20194616
T0002894,CP0075,JPM_EMEA_CH,FX Forward,FX,6341689.44812991,-261305.06233353956,0.0,Unmargined,1.7919178083803267,0.04,Sovereign,AA,39926961.16118422
T0002895,CP0075,JPM_EMEA_DE,Interest Rate Swap,Interest Rate,3060833.7712075743,-3949.1997709710463,65145.55278568015,Margined,0.24732377732516125,0.005,Sovereign,AA,39926961.16118422
T0002896,CP0034,JPM_EMEA_FR,Interest Rate Swap,Interest Rate,7729271.7565121045,-626339.9035253616,0.0,Unmargined,5.1567821348573055,0.005,Corporate,AA,92024698.66007642
T0002897,CP0064,JPM_EMEA_UK,FX Forward,FX,19396392.61250362,-1046030.5669597264,219019.56511694464,Margined,4.03856628925396,0.04,CCP,BB,61070776.73800309
T0002898,CP0075,JPM_EMEA_FR,Interest Rate Swap,Interest Rate,3507867.9227319174,145984.04994252324,0.0,Unmargined,3.8296849594481572,0.005,Sovereign,AA,39926961.16118422
T0002899,CP0069,JPM_EMEA_UK,Interest Rate Swap,Interest Rate,22556136.37227829,291354.4818319241,0.0,Unmargined,5.971206920321795,0.005,Bank,AA,117082649.47537337
T0002900,CP0032,JPM_EMEA_CH,Securities Financing,SFT,2169937.906747235,-26871.544680890973,31908.10695167906,Margined,5.674721588484517,0.03,Hedge Fund,A,136500900.33916968
T0002901,CP0054,JPM_EMEA_CH,Interest Rate Swap,Interest Rate,8588210.584249903,-273156.76577910845,161402.6590321498,Margined,2.891726970352328,0.005,Asset Manager,A,141685664.10636523
T0002902,CP0048,JPM_EMEA_UK,Securities Financing,SFT,6523484.706580735,-247558.98473003777,129992.19732729155,Margined,4.291841399559549,0.03,CCP,A,125072691.36835924
T0002903,CP0034,JPM_EMEA_FR,Commodity Future,Commodity,1373980.894164574,9625.356417205136,0.0,Unmargined,3.120565136041939,0.15,Corporate,AA,92024698.66007642
T0002904,CP0052,JPM_EMEA_FR,Equity Option,Equity,4953547.892285715,-59576.96860158532,0.0,Unmargined,4.38686741284737,0.08,Hedge Fund,BBB,86957426.80012289
T0002905,CP0075,JPM_EMEA_CH,Equity Option,Equity,4029572.532409677,218131.44525284323,31049.67692048081,Margined,1.1030977399919013,0.08,Sovereign,AA,39926961.16118422
T0002906,CP0003,JPM_EMEA_DE,FX Forward,FX,1704210.894016286,-11020.672056121464,39328.58412840136,Margined,2.1355576419838402,0.04,Corporate,BBB,30977761.748185582
T0002907,CP0073,JPM_EMEA_CH,Equity Option,Equity,5721876.41006059,11759.69897763998,78777.6680545724,Margined,1.8005909629805068,0.08,Asset Manager,A,35958531.21349318
T0002908,CP0030,JPM_EMEA_DE,Interest Rate Swap,Interest Rate,4630125.192865674,-225013.07107385868,26866.014743577973,Margined,1.2138957466203903,0.005,Asset Manager,A,22809570.384442955
T0002909,CP0067,JPM_EMEA_DE,Securities Financing,SFT,3719939.5338541637,-46962.275764845246,1400.4986995994332,Margined,2.9261747130532885,0.03,CCP,A,68575504.7535823
T0002910,CP0009,JPM_EMEA_FR,FX Forward,FX,3734884.491220599,23136.48588537174,0.0,Unmargined,5.099170813889211,0.04,Hedge Fund,BBB,33442385.803931713
T0002911,CP0072,JPM_EMEA_FR,Interest Rate Swap,Interest Rate,3655687.2374763917,-47697.57883784624,21888.759899186796,Margined,2.8025938762574127,0.005,Hedge Fund,AA,51326174.75073902
T0002912,CP0036,JPM_EMEA_UK,Equity Option,Equity,2769300.440849013,-47069.79592405935,0.0,Unmargined,6.879317693318234,0.08,Bank,AA,107391212.09517552
T0002913,CP0074,JPM_EMEA_FR,Equity Option,Equity,4600331.9141172785,52636.24743126057,0.0,Unmargined,2.1495302095376947,0.08,Bank,A,128044647.3762378
T0002914,CP0035,JPM_EMEA_DE,FX Forward,FX,2100930.094365706,111388.82369570546,7564.997617053792,Margined,6.639501985197145,0.04,CCP,AAA,34114846.34760766
T0002915,CP0060,JPM_EMEA_CH,Equity Option,Equity,57002997.40986272,289229.10240582796,1027497.7533786122,Margined,1.3951981133252722,0.08,Sovereign,BB,117319042.5294034
T0002916,CP0048,JPM_EMEA_CH,Interest Rate Swap,Interest Rate,977224.4843000838,39134.43977835934,16814.178409303542,Margined,2.2793833733297095,0.005,CCP,A,125072691.36835924
T0002917,CP0017,JPM_EMEA_DE,Equity Option,Equity,2229011.6565451887,48494.56308289491,5711.961581667856,Margined,1.1903662094236611,0.08,Corporate,A,144612697.7213879
T0002918,CP0020,JPM_EMEA_CH,Interest Rate Swap,Interest Rate,2412231.509269045,91549.89821446042,0.0,Unmargined,1.7034755469367229,0.005,Asset Manager,AA,30754899.989917014
T0002919,CP0044,JPM_EMEA_CH,Interest Rate Swap,Interest Rate,30777619.16778051,-656800.4659919901,453248.4524155777,Margined,1.1419254144318196,0.005,Asset Manager,AA,24863632.30290337
T0002920,CP0039,JPM_EMEA_FR,Interest Rate Swap,Interest Rate,1068397.3385000264,-7737.827471633437,14215.970357252827,Margined,4.392549812735814,0.005,Hedge Fund,A,114509299.85729474
T0002921,CP0050,JPM_EMEA_FR,FX Forward,FX,6124007.2343501635,-43462.538500423754,0.0,Unmargined,1.4442752959015588,0.04,Sovereign,A,143876921.35906684
T0002922,CP0065,JPM_EMEA_CH,FX Forward,FX,5127860.041088448,98043.16244564217,66915.80262592275,Margined,0.6416684570327633,0.04,Asset Manager,BBB,120361616.17442845
T0002923,CP0062,JPM_EMEA_CH,FX Forward,FX,5583951.421278413,154867.81466902123,95430.39501389668,Margined,1.9016240653523357,0.04,Sovereign,BBB,136148063.1607222
T0002924,CP0005,JPM_EMEA_DE,Interest Rate Swap,Interest Rate,13771999.700521702,60279.58392894725,0.0,Unmargined,4.764880474083046,0.005,Asset Manager,BBB,25409842.60204602
T0002925,CP0040,JPM_EMEA_UK,Interest Rate Swap,Interest Rate,13492361.639929513,414009.4767921002,89719.7578072517,Margined,3.0289875457182216,0.005,Corporate,BBB,119924173.94929542
T0002926,CP0012,JPM_EMEA_FR,FX Forward,FX,2548073.3755318406,-50239.34783333425,19458.04318037352,Margined,1.1352986865191035,0.04,CCP,AAA,140265615.38898364
T0002927,CP0042,JPM_EMEA_DE,Interest Rate Swap,Interest Rate,4856469.874027459,150493.3294478164,50162.79723916248,Margined,0.4909788132404328,0.005,Sovereign,A,139081539.86788905
T0002928,CP0043,JPM_EMEA_DE,Equity Option,Equity,620141.4566792995,22048.094151500576,8886.458005380873,Margined,5.119015209706496,0.08,Sovereign,BBB,49927818.8163345
T0002929,CP0080,JPM_EMEA_UK,Securities Financing,SFT,4416675.967636295,104729.86402224035,56428.079953184235,Margined,4.943562159245008,0.03,Sovereign,A,60342077.47701232
T0002930,CP0032,JPM_EMEA_FR,FX Forward,FX,1808151.2840719002,8490.974319982144,30439.257524203615,Margined,3.257596756120134,0.04,Hedge Fund,A,136500900.33916968
T0002931,CP0037,JPM_EMEA_CH,Securities Financing,SFT,3319824.550042952,82883.790886276,9954.519350725266,Margined,3.71785549240177,0.03,CCP,AA,56560391.89907108
T0002932,CP0041,JPM_EMEA_FR,Interest Rate Swap,Interest Rate,741501.9380665298,-23201.71152650651,11252.165494736308,Margined,1.7214253805518085,0.005,Bank,BBB,34006322.97426655
T0002933,CP0011,JPM_EMEA_UK,Interest Rate Swap,Interest Rate,5996444.125768758,41631.38822139368,36352.10505475032,Margined,3.423090955216828,0.005,Corporate,AA,42177085.909795195
T0002934,CP0005,JPM_EMEA_UK,Equity Option,Equity,733245.7740496193,7712.181301637999,7958.157464913071,Margined,5.113815969676443,0.08,Asset Manager,BBB,25409842.60204602
T0002935,CP0057,JPM_EMEA_FR,Commodity Future,Commodity,4639371.794294131,-215884.11136940398,0.0,Unmargined,5.412151690641413,0.15,Corporate,A,76562617.80039492
T0002936,CP0025,JPM_EMEA_UK,Commodity Future,Commodity,1173263.014236288,19488.425288951465,0.0,Unmargined,2.416439356094584,0.15,Sovereign,A,81553622.137404
T0002937,CP0030,JPM_EMEA_UK,Interest Rate Swap,Interest Rate,1710273.545729721,-74753.75704809286,0.0,Unmargined,4.768011363150529,0.005,Asset Manager,A,22809570.384442955
T0002938,CP0080,JPM_EMEA_UK,Commodity Future,Commodity,12692692.874482406,-190100.24357574864,22882.816000219333,Margined,3.4310667421276926,0.15,Sovereign,A,60342077.47701232
T0002939,CP0020,JPM_EMEA_UK,FX Forward,FX,7200945.28533047,10021.077228430735,95229.21630143501,Margined,5.188383903203912,0.04,Asset Manager,AA,30754899.989917014
T0002940,CP0073,JPM_EMEA_DE,FX Forward,FX,12622709.06869749,-322835.5476196111,0.0,Unmargined,4.850925533536693,0.04,Asset Manager,A,35958531.21349318
T0002941,CP0051,JPM_EMEA_DE,Interest Rate Swap,Interest Rate,19030091.578539077,54985.382029301705,0.0,Unmargined,5.2649790573214466,0.005,Sovereign,AA,57819318.95821542
T0002942,CP0022,JPM_EMEA_UK,Securities Financing,SFT,1846802.2943354128,4302.116092458489,20437.21868622001,Margined,1.1959394633049008,0.03,Asset Manager,A,83791909.26608771
T0002943,CP0077,JPM_EMEA_CH,Interest Rate Swap,Interest Rate,17908330.999883004,-514082.9497182678,405215.72087603324,Margined,2.288748414233776,0.005,Hedge Fund,BBB,97919762.89770965
T0002944,CP0050,JPM_EMEA_CH,Commodity Future,Commodity,923844.700000429,18365.206773216447,13528.799781617014,Margined,1.8916370216679417,0.15,Sovereign,A,143876921.35906684
T0002945,CP0026,JPM_EMEA_DE,Equity Option,Equity,8435042.003594568,-225599.22709478057,156525.0969208186,Margined,3.157128536083947,0.08,Corporate,A,54706836.20194616
T0002946,CP0037,JPM_EMEA_DE,Commodity Future,Commodity,2442340.123054356,195580.40655771617,43283.295990275335,Margined,3.2811415955308174,0.15,CCP,AA,56560391.89907108
T0002947,CP0030,JPM_EMEA_CH,Equity Option,Equity,1577741.2229985793,-6045.52384149258,0.0,Margined,4.687785029951434,0.08,Asset Manager,A,22809570.384442955
T0002948,CP0068,JPM_EMEA_CH,Securities Financing,SFT,7394705.183951176,-303148.1210061309,84200.91649243352,Margined,4.008769581399795,0.03,Asset Manager,AA,32280666.847996987
T0002949,CP0038,JPM_EMEA_CH,Interest Rate Swap,Interest Rate,10290754.65967165,-354536.6866080829,34735.45700314926,Margined,4.08013036736762,0.005,Sovereign,BBB,105724942.50994723
T0002950,CP0003,JPM_EMEA_FR,Interest Rate Swap,Interest Rate,9989781.771892268,401242.7442807962,53599.82292374299,Margined,4.449244637812485,0.005,Corporate,BBB,30977761.748185582
T0002951,CP0056,JPM_EMEA_CH,Equity Option,Equity,4958752.762858972,-71010.86557143916,118001.89662448972,Margined,1.9465834549529046,0.08,Bank,A,25838380.52100277
T0002952,CP0061,JPM_EMEA_FR,FX Forward,FX,4564238.385996054,-217859.00923953907,41085.24577398819,Margined,1.621614757538458,0.04,CCP,BBB,135803023.8142082
T0002953,CP0032,JPM_EMEA_FR,Interest Rate Swap,Interest Rate,6774468.725697567,202420.7607151244,183862.77713827213,Margined,1.5455604510840297,0.005,Hedge Fund,A,136500900.33916968
T0002954,CP0074,JPM_EMEA_UK,Interest Rate Swap,Interest Rate,5419797.410611857,-78831.41983141445,4002.4804862840538,Margined,5.467165257982948,0.005,Bank,A,128044647.3762378
T0002955,CP0035,JPM_EMEA_FR,FX Forward,FX,6873340.280800223,157191.11261130992,0.0,Unmargined,0.7259688796487848,0.04,CCP,AAA,34114846.34760766
T0002956,CP0022,JPM_EMEA_DE,Interest Rate Swap,Interest Rate,4905189.970469806,160619.5180016256,88778.07817429873,Margined,2.246844305571712,0.005,Asset Manager,A,83791909.26608771
T0002957,CP0057,JPM_EMEA_FR,Interest Rate Swap,Interest Rate,9291297.27928596,89254.28159882595,0.0,Unmargined,1.9978971649405364,0.005,Corporate,A,76562617.80039492
T0002958,CP0011,JPM_EMEA_FR,Securities Financing,SFT,785909.64751571,65903.83578881701,11363.167920429103,Margined,4.163883990146297,0.03,Corporate,AA,42177085.909795195
T0002959,CP0079,JPM_EMEA_UK,FX Forward,FX,3507911.6399375065,-211758.54933993513,38943.24029151498,Margined,6.473131512644133,0.04,Corporate,A,45536506.54289452
T0002960,CP0055,JPM_EMEA_DE,Securities Financing,SFT,1002450.8657475222,-28698.416638306637,10886.005003497874,Margined,6.156232820583411,0.03,Asset Manager,A,41399016.28566236
T0002961,CP0026,JPM_EMEA_FR,Securities Financing,SFT,5275093.3649642,-47255.60598671121,50462.13103915946,Margined,0.7824418840937336,0.03,Corporate,A,54706836.20194616
T0002962,CP0007,JPM_EMEA_UK,Interest Rate Swap,Interest Rate,20660518.020502314,1635095.5752351815,0.0,Unmargined,3.8044610834924972,0.005,Bank,A,62881957.60326209
T0002963,CP0047,JPM_EMEA_CH,Equity Option,Equity,2489817.909712131,156684.45631184988,42658.314915297524,Margined,0.3085218606648557,0.08,Asset Manager,BBB,127872666.6072137
T0002964,CP0047,JPM_EMEA_CH,Equity Option,Equity,4542812.853333606,204899.85027297508,0.0,Unmargined,5.557222905463679,0.08,Asset Manager,BBB,127872666.6072137
T0002965,CP0064,JPM_EMEA_UK,Equity Option,Equity,8523108.11069083,-236894.1470092831,0.0,Unmargined,2.654291540770822,0.08,CCP,BB,61070776.73800309
T0002966,CP0023,JPM_EMEA_UK,Interest Rate Swap,Interest Rate,505893.7709106772,-11996.267029251012,0.0,Unmargined,1.543310263104687,0.005,Hedge Fund,A,141917439.14674777
T0002967,CP0017,JPM_EMEA_UK,Interest Rate Swap,Interest Rate,2373068.584302978,-68818.04263602743,18558.12616252211,Margined,3.4145083536703655,0.005,Corporate,A,144612697.7213879
T0002968,CP0034,JPM_EMEA_DE,Interest Rate Swap,Interest Rate,5759265.909927727,-157918.7319224876,136830.19932913934,Margined,3.073968093471479,0.005,Corporate,AA,92024698.66007642
T0002969,CP0066,JPM_EMEA_FR,Equity Option,Equity,220755.31461154483,11533.286632045858,0.0,Unmargined,6.604742047479501,0.08,Hedge Fund,BBB,106015964.21180893
T0002970,CP0073,JPM_EMEA_UK,Securities Financing,SFT,1506043.2810547461,-12849.33434163238,0.0,Unmargined,0.28064765388779755,0.03,Asset Manager,A,35958531.21349318
T0002971,CP0029,JPM_EMEA_CH,Equity Option,Equity,12026978.49782027,-46934.51100516918,0.0,Unmargined,6.652389871666757,0.08,Corporate,AAA,77058489.83965607
T0002972,CP0004,JPM_EMEA_DE,Equity Option,Equity,10905761.870817704,295584.72629331076,58449.833867396315,Margined,1.6788801446683386,0.08,Asset Manager,A,74054962.28217925
T0002973,CP0009,JPM_EMEA_DE,Securities Financing,SFT,5815999.117473086,-338627.7030105686,0.0,Unmargined,1.0579735217976318,0.03,Hedge Fund,BBB,33442385.803931713
T0002974,CP0044,JPM_EMEA_FR,Equity Option,Equity,9664815.288177896,17808.42483912298,0.0,Unmargined,5.205675462586747,0.08,Asset Manager,AA,24863632.30290337
T0002975,CP0002,JPM_EMEA_CH,Interest Rate Swap,Interest Rate,4959964.559957022,-190415.57153627687,0.0,Unmargined,3.6819096584035753,0.005,Sovereign,BBB,104480058.20212659
T0002976,CP0058,JPM_EMEA_UK,Securities Financing,SFT,6970516.104321639,-71827.83807865174,73862.74253877027,Margined,6.274749483254637,0.03,Bank,AA,149008823.32725883
T0002977,CP0003,JPM_EMEA_DE,FX Forward,FX,2917247.84291379,-59875.707657238236,67619.90928658514,Margined,3.8213278486591813,0.04,Corporate,BBB,30977761.748185582
T0002978,CP0034,JPM_EMEA_DE,Interest Rate Swap,Interest Rate,4491142.142113673,-100284.17750253346,81635.00131830387,Margined,3.562999899453397,0.005,Corporate,AA,92024698.66007642
T0002979,CP0064,JPM_EMEA_DE,FX Forward,FX,2125323.390801279,16780.20016162875,26822.883711071096,Margined,1.4828250561785943,0.04,CCP,BB,61070776.73800309
T0002980,CP0038,JPM_EMEA_DE,Securities Financing,SFT,14150892.627317032,109562.84867429669,299471.3139543688,Margined,6.650927822229589,0.03,Sovereign,BBB,105724942.50994723
T0002981,CP0054,JPM_EMEA_CH,Interest Rate Swap,Interest Rate,18317442.914884463,-140929.2883183426,0.0,Margined,4.668207017445633,0.005,Asset Manager,A,141685664.10636523
T0002982,CP0027,JPM_EMEA_UK,FX Forward,FX,15898220.135820828,206262.74500214306,0.0,Unmargined,4.230902613506667,0.04,Asset Manager,A,63103969.654531784
T0002983,CP0064,JPM_EMEA_DE,Interest Rate Swap,Interest Rate,2659626.234146828,-80856.65070754253,34841.36550493009,Margined,5.540887450951923,0.005,CCP,BB,61070776.73800309
T0002984,CP0035,JPM_EMEA_DE,Interest Rate Swap,Interest Rate,1541136.7935785046,36764.59712659446,25916.206332174344,Margined,0.7538333589803335,0.005,CCP,AAA,34114846.34760766
T0002985,CP0061,JPM_EMEA_FR,Interest Rate Swap,Interest Rate,14343086.109290536,-103513.56156603168,0.0,Margined,6.071573452951493,0.005,CCP,BBB,135803023.8142082
T0002986,CP0077,JPM_EMEA_CH,Equity Option,Equity,6890899.05679732,-116650.68744501435,0.0,Unmargined,3.5283548402831886,0.08,Hedge Fund,BBB,97919762.89770965
T0002987,CP0031,JPM_EMEA_CH,Securities Financing,SFT,5556001.54318719,-154548.84144991837,84471.70493834661,Margined,5.625380758429179,0.03,Asset Manager,AA,127417950.14526652
T0002988,CP0019,JPM_EMEA_DE,Interest Rate Swap,Interest Rate,2122643.564326824,-17934.026806655434,33574.48370582435,Margined,5.00278420120959,0.005,CCP,AA,121755579.54253721
T0002989,CP0075,JPM_EMEA_DE,Interest Rate Swap,Interest Rate,6122424.472769951,400849.6648043185,131565.01662685498,Margined,3.186256375284746,0.005,Sovereign,AA,39926961.16118422
T0002990,CP0055,JPM_EMEA_CH,Interest Rate Swap,Interest Rate,1351231.3683998205,-2994.3043274995853,24446.535559611657,Margined,5.399483275965264,0.005,Asset Manager,A,41399016.28566236
T0002991,CP0071,JPM_EMEA_UK,Interest Rate Swap,Interest Rate,7541014.463489072,-302048.7266344,86821.44605498301,Margined,5.0588034291989175,0.005,Sovereign,A,141785709.5693913
T0002992,CP0031,JPM_EMEA_UK,Equity Option,Equity,15881915.321421161,510741.23150355625,0.0,Unmargined,0.07586708591622357,0.08,Asset Manager,AA,127417950.14526652
T0002993,CP0028,JPM_EMEA_CH,Equity Option,Equity,20436855.337236993,-337565.6610131616,212320.34812676284,Margined,4.979269695468327,0.08,Sovereign,A,87687412.32129991
T0002994,CP0010,JPM_EMEA_CH,Equity Option,Equity,8123965.647832607,80683.69412679288,107026.68017592745,Margined,3.5860814550702975,0.08,Bank,AA,96393794.38310257
T0002995,CP0062,JPM_EMEA_FR,FX Forward,FX,1004281.9529731154,-21288.888614741158,0.0,Unmargined,5.88432244421672,0.04,Sovereign,BBB,136148063.1607222
T0002996,CP0068,JPM_EMEA_DE,Equity Option,Equity,4872584.488256703,218423.6667624308,56705.158321530194,Margined,5.677029004854578,0.08,Asset Manager,AA,32280666.847996987
T0002997,CP0066,JPM_EMEA_CH,Interest Rate Swap,Interest Rate,33986932.25099837,-702733.9139009933,506266.53672245383,Margined,1.2360071724393775,0.005,Hedge Fund,BBB,106015964.21180893
T0002998,CP0024,JPM_EMEA_CH,Interest Rate Swap,Interest Rate,1678134.5182890857,82102.78039308691,33043.257647668055,Margined,0.201222740017294,0.005,CCP,BBB,94324646.8088898
T0002999,CP0040,JPM_EMEA_CH,Securities Financing,SFT,3770142.4587380793,-138455.16580043096,66721.41333760571,Margined,1.4144617264158534,0.03,Corporate,BBB,119924173.94929542
T0003000,CP0040,JPM_EMEA_CH,Commodity Future,Commodity,16441665.839326913,-168555.41206486203,359542.64668485,Margined,5.200820634836887,0.15,Corporate,BBB,119924173.94929542
T0003001,CP0010,JPM_EMEA_FR,Securities Financing,SFT,7414431.347686474,363306.04245796707,0.0,Unmargined,6.105892152352968,0.03,Bank,AA,96393794.38310257
T0003002,CP0001,JPM_EMEA_DE,Securities Financing,SFT,47772525.10309887,281193.7581271245,0.0,Unmargined,4.91898941303728,0.03,Bank,A,95932735.95865563
T0003003,CP0027,JPM_EMEA_DE,Equity Option,Equity,1922112.7619413203,152810.47862708836,0.0,Unmargined,5.753084482060064,0.08,Asset Manager,A,63103969.654531784
T0003004,CP0041,JPM_EMEA_FR,Securities Financing,SFT,1486669.78571921,-14004.304089896923,23927.33231525785,Margined,4.131324090735267,0.03,Bank,BBB,34006322.97426655
T0003005,CP0080,JPM_EMEA_DE,FX Forward,FX,13604760.890414827,122395.22935920084,214282.43034397822,Margined,3.5703187033428194,0.04,Sovereign,A,60342077.47701232
T0003006,CP0070,JPM_EMEA_CH,Interest Rate Swap,Interest Rate,1209752.4269509413,80666.56344477068,0.0,Unmargined,6.794029964060307,0.005,Asset Manager,BBB,54119867.06997241
T0003007,CP0058,JPM_EMEA_UK,Interest Rate Swap,Interest Rate,3285524.7233049734,-174091.1255227241,78721.59941598773,Margined,0.6101016016324751,0.005,Bank,AA,149008823.32725883
T0003008,CP0078,JPM_EMEA_UK,Interest Rate Swap,Interest Rate,3745847.212161066,-214716.6488603415,0.0,Margined,2.9784121648240456,0.005,Hedge Fund,BBB,133693065.30887038
T0003009,CP0062,JPM_EMEA_DE,Interest Rate Swap,Interest Rate,11271572.347411765,-313831.97903307265,271765.54370121,Margined,1.9824977673266084,0.005,Sovereign,BBB,136148063.1607222
T0003010,CP0043,JPM_EMEA_UK,FX Forward,FX,7393212.349010892,210470.29542568378,198162.7469060931,Margined,0.8982542715223967,0.04,Sovereign,BBB,49927818.8163345
T0003011,CP0073,JPM_EMEA_CH,Equity Option,Equity,6317725.633646229,-355970.93305521674,104524.02433227196,Margined,4.258760133307293,0.08,Asset Manager,A,35958531.21349318
T0003012,CP0074,JPM_EMEA_CH,Commodity Future,Commodity,2674770.235046145,55893.91658740655,44767.84514361188,Margined,1.8795901203140124,0.15,Bank,A,128044647.3762378
T0003013,CP0017,JPM_EMEA_CH,Equity Option,Equity,13481230.439347355,248522.90128230944,135713.4106230724,Margined,3.2676035960007286,0.08,Corporate,A,144612697.7213879
T0003014,CP0023,JPM_EMEA_DE,Interest Rate Swap,Interest Rate,224105831.83920625,15800280.960117405,2700607.926057798,Margined,0.9992908269053794,0.005,Hedge Fund,A,141917439.14674777
T0003015,CP0078,JPM_EMEA_CH,Commodity Future,Commodity,7985093.252375519,292190.31184592086,140406.8236404649,Margined,2.7604062518650108,0.15,Hedge Fund,BBB,133693065.30887038
T0003016,CP0001,JPM_EMEA_UK,FX Forward,FX,4419234.843027609,56308.82229569267,75429.35258844435,Margined,1.4417711677814349,0.04,Bank,A,95932735.95865563
T0003017,CP0042,JPM_EMEA_CH,Interest Rate Swap,Interest Rate,1092459.29654635,51967.90935875626,19408.279915785082,Margined,6.283712724119042,0.005,Sovereign,A,139081539.86788905
T0003018,CP0031,JPM_EMEA_UK,Interest Rate Swap,Interest Rate,2114488.4419046324,39882.71541744842,35974.52891533582,Margined,3.6806533069549223,0.005,Asset Manager,AA,127417950.14526652
T0003019,CP0060,JPM_EMEA_UK,FX Forward,FX,3230329.4442995214,-52016.22453659592,61980.71801907892,Margined,5.60682791620481,0.04,Sovereign,BB,117319042.5294034
T0003020,CP0077,JPM_EMEA_CH,Interest Rate Swap,Interest Rate,2343613.8557891236,-93887.98854777959,42872.172050401074,Margined,3.4257980097426777,0.005,Hedge Fund,BBB,97919762.89770965
T0003021,CP0026,JPM_EMEA_FR,Commodity Future,Commodity,3936202.8958076756,-78439.84883104966,14978.08128958285,Margined,0.344570961090539,0.15,Corporate,A,54706836.20194616
T0003022,CP0018,JPM_EMEA_DE,Commodity Future,Commodity,23672414.804048706,-33202.58833796725,441683.3324811652,Margined,4.877147240431336,0.15,Bank,A,82699446.80257703
T0003023,CP0027,JPM_EMEA_UK,Equity Option,Equity,13921874.086418577,85280.44707290333,374062.5598566186,Margined,0.38237285279425504,0.08,Asset Manager,A,63103969.654531784
T0003024,CP0058,JPM_EMEA_DE,Interest Rate Swap,Interest Rate,3412556.2525932915,-255026.62810662246,40223.75272014623,Margined,2.7955309787053015,0.005,Bank,AA,149008823.32725883
T0003025,CP0029,JPM_EMEA_FR,Commodity Future,Commodity,1194842.5465032805,-9181.901039209451,0.0,Unmargined,3.8512285148798515,0.15,Corporate,AAA,77058489.83965607
T0003026,CP0052,JPM_EMEA_UK,Equity Option,Equity,15236014.556571964,15241.52899177741,71024.77834183919,Margined,5.4698067926663025,0.08,Hedge Fund,BBB,86957426.80012289
T0003027,CP0028,JPM_EMEA_CH,Interest Rate Swap,Interest Rate,3808517.811740407,72985.71389968962,44795.40200560171,Margined,6.2952683779078695,0.005,Sovereign,A,87687412.32129991
T0003028,CP0060,JPM_EMEA_FR,Equity Option,Equity,711623.667290177,40518.45034860229,4889.377485050736,Margined,1.4734557783700357,0.08,Sovereign,BB,117319042.5294034
T0003029,CP0006,JPM_EMEA_CH,FX Forward,FX,8155760.436520625,52995.10157496487,0.0,Unmargined,4.661826432394443,0.04,CCP,BBB,84218806.50178745
T0003030,CP0028,JPM_EMEA_UK,FX Forward,FX,11156039.889332319,-355149.1905246383,280282.2536999845,Margined,3.3180896287473187,0.04,Sovereign,A,87687412.32129991
T0003031,CP0025,JPM_EMEA_CH,Interest Rate Swap,Interest Rate,353591.1263085543,-22499.98579381024,0.0,Unmargined,5.384234175280138,0.005,Sovereign,A,81553622.137404
T0003032,CP0048,JPM_EMEA_CH,FX Forward,FX,1753720.8293339687,42168.88995278298,37474.36982979676,Margined,6.5819140786973485,0.04,CCP,A,125072691.36835924
T0003033,CP0052,JPM_EMEA_DE,Interest Rate Swap,Interest Rate,3581710.035131076,-108948.66208960372,90277.04808090042,Margined,3.754121443175005,0.005,Hedge Fund,BBB,86957426.80012289
T0003034,CP0059,JPM_EMEA_FR,Interest Rate Swap,Interest Rate,8337849.024949913,252964.4545685344,97858.40855733359,Margined,2.0430585532798795,0.005,Sovereign,AA,135918044.6131388
T0003035,CP0073,JPM_EMEA_FR,Interest Rate Swap,Interest Rate,2388218.705359759,116807.07313244646,31137.62627507018,Margined,5.599638920952313,0.005,Asset Manager,A,35958531.21349318
T0003036,CP0064,JPM_EMEA_CH,Securities Financing,SFT,1740465.2440877398,-94059.29625608822,31100.239355967646,Margined,3.7108143696511378,0.03,CCP,BB,61070776.73800309
T0003037,CP0004,JPM_EMEA_DE,Interest Rate Swap,Interest Rate,8276859.514817989,160457.18133028506,43533.7661062822,Margined,6.181834847042183,0.005,Asset Manager,A,74054962.28217925
T0003038,CP0055,JPM_EMEA_CH,FX Forward,FX,2504206.675086772,113294.77839184886,32256.137163819705,Margined,3.984208319080617,0.04,Asset Manager,A,41399016.28566236
T0003039,CP0002,JPM_EMEA_FR,FX Forward,FX,6878145.124982296,245318.51285696367,200444.9470069698,Margined,6.563004527560513,0.04,Sovereign,BBB,104480058.20212659
T0003040,CP0034,JPM_EMEA_UK,Securities Financing,SFT,1316239.366953263,-96576.80000264998,0.0,Unmargined,0.17187950067628482,0.03,Corporate,AA,92024698.66007642
T0003041,CP0048,JPM_EMEA_DE,Equity Option,Equity,1034544.6124089105,-30909.939333461192,0.0,Unmargined,5.1857638634331655,0.08,CCP,A,125072691.36835924
T0003042,CP0026,JPM_EMEA_UK,Securities Financing,SFT,8512737.052715385,-381424.4008912943,137824.92076864545,Margined,2.4584388104769737,0.03,Corporate,A,54706836.20194616
T0003043,CP0056,JPM_EMEA_CH,Interest Rate Swap,Interest Rate,5149060.503026553,94338.75107783593,0.0,Unmargined,4.696911600120808,0.005,Bank,A,25838380.52100277
T0003044,CP0064,JPM_EMEA_DE,Interest Rate Swap,Interest Rate,10061840.440956641,145558.92874286528,0.0,Unmargined,6.599310042283752,0.005,CCP,BB,61070776.73800309
T0003045,CP0049,JPM_EMEA_DE,Equity Option,Equity,2348322.7741136146,-221743.2328672442,0.0,Unmargined,4.594682681275662,0.08,Sovereign,AA,61228056.066952996
T0003046,CP0042,JPM_EMEA_DE,FX Forward,FX,1806134.7392094594,-19016.985467652205,0.0,Unmargined,5.227648363052496,0.04,Sovereign,A,139081539.86788905
T0003047,CP0078,JPM_EMEA_FR,Commodity Future,Commodity,15595980.934532536,437080.3922765711,275714.3129372607,Margined,1.148450631921687,0.15,Hedge Fund,BBB,133693065.30887038
T0003048,CP0053,JPM_EMEA_CH,Securities Financing,SFT,872262.9059419556,4517.588884017796,0.0,Unmargined,1.235100425661005,0.03,Asset Manager,A,53275461.77378836
T0003049,CP0019,JPM_EMEA_CH,FX Forward,FX,13981780.2355974,71577.51734647069,135409.57780319604,Margined,4.035313385803453,0.04,CCP,AA,121755579.54253721
T0003050,CP0053,JPM_EMEA_CH,Securities Financing,SFT,14981244.747600358,-191382.09132216914,0.0,Unmargined,3.042701088935613,0.03,Asset Manager,A,53275461.77378836
T0003051,CP0039,JPM_EMEA_DE,Equity Option,Equity,9453488.959075855,-350374.02731670043,247178.28784658463,Margined,0.8224962806393922,0.08,Hedge Fund,A,114509299.85729474
T0003052,CP0002,JPM_EMEA_FR,Interest Rate Swap,Interest Rate,2010707.8899218072,-1200.299788299951,26324.538082718238,Margined,5.111930679064257,0.005,Sovereign,BBB,104480058.20212659
T0003053,CP0074,JPM_EMEA_FR,FX Forward,FX,1767861.32383555,3223.289918229139,33852.43494142667,Margined,4.907748416231708,0.04,Bank,A,128044647.3762378
T0003054,CP0064,JPM_EMEA_DE,Interest Rate Swap,Interest Rate,3242156.154068741,69816.29302956363,19133.151764168724,Margined,0.6864516693451288,0.005,CCP,BB,61070776.73800309
T0003055,CP0050,JPM_EMEA_CH,Commodity Future,Commodity,1095547.988590604,26706.718189039042,16551.76956090305,Margined,0.38816466953482315,0.15,Sovereign,A,143876921.35906684
T0003056,CP0054,JPM_EMEA_CH,Interest Rate Swap,Interest Rate,1528979.2598968786,4594.811519406788,0.0,Unmargined,2.6827525880637118,0.005,Asset Manager,A,141685664.10636523
T0003057,CP0047,JPM_EMEA_CH,FX Forward,FX,7621922.638443739,292085.73978676886,95349.63268047947,Margined,4.448892631198489,0.04,Asset Manager,BBB,127872666.6072137
T0003058,CP0028,JPM_EMEA_CH,Equity Option,Equity,7657177.745635418,-100480.26887986394,52196.02899219831,Margined,6.260294250411377,0.08,Sovereign,A,87687412.32129991
T0003059,CP0075,JPM_EMEA_UK,Interest Rate Swap,Interest Rate,1400346.2599621373,-70774.70420035816,6971.995396070861,Margined,3.0698137331666104,0.005,Sovereign,AA,39926961.16118422
T0003060,CP0045,JPM_EMEA_UK,Interest Rate Swap,Interest Rate,7864950.921843099,131320.12939707725,75307.05171922871,Margined,0.6345157605275284,0.005,Bank,AAA,92130821.02089284
T0003061,CP0028,JPM_EMEA_FR,Equity Option,Equity,6300302.618079759,27868.03030866313,0.0,Margined,5.891239080983787,0.08,Sovereign,A,87687412.32129991
T0003062,CP0055,JPM_EMEA_FR,Interest Rate Swap,Interest Rate,18104863.7147523,314890.7078432229,49259.36011005804,Margined,0.918053994646329,0.005,Asset Manager,A,41399016.28566236
T0003063,CP0013,JPM_EMEA_DE,FX Forward,FX,7066962.836714244,-312754.0740502035,0.0,Unmargined,4.4798694673063215,0.04,Sovereign,BBB,95537948.16105135
T0003064,CP0026,JPM_EMEA_UK,FX Forward,FX,11529113.153118482,722620.1758915555,170415.6389944771,Margined,2.9235010854367096,0.04,Corporate,A,54706836.20194616
T0003065,CP0011,JPM_EMEA_DE,Interest Rate Swap,Interest Rate,6445433.864024694,160282.37111246207,21956.398974327625,Margined,6.37151242837128,0.005,Corporate,AA,42177085.909795195
T0003066,CP0007,JPM_EMEA_UK,Interest Rate Swap,Interest Rate,10657069.458057862,-107422.1004878842,0.0,Unmargined,4.949130829418664,0.005,Bank,A,62881957.60326209
T0003067,CP0066,JPM_EMEA_UK,Commodity Future,Commodity,1104261.9624686688,-36154.48643661434,5492.925225463392,Margined,0.050991042539283174,0.15,Hedge Fund,BBB,106015964.21180893
T0003068,CP0035,JPM_EMEA_UK,Securities Financing,SFT,3541498.363109998,133515.79639524565,62952.65127966942,Margined,2.6406954733432535,0.03,CCP,AAA,34114846.34760766
T0003069,CP0069,JPM_EMEA_FR,Interest Rate Swap,Interest Rate,3847069.127834192,-148350.4580095464,42605.857458119586,Margined,1.3031480908932034,0.005,Bank,AA,117082649.47537337
T0003070,CP0051,JPM_EMEA_FR,Securities Financing,SFT,3134734.2889736164,248107.22496540804,0.0,Unmargined,2.0205439359825976,0.03,Sovereign,AA,57819318.95821542
T0003071,CP0019,JPM_EMEA_DE,Equity Option,Equity,6235015.040737425,-133816.9708164386,70277.91598001124,Margined,2.8227425439769505,0.08,CCP,AA,121755579.54253721
T0003072,CP0017,JPM_EMEA_FR,Equity Option,Equity,7543407.595087153,454246.5236135057,0.0,Unmargined,3.812626453326884,0.08,Corporate,A,144612697.7213879
T0003073,CP0037,JPM_EMEA_FR,Equity Option,Equity,5921272.873449317,-38231.18667947575,0.0,Unmargined,5.598752708698137,0.08,CCP,AA,56560391.89907108
T0003074,CP0008,JPM_EMEA_UK,Equity Option,Equity,3351307.204082125,185414.87415845128,46289.82797223152,Margined,0.6506762335794087,0.08,Sovereign,AA,38788144.55258609
T0003075,CP0047,JPM_EMEA_DE,Commodity Future,Commodity,1916622.0378590215,-49296.28112892887,34980.17236076059,Margined,3.1156684032664823,0.15,Asset Manager,BBB,127872666.6072137
T0003076,CP0037,JPM_EMEA_UK,FX Forward,FX,11982897.624584466,7900.003851005858,51534.81434927469,Margined,5.962491617763169,0.04,CCP,AA,56560391.89907108
T0003077,CP0012,JPM_EMEA_UK,FX Forward,FX,5674753.791869509,159836.40095114545,0.0,Margined,3.0536526453949895,0.04,CCP,AAA,140265615.38898364
T0003078,CP0042,JPM_EMEA_UK,FX Forward,FX,1444380.4896089027,33470.195460085044,0.0,Unmargined,3.6591002888113238,0.04,Sovereign,A,139081539.86788905
T0003079,CP0068,JPM_EMEA_CH,Interest Rate Swap,Interest Rate,3295661.2130790334,126970.83280084147,59571.4018741911,Margined,5.461311441215475,0.005,Asset Manager,AA,32280666.847996987
T0003080,CP0073,JPM_EMEA_CH,Equity Option,Equity,699768.7773428073,-11939.121801719124,6482.638630010324,Margined,5.004616243515698,0.08,Asset Manager,A,35958531.21349318
T0003081,CP0034,JPM_EMEA_UK,Interest Rate Swap,Interest Rate,4144014.381819022,12300.649087590027,42066.52215555813,Margined,3.594484287992546,0.005,Corporate,AA,92024698.66007642
T0003082,CP0006,JPM_EMEA_CH,Interest Rate Swap,Interest Rate,3280232.875557328,143325.1836960675,63263.08692451325,Margined,6.771296846163605,0.005,CCP,BBB,84218806.50178745
T0003083,CP0070,JPM_EMEA_DE,Interest Rate Swap,Interest Rate,2252019.5935822036,-55588.72229234542,0.0,Unmargined,0.3016841826461809,0.005,Asset Manager,BBB,54119867.06997241
T0003084,CP0045,JPM_EMEA_UK,Interest Rate Swap,Interest Rate,19509363.911956117,390946.9170563744,220259.8896293256,Margined,0.42884629340265573,0.005,Bank,AAA,92130821.02089284
T0003085,CP0061,JPM_EMEA_UK,Equity Option,Equity,1258776.5303581245,-9655.581817696191,0.0,Margined,3.0201692724817923,0.08,CCP,BBB,135803023.8142082
T0003086,CP0004,JPM_EMEA_CH,Equity Option,Equity,8106671.0797132095,58413.37830632506,118079.76443094725,Margined,1.147052757340432,0.08,Asset Manager,A,74054962.28217925
T0003087,CP0024,JPM_EMEA_DE,FX Forward,FX,35623392.75962446,105418.79485350993,492887.2783831967,Margined,1.5547330527029757,0.04,CCP,BBB,94324646.8088898
T0003088,CP0023,JPM_EMEA_FR,Interest Rate Swap,Interest Rate,11746581.532265056,-324087.130542223,215717.63429356104,Margined,1.0930736126470977,0.005,Hedge Fund,A,141917439.14674777
T0003089,CP0058,JPM_EMEA_DE,FX Forward,FX,3875813.5107217086,-35363.93686634735,10999.3686217098,Margined,4.861964177809384,0.04,Bank,AA,149008823.32725883
T0003090,CP0055,JPM_EMEA_DE,FX Forward,FX,1286886.4827038504,6527.897463686897,13467.137521288074,Margined,2.977816127245926,0.04,Asset Manager,A,41399016.28566236
T0003091,CP0060,JPM_EMEA_CH,Equity Option,Equity,1024528.169873939,-3683.5270640934586,0.0,Unmargined,5.847514395707578,0.08,Sovereign,BB,117319042.5294034
T0003092,CP0032,JPM_EMEA_CH,Equity Option,Equity,2650485.0637235516,145897.96004387466,0.0,Unmargined,1.7901708023833844,0.08,Hedge Fund,A,136500900.33916968
T0003093,CP0025,JPM_EMEA_FR,FX Forward,FX,2012330.7496193342,71132.76179556681,48002.75066446906,Margined,4.3828134839377935,0.04,Sovereign,A,81553622.137404
T0003094,CP0016,JPM_EMEA_CH,FX Forward,FX,1947891.3960694033,19769.768131518955,18376.36448381468,Margined,1.5334207086248368,0.04,Sovereign,BBB,22964503.233860675
T0003095,CP0021,JPM_EMEA_UK,Securities Financing,SFT,2886315.876412327,-77093.83301223668,3095.98191995273,Margined,0.15066504320246588,0.03,Corporate,BBB,83265583.00896084
T0003096,CP0014,JPM_EMEA_CH,Commodity Future,Commodity,3611225.7882240424,-104150.67038438997,23693.129182241602,Margined,4.837982753303085,0.15,Sovereign,BBB,65093074.58952882
T0003097,CP0066,JPM_EMEA_UK,FX Forward,FX,6498077.141583668,448909.1729556431,0.0,Margined,1.0613635235821488,0.04,Hedge Fund,BBB,106015964.21180893
T0003098,CP0055,JPM_EMEA_UK,FX Forward,FX,1160090.6419266341,-41004.55253318728,1895.3757769868917,Margined,4.871984054382533,0.04,Asset Manager,A,41399016.28566236
T0003099,CP0055,JPM_EMEA_CH,Interest Rate Swap,Interest Rate,2021926.085904664,8057.5506224390965,35116.60113039591,Margined,4.850166457441947,0.005,Asset Manager,A,41399016.28566236
T0003100,CP0071,JPM_EMEA_DE,Securities Financing,SFT,3409693.0694908374,43075.3515414712,1465.2613862553626,Margined,4.693600898932662,0.03,Sovereign,A,141785709.5693913
T0003101,CP0060,JPM_EMEA_UK,FX Forward,FX,3289742.0837147078,-35846.108127912696,47696.74906567836,Margined,4.164120386255342,0.04,Sovereign,BB,117319042.5294034
T0003102,CP0026,JPM_EMEA_UK,Interest Rate Swap,Interest Rate,25096240.8636532,-880304.147460269,306323.24551923055,Margined,6.2002098063365825,0.005,Corporate,A,54706836.20194616
T0003103,CP0026,JPM_EMEA_UK,Securities Financing,SFT,5045723.000494357,-138612.98585560117,39093.12151103044,Margined,0.5756747979170551,0.03,Corporate,A,54706836.20194616
T0003104,CP0011,JPM_EMEA_CH,Equity Option,Equity,796685.3661546292,-15238.738825307248,0.0,Unmargined,6.526142064901098,0.08,Corporate,AA,42177085.909795195
T0003105,CP0058,JPM_EMEA_UK,Interest Rate Swap,Interest Rate,6076784.69299047,-150900.23923517464,27337.679458223698,Margined,0.5084870076097462,0.005,Bank,AA,149008823.32725883
T0003106,CP0070,JPM_EMEA_CH,Interest Rate Swap,Interest Rate,6903013.696549482,320784.522076061,129271.04768320214,Margined,3.492497371493152,0.005,Asset Manager,BBB,54119867.06997241
T0003107,CP0058,JPM_EMEA_CH,Interest Rate Swap,Interest Rate,3529535.701149869,-1127.3681919536346,22635.892290896816,Margined,6.466469214559993,0.005,Bank,AA,149008823.32725883
T0003108,CP0038,JPM_EMEA_UK,Equity Option,Equity,1188744.4745045886,-21793.298265502508,10590.60166235133,Margined,1.9190585042844903,0.08,Sovereign,BBB,105724942.50994723
T0003109,CP0027,JPM_EMEA_FR,Interest Rate Swap,Interest Rate,23204565.693255946,86867.02343685528,184643.18349595045,Margined,5.873436703882513,0.005,Asset Manager,A,63103969.654531784
T0003110,CP0036,JPM_EMEA_FR,Securities Financing,SFT,1372193.3534415294,32079.762877319547,24035.048580930164,Margined,4.17266453071579,0.03,Bank,AA,107391212.09517552
T0003111,CP0022,JPM_EMEA_DE,Securities Financing,SFT,7745147.881862647,-93419.57052469975,0.0,Unmargined,6.035240914695781,0.03,Asset Manager,A,83791909.26608771
T0003112,CP0014,JPM_EMEA_FR,FX Forward,FX,4885857.90422995,154243.3354175985,0.0,Margined,0.38754320501039136,0.04,Sovereign,BBB,65093074.58952882
T0003113,CP0035,JPM_EMEA_UK,Equity Option,Equity,7294385.262938851,-324528.2004264559,102368.99057601701,Margined,3.9137923827062284,0.08,CCP,AAA,34114846.34760766
T0003114,CP0019,JPM_EMEA_CH,Interest Rate Swap,Interest Rate,22046465.302188713,903808.6709323747,0.0,Margined,1.361124948515567,0.005,CCP,AA,121755579.54253721
T0003115,CP0060,JPM_EMEA_CH,Interest Rate Swap,Interest Rate,7014175.924148391,-2197.765013328736,65017.38680157001,Margined,0.17557639234112377,0.005,Sovereign,BB,117319042.5294034
T0003116,CP0073,JPM_EMEA_UK,Commodity Future,Commodity,2287890.3171876357,-3844.6448137365187,25474.76143084747,Margined,4.838232675033166,0.15,Asset Manager,A,35958531.21349318
T0003117,CP0016,JPM_EMEA_UK,Interest Rate Swap,Interest Rate,12088887.428094571,-293222.02540794143,0.0,Unmargined,5.260303778863381,0.005,Sovereign,BBB,22964503.233860675
T0003118,CP0001,JPM_EMEA_DE,Interest Rate Swap,Interest Rate,2128026.2588230916,-91451.40618711665,34062.36675027589,Margined,5.1672584331878575,0.005,Bank,A,95932735.95865563
T0003119,CP0070,JPM_EMEA_DE,FX Forward,FX,4710774.691435843,-274796.0590957935,0.0,Unmargined,5.102478440471481,0.04,Asset Manager,BBB,54119867.06997241
T0003120,CP0024,JPM_EMEA_CH,Interest Rate Swap,Interest Rate,1097693.0531100417,-29305.312770320943,6380.092416552611,Margined,5.609595696138694,0.005,CCP,BBB,94324646.8088898
T0003121,CP0021,JPM_EMEA_CH,FX Forward,FX,1423349.837278933,29276.26040211407,7859.20259347896,Margined,3.3136488556760457,0.04,Corporate,BBB,83265583.00896084
T0003122,CP0069,JPM_EMEA_UK,Equity Option,Equity,4210919.496456058,-141675.31175018274,0.0,Unmargined,2.465652575701601,0.08,Bank,AA,117082649.47537337
T0003123,CP0068,JPM_EMEA_UK,Commodity Future,Commodity,5779869.298433015,-313243.98451087833,0.0,Margined,5.408193665613673,0.15,Asset Manager,AA,32280666.847996987
T0003124,CP0047,JPM_EMEA_FR,Equity Option,Equity,728989.2731372258,-23194.46010636665,5966.176658170456,Margined,4.681901019235374,0.08,Asset Manager,BBB,127872666.6072137
T0003125,CP0013,JPM_EMEA_DE,Commodity Future,Commodity,6577019.8283783095,-88586.97259462703,149854.9150636271,Margined,1.4400442455872278,0.15,Sovereign,BBB,95537948.16105135
T0003126,CP0057,JPM_EMEA_CH,FX Forward,FX,1762732.8924260635,-21315.922934612274,0.0,Margined,3.0752876936590767,0.04,Corporate,A,76562617.80039492
T0003127,CP0060,JPM_EMEA_FR,Commodity Future,Commodity,14382071.221433211,-64881.14451997831,133452.11797486874,Margined,1.3160999853905948,0.15,Sovereign,BB,117319042.5294034
T0003128,CP0036,JPM_EMEA_DE,FX Forward,FX,2813220.555687669,101673.22895263377,0.0,Unmargined,5.463378466285871,0.04,Bank,AA,107391212.09517552
T0003129,CP0045,JPM_EMEA_FR,Interest Rate Swap,Interest Rate,1300400.2368318501,56858.57685050944,36466.00946492575,Margined,1.7675600901342163,0.005,Bank,AAA,92130821.02089284
T0003130,CP0043,JPM_EMEA_DE,Securities Financing,SFT,4315006.880461771,302875.4578242059,33213.084105437054,Margined,4.377734498913385,0.03,Sovereign,BBB,49927818.8163345
T0003131,CP0053,JPM_EMEA_DE,Interest Rate Swap,Interest Rate,1600089.171757471,-90999.88108956035,13059.148443861695,Margined,5.16080322301371,0.005,Asset Manager,A,53275461.77378836
T0003132,CP0042,JPM_EMEA_FR,Interest Rate Swap,Interest Rate,14228393.387823986,-426224.85895004316,53411.68958880774,Margined,6.9416479314842086,0.005,Sovereign,A,139081539.86788905
T0003133,CP0078,JPM_EMEA_DE,Interest Rate Swap,Interest Rate,4002121.392471834,97839.78362875119,48323.91262544534,Margined,3.060340740998006,0.005,Hedge Fund,BBB,133693065.30887038
T0003134,CP0003,JPM_EMEA_FR,FX Forward,FX,3437064.4105296903,-54618.70862527098,48673.42548411255,Margined,6.113600568485366,0.04,Corporate,BBB,30977761.748185582
T0003135,CP0005,JPM_EMEA_DE,FX Forward,FX,7228961.440853503,217790.72697719772,35519.07711436386,Margined,4.667259796992788,0.04,Asset Manager,BBB,25409842.60204602
T0003136,CP0013,JPM_EMEA_FR,FX Forward,FX,1464255.499633528,10614.344268275994,0.0,Unmargined,0.10871625153573876,0.04,Sovereign,BBB,95537948.16105135
T0003137,CP0012,JPM_EMEA_DE,Securities Financing,SFT,1102015.4226647606,60910.758824918536,15613.915075246936,Margined,2.7693896745919955,0.03,CCP,AAA,140265615.38898364
T0003138,CP0040,JPM_EMEA_FR,Interest Rate Swap,Interest Rate,6017343.84721774,219603.34873986745,113217.49275344053,Margined,2.7891208507120973,0.005,Corporate,BBB,119924173.94929542
T0003139,CP0007,JPM_EMEA_DE,FX Forward,FX,1331922.85411665,49461.730272908055,0.0,Unmargined,0.8813947927606294,0.04,Bank,A,62881957.60326209
T0003140,CP0016,JPM_EMEA_UK,FX Forward,FX,1331470.8153026134,-19193.825931958796,18567.992498196996,Margined,3.087775234251086,0.04,Sovereign,BBB,22964503.233860675
T0003141,CP0042,JPM_EMEA_DE,Commodity Future,Commodity,9235459.717640188,-31503.35009454884,0.0,Unmargined,0.8593943040859182,0.15,Sovereign,A,139081539.86788905
T0003142,CP0072,JPM_EMEA_DE,Interest Rate Swap,Interest Rate,6762268.9085710235,-72247.20878695378,160005.10386862536,Margined,5.855922199320574,0.005,Hedge Fund,AA,51326174.75073902
T0003143,CP0065,JPM_EMEA_DE,Interest Rate Swap,Interest Rate,1141638.851006052,-60171.47418154322,14761.519461684698,Margined,2.5651856214358224,0.005,Asset Manager,BBB,120361616.17442845
T0003144,CP0018,JPM_EMEA_DE,FX Forward,FX,2153637.597253043,110938.0161090705,0.0,Unmargined,1.3226960412752784,0.04,Bank,A,82699446.80257703
T0003145,CP0005,JPM_EMEA_DE,Equity Option,Equity,1620221.3977327407,42269.236358516835,13503.0288355648,Margined,4.232669175919919,0.08,Asset Manager,BBB,25409842.60204602
T0003146,CP0060,JPM_EMEA_DE,Commodity Future,Commodity,23632282.011116683,-285382.2404217844,186040.19995101803,Margined,6.010195753393272,0.15,Sovereign,BB,117319042.5294034
T0003147,CP0063,JPM_EMEA_DE,Equity Option,Equity,9897723.574107667,451937.3605491784,137595.94196184864,Margined,6.547746521894895,0.08,Asset Manager,AA,87451586.85023838
T0003148,CP0075,JPM_EMEA_DE,Commodity Future,Commodity,2625967.803425894,-57936.38006377823,0.0,Unmargined,6.265285750005345,0.15,Sovereign,AA,39926961.16118422
T0003149,CP0035,JPM_EMEA_FR,FX Forward,FX,7117019.658221996,-457871.37012580736,46428.128378494715,Margined,6.180265642432773,0.04,CCP,AAA,34114846.34760766
T0003150,CP0005,JPM_EMEA_DE,Interest Rate Swap,Interest Rate,1030566.009596887,36335.63592498611,13410.378519779135,Margined,2.468957849450627,0.005,Asset Manager,BBB,25409842.60204602
T0003151,CP0076,JPM_EMEA_FR,Interest Rate Swap,Interest Rate,2041425.2378681249,-91352.97948061426,27504.848830511484,Margined,3.5626789925486877,0.005,Asset Manager,BBB,43304880.06050608
T0003152,CP0023,JPM_EMEA_DE,Interest Rate Swap,Interest Rate,4442234.995076496,-30438.82186002892,0.0,Unmargined,2.6305961510994242,0.005,Hedge Fund,A,141917439.14674777
T0003153,CP0031,JPM_EMEA_CH,FX Forward,FX,6287258.406447827,45358.208732559964,0.0,Margined,6.4597183562105265,0.04,Asset Manager,AA,127417950.14526652
T0003154,CP0034,JPM_EMEA_DE,FX Forward,FX,3628557.678624142,48953.91327733678,16699.12463780059,Margined,0.6951419187978515,0.04,Corporate,AA,92024698.66007642
T0003155,CP0079,JPM_EMEA_FR,FX Forward,FX,5125908.982999667,152208.93083135053,0.0,Unmargined,3.902521738841103,0.04,Corporate,A,45536506.54289452
T0003156,CP0029,JPM_EMEA_DE,Equity Option,Equity,4325945.897401656,87945.61455616455,53049.40077332007,Margined,1.7659951818745934,0.08,Corporate,AAA,77058489.83965607
T0003157,CP0045,JPM_EMEA_FR,FX Forward,FX,3396403.0973636806,65367.98381513428,16276.287215263004,Margined,5.960101020498743,0.04,Bank,AAA,92130821.02089284
T0003158,CP0041,JPM_EMEA_FR,Equity Option,Equity,2974716.5850466234,-82329.18542585163,23887.18553923042,Margined,2.4075673862873357,0.08,Bank,BBB,34006322.97426655
T0003159,CP0080,JPM_EMEA_UK,Equity Option,Equity,2611773.489418909,26897.413280639368,6387.760182789523,Margined,6.052605344242045,0.08,Sovereign,A,60342077.47701232
T0003160,CP0077,JPM_EMEA_FR,FX Forward,FX,5044163.688757414,-265798.41716877953,44258.035474992095,Margined,6.499898247238174,0.04,Hedge Fund,BBB,97919762.89770965
T0003161,CP0051,JPM_EMEA_CH,FX Forward,FX,6032188.92286827,329808.84022107325,18139.824742993733,Margined,1.245175147921511,0.04,Sovereign,AA,57819318.95821542
T0003162,CP0009,JPM_EMEA_DE,Equity Option,Equity,4877601.1356383525,-239440.31221117612,88105.41424821875,Margined,5.2920561736038145,0.08,Hedge Fund,BBB,33442385.803931713
T0003163,CP0028,JPM_EMEA_FR,Equity Option,Equity,1230840.5514086254,-14924.427075767111,0.0,Unmargined,2.4823489031971344,0.08,Sovereign,A,87687412.32129991
T0003164,CP0054,JPM_EMEA_UK,FX Forward,FX,1473096.296834464,-67999.00651252543,19447.573147741343,Margined,2.8527693853659457,0.04,Asset Manager,A,141685664.10636523
T0003165,CP0065,JPM_EMEA_CH,FX Forward,FX,5960629.921790932,-152328.7853994815,57129.44625591287,Margined,1.9569498734903406,0.04,Asset Manager,BBB,120361616.17442845
T0003166,CP0061,JPM_EMEA_CH,Equity Option,Equity,17426075.245311115,8190.160221047628,0.0,Margined,4.335833255326593,0.08,CCP,BBB,135803023.8142082
T0003167,CP0039,JPM_EMEA_CH,Equity Option,Equity,4658576.00297744,-86214.09261943198,0.0,Unmargined,2.435011533782597,0.08,Hedge Fund,A,114509299.85729474
T0003168,CP0054,JPM_EMEA_FR,Interest Rate Swap,Interest Rate,2650175.7237345665,106135.87793590748,15658.15951074193,Margined,5.1972800710539655,0.005,Asset Manager,A,141685664.10636523
T0003169,CP0025,JPM_EMEA_UK,FX Forward,FX,5005988.103520867,39755.232530529494,69974.67156175949,Margined,5.460519583089225,0.04,Sovereign,A,81553622.137404
T0003170,CP0051,JPM_EMEA_DE,Securities Financing,SFT,1283348.8347780488,-20792.613156452793,21762.589801246137,Margined,2.7961693525342652,0.03,Sovereign,AA,57819318.95821542
T0003171,CP0039,JPM_EMEA_CH,Interest Rate Swap,Interest Rate,14809035.743060179,-69237.68514644151,0.0,Unmargined,0.08297100255330514,0.005,Hedge Fund,A,114509299.85729474
T0003172,CP0055,JPM_EMEA_UK,Securities Financing,SFT,4820552.295505007,205787.0443331324,0.0,Unmargined,0.5092652075807551,0.03,Asset Manager,A,41399016.28566236
T0003173,CP0070,JPM_EMEA_FR,Interest Rate Swap,Interest Rate,2047945.607341617,65146.134657209135,15264.334168910133,Margined,1.9529949626300558,0.005,Asset Manager,BBB,54119867.06997241
T0003174,CP0066,JPM_EMEA_UK,FX Forward,FX,3385490.822204468,-134935.4443598963,24110.76466795218,Margined,6.679418578184166,0.04,Hedge Fund,BBB,106015964.21180893
T0003175,CP0059,JPM_EMEA_FR,FX Forward,FX,2361408.1836003223,-56255.37847827976,47943.7313496931,Margined,2.786974847185483,0.04,Sovereign,AA,135918044.6131388
T0003176,CP0062,JPM_EMEA_FR,Interest Rate Swap,Interest Rate,14849472.42878868,246763.24127081028,197939.47528871766,Margined,5.222435182406655,0.005,Sovereign,BBB,136148063.1607222
T0003177,CP0014,JPM_EMEA_DE,Securities Financing,SFT,3267595.102483141,40413.06240590997,32754.4062304757,Margined,6.555741539457893,0.03,Sovereign,BBB,65093074.58952882
T0003178,CP0015,JPM_EMEA_FR,FX Forward,FX,4672340.422308774,-171770.90471535528,125088.68815522341,Margined,2.4246673822997304,0.04,Sovereign,BBB,96819013.89258417
T0003179,CP0068,JPM_EMEA_DE,Securities Financing,SFT,7099474.858861383,186144.1885410433,118006.36627705322,Margined,3.9509651672734343,0.03,Asset Manager,AA,32280666.847996987
T0003180,CP0044,JPM_EMEA_FR,Interest Rate Swap,Interest Rate,1906993.193427734,-59461.182253768486,19976.98677921595,Margined,5.973628454573858,0.005,Asset Manager,AA,24863632.30290337
T0003181,CP0035,JPM_EMEA_CH,Securities Financing,SFT,4854974.392427125,221551.5959731694,0.0,Unmargined,4.322845277648454,0.03,CCP,AAA,34114846.34760766
T0003182,CP0054,JPM_EMEA_DE,Securities Financing,SFT,5263151.17733297,97529.98325186,119010.9079615456,Margined,0.8299332292380182,0.03,Asset Manager,A,141685664.10636523
T0003183,CP0007,JPM_EMEA_UK,Equity Option,Equity,845536.0619720428,-33497.90298570979,0.0,Unmargined,5.398559626603063,0.08,Bank,A,62881957.60326209
T0003184,CP0014,JPM_EMEA_CH,Interest Rate Swap,Interest Rate,5149969.796481128,-95365.51613954517,62809.728718778795,Margined,6.333443233052769,0.005,Sovereign,BBB,65093074.58952882
T0003185,CP0012,JPM_EMEA_FR,Equity Option,Equity,3821076.908761505,-73082.38125030317,66525.75683224502,Margined,5.392991848841089,0.08,CCP,AAA,140265615.38898364
T0003186,CP0046,JPM_EMEA_DE,FX Forward,FX,4555159.9859062005,25489.241524398927,0.0,Unmargined,5.280144507939815,0.04,CCP,AA,68219896.90211704
T0003187,CP0006,JPM_EMEA_UK,Securities Financing,SFT,4145088.2315052026,-29592.578380767896,67975.13559063175,Margined,5.302089435122858,0.03,CCP,BBB,84218806.50178745
T0003188,CP0004,JPM_EMEA_UK,FX Forward,FX,5183415.666638776,-207814.08128544575,98857.0907809185,Margined,4.307145197405639,0.04,Asset Manager,A,74054962.28217925
T0003189,CP0055,JPM_EMEA_DE,Interest Rate Swap,Interest Rate,15235642.539899109,-743485.1885941232,237843.53755012844,Margined,1.772279024052679,0.005,Asset Manager,A,41399016.28566236
T0003190,CP0059,JPM_EMEA_CH,Interest Rate Swap,Interest Rate,1229720.5507195424,23630.084699676616,0.0,Unmargined,6.380329288709933,0.005,Sovereign,AA,135918044.6131388
T0003191,CP0021,JPM_EMEA_FR,Equity Option,Equity,2840960.006806914,28461.561964520817,17463.089001073364,Margined,0.9459056757261916,0.08,Corporate,BBB,83265583.00896084
T0003192,CP0056,JPM_EMEA_DE,Securities Financing,SFT,7790561.914523809,28776.890579968935,206316.1349898065,Margined,5.799705437426574,0.03,Bank,A,25838380.52100277
T0003193,CP0008,JPM_EMEA_CH,Interest Rate Swap,Interest Rate,6470285.464864761,61309.93441676898,13785.504338293402,Margined,2.5476512830350617,0.005,Sovereign,AA,38788144.55258609
T0003194,CP0033,JPM_EMEA_DE,Commodity Future,Commodity,6332530.46932944,-137176.35259137908,91663.51099462298,Margined,4.733049627398309,0.15,Bank,BBB,38232381.569819406
T0003195,CP0030,JPM_EMEA_CH,Securities Financing,SFT,62794756.627343126,404381.4364723418,82001.38284191664,Margined,5.645424920948481,0.03,Asset Manager,A,22809570.384442955
T0003196,CP0028,JPM_EMEA_DE,Interest Rate Swap,Interest Rate,7392233.22791146,656782.8815350201,0.0,Unmargined,5.600193728674297,0.005,Sovereign,A,87687412.32129991
T0003197,CP0070,JPM_EMEA_FR,Interest Rate Swap,Interest Rate,12394243.827515375,509525.49502129754,92084.90477142199,Margined,1.169941149229303,0.005,Asset Manager,BBB,54119867.06997241
T0003198,CP0007,JPM_EMEA_DE,Equity Option,Equity,2942390.3707159343,-29701.358712806334,38504.25859747673,Margined,4.295880674818912,0.08,Bank,A,62881957.60326209
T0003199,CP0051,JPM_EMEA_FR,Equity Option,Equity,1481984.3803191066,-27147.00640065258,21835.648928838116,Margined,1.5412104073293293,0.08,Sovereign,AA,57819318.95821542
T0003200,CP0022,JPM_EMEA_UK,Interest Rate Swap,Interest Rate,2921148.707457188,-292451.9097059738,0.0,Unmargined,0.8291247699703581,0.005,Asset Manager,A,83791909.26608771
T0003201,CP0039,JPM_EMEA_CH,Commodity Future,Commodity,8151928.560610516,304917.14358956984,95904.86644400987,Margined,3.6192511098806666,0.15,Hedge Fund,A,114509299.85729474
T0003202,CP0017,JPM_EMEA_DE,FX Forward,FX,6008182.054093536,165412.38595713046,139085.7722700392,Margined,6.913313005385054,0.04,Corporate,A,144612697.7213879
T0003203,CP0059,JPM_EMEA_FR,Securities Financing,SFT,5986732.26600286,-113951.33577878363,8991.348785943243,Margined,6.872564348660413,0.03,Sovereign,AA,135918044.6131388
T0003204,CP0005,JPM_EMEA_FR,Securities Financing,SFT,3228281.5710775005,-161768.44347308058,16682.37050336859,Margined,4.0351382109777,0.03,Asset Manager,BBB,25409842.60204602
T0003205,CP0007,JPM_EMEA_FR,Commodity Future,Commodity,2752450.8757236963,-111293.59099959228,51982.88958418679,Margined,5.416610439185715,0.15,Bank,A,62881957.60326209
T0003206,CP0027,JPM_EMEA_FR,FX Forward,FX,3341557.8380483086,51974.34062030105,42171.92520923528,Margined,1.7852618674313578,0.04,Asset Manager,A,63103969.654531784
T0003207,CP0071,JPM_EMEA_CH,Interest Rate Swap,Interest Rate,8254593.318469805,-25811.499810522335,109036.89961190664,Margined,1.6093171884848416,0.005,Sovereign,A,141785709.5693913
T0003208,CP0002,JPM_EMEA_CH,FX Forward,FX,9272210.321505873,224440.5325375257,187098.54297202802,Margined,4.960335841043385,0.04,Sovereign,BBB,104480058.20212659
T0003209,CP0015,JPM_EMEA_CH,Interest Rate Swap,Interest Rate,1462361.6706048022,4424.389628274655,8258.614980563729,Margined,5.512696803864397,0.005,Sovereign,BBB,96819013.89258417
T0003210,CP0040,JPM_EMEA_UK,Equity Option,Equity,8573164.5247762,290086.38832302904,67259.20332820088,Margined,5.2057680104761,0.08,Corporate,BBB,119924173.94929542
T0003211,CP0002,JPM_EMEA_CH,Interest Rate Swap,Interest Rate,2086677.5881411547,26991.44569067179,14312.240018033432,Margined,0.7763274946895158,0.005,Sovereign,BBB,104480058.20212659
T0003212,CP0043,JPM_EMEA_FR,FX Forward,FX,6393079.089419648,185449.40450095,58908.232106690295,Margined,2.526094242785108,0.04,Sovereign,BBB,49927818.8163345
T0003213,CP0029,JPM_EMEA_FR,Interest Rate Swap,Interest Rate,3301340.5678279023,-241456.4816437752,74993.8356182483,Margined,0.35705215324378986,0.005,Corporate,AAA,77058489.83965607
T0003214,CP0052,JPM_EMEA_CH,Interest Rate Swap,Interest Rate,19145791.191698074,-827138.2892899632,0.0,Unmargined,5.513827738539572,0.005,Hedge Fund,BBB,86957426.80012289
T0003215,CP0005,JPM_EMEA_FR,Interest Rate Swap,Interest Rate,2633252.389423275,-33580.046686268426,6441.592374493921,Margined,2.2166372335805002,0.005,Asset Manager,BBB,25409842.60204602
T0003216,CP0015,JPM_EMEA_CH,Equity Option,Equity,4782226.351660288,180695.98020529354,5138.671800517921,Margined,3.036656962351664,0.08,Sovereign,BBB,96819013.89258417
T0003217,CP0014,JPM_EMEA_FR,Commodity Future,Commodity,7336688.029670215,482890.0975738069,170310.58619011374,Margined,4.07327399258031,0.15,Sovereign,BBB,65093074.58952882
T0003218,CP0059,JPM_EMEA_UK,Interest Rate Swap,Interest Rate,1669185.046141093,-9594.896920051076,0.0,Unmargined,0.05383994202358626,0.005,Sovereign,AA,135918044.6131388
T0003219,CP0060,JPM_EMEA_FR,Securities Financing,SFT,3718934.8836693643,-79604.92518126719,34908.19446002468,Margined,2.511135460292891,0.03,Sovereign,BB,117319042.5294034
T0003220,CP0010,JPM_EMEA_DE,Securities Financing,SFT,3063963.920443228,-209648.3579822565,0.0,Margined,5.104617622604174,0.03,Bank,AA,96393794.38310257
T0003221,CP0033,JPM_EMEA_FR,FX Forward,FX,2392839.8389688646,72322.94223574617,0.0,Unmargined,2.0381537283308946,0.04,Bank,BBB,38232381.569819406
T0003222,CP0057,JPM_EMEA_DE,Equity Option,Equity,2576859.3717066934,-49621.73089701044,48785.54939759259,Margined,4.014818167786567,0.08,Corporate,A,76562617.80039492
T0003223,CP0001,JPM_EMEA_UK,FX Forward,FX,12161910.275890702,1259265.0285176735,170554.4507086879,Margined,6.84134102672132,0.04,Bank,A,95932735.95865563
T0003224,CP0009,JPM_EMEA_FR,Interest Rate Swap,Interest Rate,2198430.3454141906,-56893.48053627286,24484.111316536597,Margined,0.8711862182206103,0.005,Hedge Fund,BBB,33442385.803931713
T0003225,CP0052,JPM_EMEA_UK,FX Forward,FX,7047706.493262447,519307.6339587022,0.0,Margined,1.914274657312315,0.04,Hedge Fund,BBB,86957426.80012289
T0003226,CP0046,JPM_EMEA_UK,Interest Rate Swap,Interest Rate,5478817.884325391,143505.90118356852,51371.49652274662,Margined,4.8035672885497815,0.005,CCP,AA,68219896.90211704
T0003227,CP0057,JPM_EMEA_DE,Securities Financing,SFT,989371.135203651,-35606.72906161284,13035.279436552022,Margined,4.208723740125308,0.03,Corporate,A,76562617.80039492
T0003228,CP0038,JPM_EMEA_FR,Securities Financing,SFT,6722524.808661959,54620.73324166512,27329.76004591157,Margined,6.84712351294476,0.03,Sovereign,BBB,105724942.50994723
T0003229,CP0073,JPM_EMEA_UK,Commodity Future,Commodity,973148.2460502732,26273.36622574729,16776.22840652334,Margined,0.2904884692484608,0.15,Asset Manager,A,35958531.21349318
T0003230,CP0011,JPM_EMEA_DE,Equity Option,Equity,7496124.767077911,-59098.148870675606,143030.171229477,Margined,6.15205925687992,0.08,Corporate,AA,42177085.909795195
T0003231,CP0013,JPM_EMEA_DE,Equity Option,Equity,2408737.4197159708,70646.81091938187,18717.84162523449,Margined,3.445388122202425,0.08,Sovereign,BBB,95537948.16105135
T0003232,CP0051,JPM_EMEA_CH,Securities Financing,SFT,4033609.4262309843,115193.83712722943,71825.10174404751,Margined,1.6269480723013359,0.03,Sovereign,AA,57819318.95821542
T0003233,CP0069,JPM_EMEA_UK,Interest Rate Swap,Interest Rate,1096380.6224492327,22883.489176514257,12194.036523815814,Margined,3.5483816878728454,0.005,Bank,AA,117082649.47537337
T0003234,CP0002,JPM_EMEA_CH,Interest Rate Swap,Interest Rate,4520744.4640817,-2606.516059193948,95736.27500706259,Margined,2.9147635982161026,0.005,Sovereign,BBB,104480058.20212659
T0003235,CP0057,JPM_EMEA_UK,Equity Option,Equity,10107167.02964179,-415636.05063537427,285762.0082330064,Margined,1.296376627413451,0.08,Corporate,A,76562617.80039492
T0003236,CP0078,JPM_EMEA_FR,FX Forward,FX,1784840.2815362953,-4796.737091338005,5801.937724993431,Margined,1.5748003608153436,0.04,Hedge Fund,BBB,133693065.30887038
T0003237,CP0046,JPM_EMEA_CH,FX Forward,FX,2179569.2705791024,13431.079573446325,0.0,Unmargined,2.0525839773915813,0.04,CCP,AA,68219896.90211704
T0003238,CP0067,JPM_EMEA_CH,Interest Rate Swap,Interest Rate,6302304.654565819,-413820.54478603794,141421.9299297564,Margined,3.8877819867175485,0.005,CCP,A,68575504.7535823
T0003239,CP0021,JPM_EMEA_FR,Equity Option,Equity,6461830.810024475,38274.949265598254,27362.992680529584,Margined,0.6275405629829389,0.08,Corporate,BBB,83265583.00896084
T0003240,CP0065,JPM_EMEA_DE,Interest Rate Swap,Interest Rate,350678.67266929115,-1188.114866971537,0.0,Unmargined,0.6674758418575194,0.005,Asset Manager,BBB,120361616.17442845
T0003241,CP0037,JPM_EMEA_CH,Interest Rate Swap,Interest Rate,30015104.098169215,-1362142.8271853689,219379.892024975,Margined,2.355635778905312,0.005,CCP,AA,56560391.89907108
T0003242,CP0024,JPM_EMEA_CH,Interest Rate Swap,Interest Rate,6785906.206633949,-79091.25467053869,0.0,Unmargined,4.965671686698217,0.005,CCP,BBB,94324646.8088898
T0003243,CP0016,JPM_EMEA_UK,FX Forward,FX,8030228.823042093,-87646.9132948209,73469.17339977855,Margined,6.849220541311652,0.04,Sovereign,BBB,22964503.233860675
T0003244,CP0069,JPM_EMEA_DE,Securities Financing,SFT,3465143.044445009,234081.87767496193,36085.04084438241,Margined,0.13342279412734903,0.03,Bank,AA,117082649.47537337
T0003245,CP0058,JPM_EMEA_DE,FX Forward,FX,625590.5799854889,4819.6387347691,11700.987794294746,Margined,6.807767477658199,0.04,Bank,AA,149008823.32725883
T0003246,CP0064,JPM_EMEA_CH,Equity Option,Equity,7853948.683814852,284796.61832772224,0.0,Margined,4.817988578083392,0.08,CCP,BB,61070776.73800309
T0003247,CP0057,JPM_EMEA_UK,Commodity Future,Commodity,2273013.1562043456,-9372.850798831285,0.0,Unmargined,6.311851633600345,0.15,Corporate,A,76562617.80039492
T0003248,CP0021,JPM_EMEA_UK,FX Forward,FX,6891067.827951752,-451965.0037500379,119624.97243951238,Margined,3.7775515874876433,0.04,Corporate,BBB,83265583.00896084
T0003249,CP0016,JPM_EMEA_UK,Commodity Future,Commodity,3213926.1545118354,75629.99684452303,52779.76762728562,Margined,3.267428121064907,0.15,Sovereign,BBB,22964503.233860675
T0003250,CP0052,JPM_EMEA_CH,Equity Option,Equity,5075036.617822322,-116911.2613907522,0.0,Unmargined,5.506859835540901,0.08,Hedge Fund,BBB,86957426.80012289
T0003251,CP0021,JPM_EMEA_UK,Equity Option,Equity,1842821.7924016982,-21645.793157609754,30365.30911897505,Margined,3.880220649415951,0.08,Corporate,BBB,83265583.00896084
T0003252,CP0052,JPM_EMEA_DE,Interest Rate Swap,Interest Rate,9494221.057733603,-349899.9632289055,214711.198310797,Margined,6.2866901921906955,0.005,Hedge Fund,BBB,86957426.80012289
T0003253,CP0073,JPM_EMEA_FR,Interest Rate Swap,Interest Rate,1218859.178482429,3104.282259368845,14148.258804626841,Margined,6.256789371699234,0.005,Asset Manager,A,35958531.21349318
T0003254,CP0060,JPM_EMEA_DE,Securities Financing,SFT,37783170.79634413,1408603.5588012894,148726.34193455032,Margined,3.736665590574599,0.03,Sovereign,BB,117319042.5294034
T0003255,CP0038,JPM_EMEA_UK,Commodity Future,Commodity,37496327.5472324,1224098.87709027,0.0,Unmargined,4.037664256491154,0.15,Sovereign,BBB,105724942.50994723
T0003256,CP0073,JPM_EMEA_DE,Securities Financing,SFT,20470686.716831826,1136463.5970588524,527823.6263321678,Margined,3.2211138361579468,0.03,Asset Manager,A,35958531.21349318
T0003257,CP0045,JPM_EMEA_CH,Securities Financing,SFT,14321663.87103926,866153.9088860694,70331.9379049337,Margined,4.841373089150504,0.03,Bank,AAA,92130821.02089284
T0003258,CP0038,JPM_EMEA_DE,Interest Rate Swap,Interest Rate,3675708.866421238,-263201.33167100075,45262.73996700335,Margined,4.792374985735335,0.005,Sovereign,BBB,105724942.50994723
T0003259,CP0077,JPM_EMEA_FR,Commodity Future,Commodity,12843541.357166965,-536561.0263670348,266134.16814536403,Margined,4.571622751108741,0.15,Hedge Fund,BBB,97919762.89770965
T0003260,CP0027,JPM_EMEA_DE,FX Forward,FX,3633214.7515407437,-229934.19105957204,46951.56089787318,Margined,0.4833319085151178,0.04,Asset Manager,A,63103969.654531784
T0003261,CP0017,JPM_EMEA_UK,Commodity Future,Commodity,846010.7766285576,18711.69780441151,0.0,Margined,6.746899950348416,0.15,Corporate,A,144612697.7213879
T0003262,CP0012,JPM_EMEA_UK,Interest Rate Swap,Interest Rate,17984239.214675274,-436259.2008312234,279607.11318945856,Margined,2.3824356238507494,0.005,CCP,AAA,140265615.38898364
T0003263,CP0051,JPM_EMEA_CH,Interest Rate Swap,Interest Rate,12368078.316864531,-211757.7229360426,51569.08483225446,Margined,1.7612053250523607,0.005,Sovereign,AA,57819318.95821542
T0003264,CP0041,JPM_EMEA_CH,Commodity Future,Commodity,3876587.4888923015,-29388.06131576614,7110.511233804398,Margined,1.5167934544888835,0.15,Bank,BBB,34006322.97426655
T0003265,CP0062,JPM_EMEA_FR,Commodity Future,Commodity,1174814.3132000363,15730.733206293056,0.0,Margined,0.5315210484163095,0.15,Sovereign,BBB,136148063.1607222
T0003266,CP0012,JPM_EMEA_CH,Equity Option,Equity,2225749.437039505,-115708.33702481544,47905.380145363946,Margined,3.2264235042608487,0.08,CCP,AAA,140265615.38898364
T0003267,CP0026,JPM_EMEA_DE,FX Forward,FX,647360.9718403073,-28522.867610477002,3445.4554166018816,Margined,0.3388880884152103,0.04,Corporate,A,54706836.20194616
T0003268,CP0010,JPM_EMEA_CH,FX Forward,FX,10292085.62278082,466.92340110356224,0.0,Unmargined,1.168286365763989,0.04,Bank,AA,96393794.38310257
T0003269,CP0025,JPM_EMEA_FR,Securities Financing,SFT,804918.2127895552,33771.23527813687,13387.106277863204,Margined,0.08666241853133609,0.03,Sovereign,A,81553622.137404
T0003270,CP0077,JPM_EMEA_CH,FX Forward,FX,5328795.519278988,-4736.814902599564,70843.94869423978,Margined,1.2640350547128052,0.04,Hedge Fund,BBB,97919762.89770965
T0003271,CP0072,JPM_EMEA_FR,FX Forward,FX,1720476.0285864025,-47671.104166981284,0.0,Unmargined,6.966956143331593,0.04,Hedge Fund,AA,51326174.75073902
T0003272,CP0040,JPM_EMEA_CH,Equity Option,Equity,960396.4760640013,-72209.62162562278,14452.41563556325,Margined,3.8131033907524667,0.08,Corporate,BBB,119924173.94929542
T0003273,CP0008,JPM_EMEA_FR,FX Forward,FX,5076639.13171107,169273.6554229963,66528.24654071509,Margined,0.516682716580214,0.04,Sovereign,AA,38788144.55258609
T0003274,CP0080,JPM_EMEA_CH,Equity Option,Equity,2864789.79017401,-73790.13164039185,0.0,Unmargined,3.9708199192440463,0.08,Sovereign,A,60342077.47701232
T0003275,CP0013,JPM_EMEA_CH,FX Forward,FX,9248704.304699393,-371430.6659729379,48142.305514532156,Margined,4.225499513158445,0.04,Sovereign,BBB,95537948.16105135
T0003276,CP0009,JPM_EMEA_CH,Commodity Future,Commodity,1126019.7757442265,-67602.1544388936,12566.546950288646,Margined,3.8567016068351485,0.15,Hedge Fund,BBB,33442385.803931713
T0003277,CP0033,JPM_EMEA_DE,Securities Financing,SFT,1875695.8595129426,-94476.04015082457,20615.187253795855,Margined,2.385116531124723,0.03,Bank,BBB,38232381.569819406
T0003278,CP0076,JPM_EMEA_UK,Securities Financing,SFT,367383.9298456488,-12359.71302068504,5670.408521821046,Margined,4.61782653800932,0.03,Asset Manager,BBB,43304880.06050608
T0003279,CP0064,JPM_EMEA_DE,Equity Option,Equity,450204.96541890514,-3763.5810456522945,9370.206228161464,Margined,1.0411338923831133,0.08,CCP,BB,61070776.73800309
T0003280,CP0029,JPM_EMEA_FR,FX Forward,FX,24154888.237296596,-1021895.7275188561,356314.62323766504,Margined,1.5759624437981328,0.04,Corporate,AAA,77058489.83965607
T0003281,CP0037,JPM_EMEA_CH,Equity Option,Equity,32133291.311674368,208859.36643031574,177148.59360980708,Margined,6.963308262706516,0.08,CCP,AA,56560391.89907108
T0003282,CP0005,JPM_EMEA_CH,Commodity Future,Commodity,4388645.188436517,-37855.00907974218,0.0,Margined,2.9383354635976007,0.15,Asset Manager,BBB,25409842.60204602
T0003283,CP0022,JPM_EMEA_FR,Equity Option,Equity,1754994.275718024,136485.43118729518,10264.088150977688,Margined,1.0771533402174243,0.08,Asset Manager,A,83791909.26608771
T0003284,CP0054,JPM_EMEA_FR,Equity Option,Equity,2967872.706173376,-177049.95715284056,3692.2624925785167,Margined,1.5583266079311517,0.08,Asset Manager,A,141685664.10636523
T0003285,CP0034,JPM_EMEA_CH,Commodity Future,Commodity,9581829.682856172,54154.393948825964,58995.539809364156,Margined,5.082718106398186,0.15,Corporate,AA,92024698.66007642
T0003286,CP0079,JPM_EMEA_UK,Equity Option,Equity,2391463.0687324177,14564.427677332327,33332.7285949878,Margined,0.8579387728215125,0.08,Corporate,A,45536506.54289452
T0003287,CP0036,JPM_EMEA_CH,Commodity Future,Commodity,5072979.046407528,-182979.86406777956,64300.63878074069,Margined,2.5101563734032633,0.15,Bank,AA,107391212.09517552
T0003288,CP0068,JPM_EMEA_FR,Interest Rate Swap,Interest Rate,3949299.852374977,13166.30977121667,106099.6029345842,Margined,2.332355840222954,0.005,Asset Manager,AA,32280666.847996987
T0003289,CP0059,JPM_EMEA_FR,FX Forward,FX,2264789.211020105,61003.91562649242,35930.09362982992,Margined,1.6344688826404112,0.04,Sovereign,AA,135918044.6131388
T0003290,CP0041,JPM_EMEA_DE,Equity Option,Equity,2363400.838783196,7981.681778441543,0.0,Unmargined,3.3640239379478483,0.08,Bank,BBB,34006322.97426655
T0003291,CP0070,JPM_EMEA_FR,Interest Rate Swap,Interest Rate,5363491.878326556,259894.44035015142,95047.0576212888,Margined,0.8153891838648761,0.005,Asset Manager,BBB,54119867.06997241
T0003292,CP0070,JPM_EMEA_CH,Securities Financing,SFT,1505923.339555453,-114780.07136227425,31151.00907191178,Margined,3.2231416430881765,0.03,Asset Manager,BBB,54119867.06997241
T0003293,CP0026,JPM_EMEA_DE,Equity Option,Equity,6284106.743130183,-185243.96340390932,0.0,Unmargined,0.27671138351753893,0.08,Corporate,A,54706836.20194616
T0003294,CP0023,JPM_EMEA_UK,Interest Rate Swap,Interest Rate,2496064.7744454388,128864.24039390608,8496.419117882397,Margined,6.793876335093457,0.005,Hedge Fund,A,141917439.14674777
T0003295,CP0057,JPM_EMEA_UK,Commodity Future,Commodity,4543336.553321061,145027.49021281596,0.0,Unmargined,4.253873041563813,0.15,Corporate,A,76562617.80039492
T0003296,CP0003,JPM_EMEA_UK,Equity Option,Equity,15962734.745130375,301981.5775753088,190037.05558346782,Margined,0.5717376363714859,0.08,Corporate,BBB,30977761.748185582
T0003297,CP0057,JPM_EMEA_DE,Commodity Future,Commodity,3380766.016414108,145922.4458047754,0.0,Unmargined,1.375538985525175,0.15,Corporate,A,76562617.80039492
T0003298,CP0035,JPM_EMEA_UK,FX Forward,FX,10035197.88275405,-673156.314828326,40049.07588596745,Margined,5.168324694043137,0.04,CCP,AAA,34114846.34760766
T0003299,CP0062,JPM_EMEA_DE,Securities Financing,SFT,666484.4338073018,18559.174272655502,10220.339873068358,Margined,5.135117856833249,0.03,Sovereign,BBB,136148063.1607222
T0003300,CP0011,JPM_EMEA_FR,FX Forward,FX,2499101.7004399407,93098.92489799704,9888.502263990878,Margined,2.5866346505581466,0.04,Corporate,AA,42177085.909795195
T0003301,CP0047,JPM_EMEA_FR,Equity Option,Equity,4112302.0541186393,-94807.09162444696,0.0,Margined,1.0816389620984899,0.08,Asset Manager,BBB,127872666.6072137
T0003302,CP0043,JPM_EMEA_FR,Interest Rate Swap,Interest Rate,27374859.079055306,2519124.8455692846,0.0,Unmargined,3.7746946070660434,0.005,Sovereign,BBB,49927818.8163345
T0003303,CP0002,JPM_EMEA_FR,Equity Option,Equity,563460.6822364058,3872.2222436386464,0.0,Unmargined,1.9709609599136453,0.08,Sovereign,BBB,104480058.20212659
T0003304,CP0042,JPM_EMEA_UK,Equity Option,Equity,3633093.536378666,-278828.72622881556,14796.307992596761,Margined,0.7228195620629946,0.08,Sovereign,A,139081539.86788905
T0003305,CP0053,JPM_EMEA_CH,Equity Option,Equity,17166901.73203618,229084.06225970495,174678.04513372623,Margined,2.454689867280819,0.08,Asset Manager,A,53275461.77378836
T0003306,CP0033,JPM_EMEA_DE,FX Forward,FX,1824441.5785454256,-45966.989930596574,0.0,Unmargined,5.269537406282753,0.04,Bank,BBB,38232381.569819406
T0003307,CP0049,JPM_EMEA_UK,Commodity Future,Commodity,3233145.656238359,131830.97933052035,0.0,Unmargined,2.5112734161379193,0.15,Sovereign,AA,61228056.066952996
T0003308,CP0027,JPM_EMEA_CH,Equity Option,Equity,5573556.422653577,106889.89452969714,0.0,Unmargined,0.3334223709114069,0.08,Asset Manager,A,63103969.654531784
T0003309,CP0049,JPM_EMEA_DE,Interest Rate Swap,Interest Rate,4810509.072724548,-100670.8343713408,7545.126194664881,Margined,0.886761131704971,0.005,Sovereign,AA,61228056.066952996
T0003310,CP0020,JPM_EMEA_DE,Securities Financing,SFT,19145445.157919724,1006778.8781229747,0.0,Unmargined,4.194605048204197,0.03,Asset Manager,AA,30754899.989917014
T0003311,CP0023,JPM_EMEA_DE,Equity Option,Equity,6263681.875207388,205954.8441265881,108018.1865954088,Margined,3.6789620259079907,0.08,Hedge Fund,A,141917439.14674777
T0003312,CP0006,JPM_EMEA_FR,Securities Financing,SFT,15090527.915596372,-437281.23900989356,288433.8591218771,Margined,4.740295831186141,0.03,CCP,BBB,84218806.50178745
T0003313,CP0008,JPM_EMEA_FR,Securities Financing,SFT,2790681.98159248,-14850.83133488271,41366.61213201674,Margined,4.023664634439754,0.03,Sovereign,AA,38788144.55258609
T0003314,CP0011,JPM_EMEA_UK,Securities Financing,SFT,1907453.2013837134,34509.8105587179,41222.902750436726,Margined,3.505739904025608,0.03,Corporate,AA,42177085.909795195
T0003315,CP0016,JPM_EMEA_UK,Commodity Future,Commodity,3191755.7846752703,-40692.37816347213,0.0,Unmargined,3.3520851151145243,0.15,Sovereign,BBB,22964503.233860675
T0003316,CP0058,JPM_EMEA_CH,Equity Option,Equity,1255069.8993830304,-14689.31191491119,10208.960175503591,Margined,6.732687167077118,0.08,Bank,AA,149008823.32725883
T0003317,CP0018,JPM_EMEA_DE,Interest Rate Swap,Interest Rate,6487038.163775913,8338.283097111016,154991.59845712912,Margined,6.042916869377478,0.005,Bank,A,82699446.80257703
T0003318,CP0029,JPM_EMEA_CH,FX Forward,FX,2719413.5443458892,-101442.14867415816,26964.62736563948,Margined,2.7110056898566253,0.04,Corporate,AAA,77058489.83965607
T0003319,CP0014,JPM_EMEA_FR,Commodity Future,Commodity,2043176.002442842,-159667.639560332,41187.95510422897,Margined,4.591625459892363,0.15,Sovereign,BBB,65093074.58952882
T0003320,CP0034,JPM_EMEA_FR,FX Forward,FX,6586043.380720199,55123.34020064734,116366.03270514491,Margined,0.19200799418407016,0.04,Corporate,AA,92024698.66007642
T0003321,CP0020,JPM_EMEA_DE,Securities Financing,SFT,1274531.4019149386,-88722.04042253103,0.0,Margined,0.1956079552748327,0.03,Asset Manager,AA,30754899.989917014
T0003322,CP0027,JPM_EMEA_CH,Interest Rate Swap,Interest Rate,8643404.76294089,-300413.24097910034,36908.91939441909,Margined,2.2640766841429856,0.005,Asset Manager,A,63103969.654531784
T0003323,CP0006,JPM_EMEA_FR,FX Forward,FX,2479252.175652986,-153726.9796220094,5527.980318946575,Margined,5.295630666083224,0.04,CCP,BBB,84218806.50178745
T0003324,CP0041,JPM_EMEA_CH,FX Forward,FX,12748209.179300921,-735515.01241814,0.0,Margined,6.4819370515298464,0.04,Bank,BBB,34006322.97426655
T0003325,CP0022,JPM_EMEA_DE,FX Forward,FX,2700823.6522807623,40302.8548486783,51408.88146704798,Margined,4.796682283508944,0.04,Asset Manager,A,83791909.26608771
T0003326,CP0053,JPM_EMEA_FR,Interest Rate Swap,Interest Rate,7524798.46094655,-58548.844840496204,214834.31170301468,Margined,4.959406752952873,0.005,Asset Manager,A,53275461.77378836
T0003327,CP0080,JPM_EMEA_DE,Interest Rate Swap,Interest Rate,4786774.176124089,-43291.66195667308,0.0,Unmargined,0.2732226953945256,0.005,Sovereign,A,60342077.47701232
T0003328,CP0039,JPM_EMEA_CH,Commodity Future,Commodity,8416518.263466084,-387635.89881796757,0.0,Unmargined,6.514607364128567,0.15,Hedge Fund,A,114509299.85729474
T0003329,CP0041,JPM_EMEA_CH,FX Forward,FX,4464875.155608282,-102489.95059042674,106607.83543805504,Margined,0.6532143509448772,0.04,Bank,BBB,34006322.97426655
T0003330,CP0067,JPM_EMEA_DE,Interest Rate Swap,Interest Rate,757976.3826921749,9987.044193838063,10359.00066034321,Margined,6.631011693042969,0.005,CCP,A,68575504.7535823
T0003331,CP0028,JPM_EMEA_UK,Interest Rate Swap,Interest Rate,10969162.21003452,-19997.378177843806,129408.6415997246,Margined,1.0348587741737318,0.005,Sovereign,A,87687412.32129991
T0003332,CP0012,JPM_EMEA_UK,FX Forward,FX,3664205.159882353,105505.62887799944,36768.45413816122,Margined,0.2820223881024132,0.04,CCP,AAA,140265615.38898364
T0003333,CP0058,JPM_EMEA_DE,Interest Rate Swap,Interest Rate,8809321.643137055,297563.2082513828,143596.09248139535,Margined,3.9670891547819247,0.005,Bank,AA,149008823.32725883
T0003334,CP0052,JPM_EMEA_UK,Equity Option,Equity,7976827.994280149,-70417.00491236139,0.0,Unmargined,0.8398558729255552,0.08,Hedge Fund,BBB,86957426.80012289
T0003335,CP0038,JPM_EMEA_CH,Commodity Future,Commodity,1845957.0699746741,-119671.04326451661,0.0,Unmargined,0.2502652661680295,0.15,Sovereign,BBB,105724942.50994723
T0003336,CP0031,JPM_EMEA_DE,Interest Rate Swap,Interest Rate,1602394.3124116682,-42435.5218972652,24708.446960579582,Margined,4.6914006081487845,0.005,Asset Manager,AA,127417950.14526652
T0003337,CP0003,JPM_EMEA_UK,Equity Option,Equity,7703305.038662302,-26338.56153494662,0.0,Unmargined,5.1808905546554165,0.08,Corporate,BBB,30977761.748185582
T0003338,CP0045,JPM_EMEA_FR,Interest Rate Swap,Interest Rate,2953660.745493426,-80271.77637109628,0.0,Unmargined,2.0859450299757136,0.005,Bank,AAA,92130821.02089284
T0003339,CP0044,JPM_EMEA_DE,FX Forward,FX,10203426.962581782,-376627.33896600275,195719.39239730628,Margined,3.75788215280317,0.04,Asset Manager,AA,24863632.30290337
T0003340,CP0042,JPM_EMEA_UK,Securities Financing,SFT,3347097.051111677,8171.36826914569,0.0,Unmargined,4.123013902032062,0.03,Sovereign,A,139081539.86788905
T0003341,CP0025,JPM_EMEA_DE,FX Forward,FX,11130667.52263105,946781.353550998,0.0,Unmargined,1.167889918941332,0.04,Sovereign,A,81553622.137404
T0003342,CP0013,JPM_EMEA_FR,Securities Financing,SFT,6107996.689297572,-104364.78733354721,0.0,Unmargined,3.1084397369125454,0.03,Sovereign,BBB,95537948.16105135
T0003343,CP0046,JPM_EMEA_FR,Interest Rate Swap,Interest Rate,5334895.808895939,-523.9125744562401,0.0,Unmargined,4.47693408451278,0.005,CCP,AA,68219896.90211704
T0003344,CP0050,JPM_EMEA_UK,FX Forward,FX,2751876.8295894735,-126369.63955497199,19641.77865369377,Margined,6.2055625196484865,0.04,Sovereign,A,143876921.35906684
T0003345,CP0014,JPM_EMEA_FR,FX Forward,FX,5046636.466697303,219624.7587485841,146210.12427407794,Margined,2.9610906315152006,0.04,Sovereign,BBB,65093074.58952882
T0003346,CP0010,JPM_EMEA_CH,FX Forward,FX,13185886.803706242,403699.1963186479,0.0,Unmargined,4.910367632254596,0.04,Bank,AA,96393794.38310257
T0003347,CP0039,JPM_EMEA_FR,Securities Financing,SFT,3788911.984144074,106849.95079697494,8480.686065166206,Margined,3.5366811600688153,0.03,Hedge Fund,A,114509299.85729474
T0003348,CP0004,JPM_EMEA_CH,Interest Rate Swap,Interest Rate,6803715.124321846,323808.2164577257,125236.21505979015,Margined,4.964241928599304,0.005,Asset Manager,A,74054962.28217925
T0003349,CP0016,JPM_EMEA_CH,Securities Financing,SFT,4189806.0218852456,-62666.70834553159,24378.79842844747,Margined,5.533446824530514,0.03,Sovereign,BBB,22964503.233860675
T0003350,CP0051,JPM_EMEA_DE,Securities Financing,SFT,4530799.4541332815,-47956.80725768523,0.0,Margined,3.7373327068974107,0.03,Sovereign,AA,57819318.95821542
T0003351,CP0024,JPM_EMEA_DE,Equity Option,Equity,22414433.814355228,1341408.571424607,362175.92683950166,Margined,0.4746656427530532,0.08,CCP,BBB,94324646.8088898
T0003352,CP0037,JPM_EMEA_DE,FX Forward,FX,13303463.198006315,294611.626115355,0.0,Unmargined,6.134058067192496,0.04,CCP,AA,56560391.89907108
T0003353,CP0055,JPM_EMEA_DE,FX Forward,FX,4330565.683472267,-336367.00522340473,63094.20590374591,Margined,4.22690671565691,0.04,Asset Manager,A,41399016.28566236
T0003354,CP0015,JPM_EMEA_UK,Interest Rate Swap,Interest Rate,4956740.904468201,78905.04069525353,27254.539217491943,Margined,4.2244677264510155,0.005,Sovereign,BBB,96819013.89258417
T0003355,CP0019,JPM_EMEA_CH,Commodity Future,Commodity,1982629.2295926171,-40365.20523277006,35008.54040990799,Margined,3.5907817286809345,0.15,CCP,AA,121755579.54253721
T0003356,CP0024,JPM_EMEA_FR,FX Forward,FX,3364646.194767821,105771.06442275427,45315.00985426691,Margined,1.2590997499574579,0.04,CCP,BBB,94324646.8088898
T0003357,CP0034,JPM_EMEA_UK,Securities Financing,SFT,5450417.158928241,77868.29185235407,0.0,Unmargined,3.428911663000701,0.03,Corporate,AA,92024698.66007642
T0003358,CP0045,JPM_EMEA_CH,Equity Option,Equity,9364331.501396878,-570465.6802133481,0.0,Unmargined,3.7809233196686476,0.08,Bank,AAA,92130821.02089284
T0003359,CP0006,JPM_EMEA_CH,FX Forward,FX,8461405.19081816,79613.83500276375,0.0,Unmargined,2.7171699426415343,0.04,CCP,BBB,84218806.50178745
T0003360,CP0038,JPM_EMEA_FR,Equity Option,Equity,1319212.945309962,9725.19885510378,30782.17337113648,Margined,1.086265635701797,0.08,Sovereign,BBB,105724942.50994723
T0003361,CP0055,JPM_EMEA_CH,FX Forward,FX,10625715.904615419,135171.71931059822,0.0,Unmargined,5.347546523620115,0.04,Asset Manager,A,41399016.28566236
T0003362,CP0069,JPM_EMEA_CH,Securities Financing,SFT,3660210.5817021485,73729.48778467935,66064.10250956072,Margined,3.223296842149239,0.03,Bank,AA,117082649.47537337
T0003363,CP0044,JPM_EMEA_CH,Interest Rate Swap,Interest Rate,1490785.266227148,78055.74040878568,9415.31313700393,Margined,4.919600202895833,0.005,Asset Manager,AA,24863632.30290337
T0003364,CP0051,JPM_EMEA_CH,Securities Financing,SFT,15221046.351885991,220493.82234090738,86447.29337198765,Margined,0.37651104614042524,0.03,Sovereign,AA,57819318.95821542
T0003365,CP0066,JPM_EMEA_UK,Commodity Future,Commodity,17280407.71745771,13849.315658529285,203819.0454222396,Margined,3.555429084283468,0.15,Hedge Fund,BBB,106015964.21180893
T0003366,CP0059,JPM_EMEA_UK,Securities Financing,SFT,5207195.106195078,209219.18605838803,47463.95302909329,Margined,0.5627669202865804,0.03,Sovereign,AA,135918044.6131388
T0003367,CP0043,JPM_EMEA_FR,FX Forward,FX,8126155.740017041,637870.1141529137,184496.8283986982,Margined,5.148090880520753,0.04,Sovereign,BBB,49927818.8163345
T0003368,CP0046,JPM_EMEA_FR,Commodity Future,Commodity,8617056.644955054,275982.5782982858,92835.40762929982,Margined,4.087679954419689,0.15,CCP,AA,68219896.90211704
T0003369,CP0080,JPM_EMEA_CH,FX Forward,FX,16152365.571086746,116575.08601207503,0.0,Unmargined,3.1871681899034563,0.04,Sovereign,A,60342077.47701232
T0003370,CP0061,JPM_EMEA_FR,Commodity Future,Commodity,8284306.041616429,125412.54063220149,44564.20399381782,Margined,6.811253827389637,0.15,CCP,BBB,135803023.8142082
T0003371,CP0020,JPM_EMEA_DE,Interest Rate Swap,Interest Rate,1060357.4663518586,9502.426919675963,20910.682580073655,Margined,2.315815340174185,0.005,Asset Manager,AA,30754899.989917014
T0003372,CP0037,JPM_EMEA_CH,FX Forward,FX,29847530.61918137,19345.513841127402,0.0,Unmargined,2.9890829446421936,0.04,CCP,AA,56560391.89907108
T0003373,CP0060,JPM_EMEA_FR,FX Forward,FX,11610980.56268051,879891.4753826185,118830.32637120989,Margined,5.175833894718784,0.04,Sovereign,BB,117319042.5294034
T0003374,CP0042,JPM_EMEA_FR,FX Forward,FX,2403125.4376938213,-63002.422630357374,49219.61498283838,Margined,3.6991065249616533,0.04,Sovereign,A,139081539.86788905
T0003375,CP0035,JPM_EMEA_DE,FX Forward,FX,1428563.3497710547,57744.964853257676,6688.382874588575,Margined,4.62672185314355,0.04,CCP,AAA,34114846.34760766
T0003376,CP0049,JPM_EMEA_CH,Commodity Future,Commodity,6626705.624713679,-29190.591853610575,0.0,Margined,6.835145313864434,0.15,Sovereign,AA,61228056.066952996
T0003377,CP0031,JPM_EMEA_UK,Interest Rate Swap,Interest Rate,3028399.6835482577,-156915.53312284104,15678.22754709654,Margined,4.884954125315243,0.005,Asset Manager,AA,127417950.14526652
T0003378,CP0055,JPM_EMEA_CH,Commodity Future,Commodity,5563846.664157674,-36671.98673094198,0.0,Unmargined,1.0974255286053813,0.15,Asset Manager,A,41399016.28566236
T0003379,CP0059,JPM_EMEA_CH,Interest Rate Swap,Interest Rate,8412352.845019286,-160988.49342336375,84156.40255638171,Margined,1.5049628428882735,0.005,Sovereign,AA,135918044.6131388
T0003380,CP0072,JPM_EMEA_FR,Commodity Future,Commodity,2270164.902488929,45891.851486090505,0.0,Margined,6.095502078014114,0.15,Hedge Fund,AA,51326174.75073902
T0003381,CP0077,JPM_EMEA_CH,Commodity Future,Commodity,1310208.6095095978,4186.781822209093,26372.502880123888,Margined,0.3834198887490878,0.15,Hedge Fund,BBB,97919762.89770965
T0003382,CP0057,JPM_EMEA_CH,FX Forward,FX,5883270.583685924,-210450.12039229082,78294.42119160005,Margined,3.5887772024170417,0.04,Corporate,A,76562617.80039492
T0003383,CP0061,JPM_EMEA_UK,Equity Option,Equity,2346456.941159373,120807.98551879084,35459.93313890022,Margined,6.346391017702593,0.08,CCP,BBB,135803023.8142082
T0003384,CP0062,JPM_EMEA_UK,Securities Financing,SFT,4629228.144975802,176626.76553599702,0.0,Unmargined,5.44478324838188,0.03,Sovereign,BBB,136148063.1607222
T0003385,CP0027,JPM_EMEA_UK,Commodity Future,Commodity,1043904.4102002756,57949.16276722924,1682.5714264457692,Margined,0.8538862941160917,0.15,Asset Manager,A,63103969.654531784
T0003386,CP0074,JPM_EMEA_DE,FX Forward,FX,3108410.9176285653,25780.424210853136,44832.7080559343,Margined,5.196231890771275,0.04,Bank,A,128044647.3762378
T0003387,CP0041,JPM_EMEA_FR,FX Forward,FX,8176353.363715154,-10225.816756144033,157473.54270618,Margined,2.705375707050067,0.04,Bank,BBB,34006322.97426655
T0003388,CP0070,JPM_EMEA_UK,Commodity Future,Commodity,7331842.64809111,180543.81631911697,154866.7132097826,Margined,6.313929400108891,0.15,Asset Manager,BBB,54119867.06997241
T0003389,CP0018,JPM_EMEA_UK,Interest Rate Swap,Interest Rate,1818362.5353278175,-36752.06300955756,32312.49609041,Margined,4.030929363064575,0.005,Bank,A,82699446.80257703
T0003390,CP0025,JPM_EMEA_FR,Commodity Future,Commodity,1243624.3655952762,5661.083092982111,20028.616756220334,Margined,3.863970811997256,0.15,Sovereign,A,81553622.137404
T0003391,CP0050,JPM_EMEA_FR,FX Forward,FX,4063554.368614399,-24985.6843339717,0.0,Margined,0.11054413663148172,0.04,Sovereign,A,143876921.35906684
T0003392,CP0047,JPM_EMEA_DE,Commodity Future,Commodity,7009926.094610126,-358460.990481668,83281.58663757166,Margined,1.7851102475592202,0.15,Asset Manager,BBB,127872666.6072137
T0003393,CP0033,JPM_EMEA_FR,Interest Rate Swap,Interest Rate,5998260.444726113,26757.89595985819,26076.868675399346,Margined,2.9186422528500855,0.005,Bank,BBB,38232381.569819406
T0003394,CP0018,JPM_EMEA_FR,Interest Rate Swap,Interest Rate,2396800.0057950234,-36991.83070400159,0.0,Unmargined,5.081231276905286,0.005,Bank,A,82699446.80257703
T0003395,CP0019,JPM_EMEA_DE,Securities Financing,SFT,5387701.217059107,-45737.95062486076,113373.59033925718,Margined,3.6643452265920944,0.03,CCP,AA,121755579.54253721
T0003396,CP0059,JPM_EMEA_UK,Securities Financing,SFT,17969032.01093173,228790.21667176828,78987.7231140286,Margined,5.9751456145829716,0.03,Sovereign,AA,135918044.6131388
T0003397,CP0002,JPM_EMEA_CH,Securities Financing,SFT,4910810.740443889,218720.92836832852,57123.40761836985,Margined,0.28873428239371224,0.03,Sovereign,BBB,104480058.20212659
T0003398,CP0010,JPM_EMEA_FR,Securities Financing,SFT,781255.0806671423,-23208.70809456215,10928.25509067524,Margined,2.294079848792284,0.03,Bank,AA,96393794.38310257
T0003399,CP0075,JPM_EMEA_UK,FX Forward,FX,4901271.686099746,-57734.71376882246,94135.44171653445,Margined,4.203247667066116,0.04,Sovereign,AA,39926961.16118422
T0003400,CP0079,JPM_EMEA_UK,Interest Rate Swap,Interest Rate,30884404.023607742,-827019.3087046661,0.0,Margined,4.628354178510159,0.005,Corporate,A,45536506.54289452
T0003401,CP0007,JPM_EMEA_DE,Interest Rate Swap,Interest Rate,1103959.81529629,-32077.0102929199,0.0,Unmargined,3.5417442216184933,0.005,Bank,A,62881957.60326209
T0003402,CP0012,JPM_EMEA_UK,FX Forward,FX,4120683.398172908,-85751.06313083874,50705.78426036923,Margined,2.822025234037537,0.04,CCP,AAA,140265615.38898364
T0003403,CP0027,JPM_EMEA_CH,Interest Rate Swap,Interest Rate,3189802.2621471165,-21932.314478317203,0.0,Margined,0.5473137043736755,0.005,Asset Manager,A,63103969.654531784
T0003404,CP0047,JPM_EMEA_CH,Securities Financing,SFT,4402520.951576985,90275.92855184173,58415.19827124115,Margined,4.88888488379681,0.03,Asset Manager,BBB,127872666.6072137
T0003405,CP0016,JPM_EMEA_UK,Interest Rate Swap,Interest Rate,4857609.839052253,54481.017496550885,0.0,Unmargined,6.33089742585198,0.005,Sovereign,BBB,22964503.233860675
T0003406,CP0079,JPM_EMEA_UK,Interest Rate Swap,Interest Rate,12506723.093283303,-462623.6242856399,273755.1501964114,Margined,5.671424361950572,0.005,Corporate,A,45536506.54289452
T0003407,CP0040,JPM_EMEA_DE,Interest Rate Swap,Interest Rate,4353924.609872838,197213.67691983635,0.0,Unmargined,4.923548474913953,0.005,Corporate,BBB,119924173.94929542
T0003408,CP0043,JPM_EMEA_CH,Interest Rate Swap,Interest Rate,14347187.33309646,474238.109824772,190666.2741712211,Margined,4.457418197205274,0.005,Sovereign,BBB,49927818.8163345
T0003409,CP0016,JPM_EMEA_FR,Interest Rate Swap,Interest Rate,3556008.4799384135,-112161.8335448423,61206.2978760244,Margined,5.415683021363726,0.005,Sovereign,BBB,22964503.233860675
T0003410,CP0025,JPM_EMEA_CH,Equity Option,Equity,2818366.8532753913,120749.77468818126,0.0,Unmargined,5.448285104800422,0.08,Sovereign,A,81553622.137404
T0003411,CP0059,JPM_EMEA_UK,FX Forward,FX,2048507.2928296824,23440.75028783711,39582.8606273141,Margined,0.09823603708402638,0.04,Sovereign,AA,135918044.6131388
T0003412,CP0051,JPM_EMEA_UK,Equity Option,Equity,649993.6612908322,-3559.323431186151,9226.49011486407,Margined,2.5370465922017225,0.08,Sovereign,AA,57819318.95821542
T0003413,CP0018,JPM_EMEA_DE,Securities Financing,SFT,5270239.318729008,66050.86353834861,37716.09536502036,Margined,6.082972719636892,0.03,Bank,A,82699446.80257703
T0003414,CP0036,JPM_EMEA_CH,Equity Option,Equity,31196148.746734787,-28138.235077941972,0.0,Unmargined,5.9629457828831045,0.08,Bank,AA,107391212.09517552
T0003415,CP0015,JPM_EMEA_CH,Equity Option,Equity,6325125.260225767,120669.17681945761,0.0,Unmargined,4.984190201705887,0.08,Sovereign,BBB,96819013.89258417
T0003416,CP0033,JPM_EMEA_DE,FX Forward,FX,7948964.87098716,52113.75796060809,144993.82187018564,Margined,2.1980396841358347,0.04,Bank,BBB,38232381.569819406
T0003417,CP0018,JPM_EMEA_DE,Interest Rate Swap,Interest Rate,2646566.2262876052,-31255.713783460887,0.0,Unmargined,5.5954913411648945,0.005,Bank,A,82699446.80257703
T0003418,CP0079,JPM_EMEA_UK,FX Forward,FX,3132905.8794398233,-222135.35975761275,43286.495688250034,Margined,1.659305430757871,0.04,Corporate,A,45536506.54289452
T0003419,CP0024,JPM_EMEA_DE,Securities Financing,SFT,10707408.118755996,197566.5515470045,75300.35142981533,Margined,1.6074884152548345,0.03,CCP,BBB,94324646.8088898
T0003420,CP0038,JPM_EMEA_FR,Equity Option,Equity,29814295.74327255,-389909.41415499203,0.0,Unmargined,3.7733483639979943,0.08,Sovereign,BBB,105724942.50994723
T0003421,CP0052,JPM_EMEA_UK,Interest Rate Swap,Interest Rate,17711998.599874087,482264.6241284688,236849.49175960687,Margined,4.020819812473502,0.005,Hedge Fund,BBB,86957426.80012289
T0003422,CP0004,JPM_EMEA_CH,FX Forward,FX,8948974.912830884,150867.43169545862,43186.488115674154,Margined,2.491730907332202,0.04,Asset Manager,A,74054962.28217925
T0003423,CP0017,JPM_EMEA_FR,Commodity Future,Commodity,4143102.6541026477,-50414.298059193796,0.0,Unmargined,4.24623766180188,0.15,Corporate,A,144612697.7213879
T0003424,CP0080,JPM_EMEA_DE,Equity Option,Equity,4933325.357547035,176635.67542295463,82573.31043899398,Margined,4.978329890901829,0.08,Sovereign,A,60342077.47701232
T0003425,CP0056,JPM_EMEA_DE,Equity Option,Equity,1882850.8572740234,13499.020450804815,0.0,Unmargined,1.3025140780052573,0.08,Bank,A,25838380.52100277
T0003426,CP0020,JPM_EMEA_DE,Securities Financing,SFT,940002.1089255667,5383.861757609533,12887.657761569279,Margined,2.055875737009182,0.03,Asset Manager,AA,30754899.989917014
T0003427,CP0035,JPM_EMEA_CH,Equity Option,Equity,1296276.602950342,-6266.037815396271,7573.367458634537,Margined,4.913874919830789,0.08,CCP,AAA,34114846.34760766
T0003428,CP0069,JPM_EMEA_FR,Equity Option,Equity,4204243.597861704,247732.7413689685,0.0,Unmargined,6.4943956568235075,0.08,Bank,AA,117082649.47537337
T0003429,CP0016,JPM_EMEA_UK,Interest Rate Swap,Interest Rate,2987097.2596751493,-74570.89821646844,21573.40982738119,Margined,6.196872455611917,0.005,Sovereign,BBB,22964503.233860675
T0003430,CP0024,JPM_EMEA_DE,Interest Rate Swap,Interest Rate,920215.5493590019,-10392.55443632162,10672.167962778502,Margined,0.9510477578550945,0.005,CCP,BBB,94324646.8088898
T0003431,CP0020,JPM_EMEA_CH,Securities Financing,SFT,3853458.212233833,-166880.67466329192,0.0,Unmargined,4.009591212653379,0.03,Asset Manager,AA,30754899.989917014
T0003432,CP0054,JPM_EMEA_DE,Equity Option,Equity,2909159.001968079,73996.16894629913,38388.79510634774,Margined,5.6112199709454575,0.08,Asset Manager,A,141685664.10636523
T0003433,CP0043,JPM_EMEA_CH,FX Forward,FX,1237936.0361403467,-25223.213168071095,23844.377353950244,Margined,1.6994195407266746,0.04,Sovereign,BBB,49927818.8163345
T0003434,CP0041,JPM_EMEA_FR,Equity Option,Equity,2762442.771692341,-45445.62383123288,11465.990075837984,Margined,4.520175262126189,0.08,Bank,BBB,34006322.97426655
T0003435,CP0031,JPM_EMEA_CH,Interest Rate Swap,Interest Rate,2901829.384658013,-52502.16682199503,26077.037006321694,Margined,3.022083882491166,0.005,Asset Manager,AA,127417950.14526652
T0003436,CP0027,JPM_EMEA_FR,Commodity Future,Commodity,2159026.0585591416,4739.638792750912,54310.15717423326,Margined,4.655982956367113,0.15,Asset Manager,A,63103969.654531784
T0003437,CP0042,JPM_EMEA_FR,Interest Rate Swap,Interest Rate,10104334.860673293,-442333.278575743,0.0,Margined,0.27313862551619306,0.005,Sovereign,A,139081539.86788905
T0003438,CP0064,JPM_EMEA_DE,Commodity Future,Commodity,596541.062368077,-46836.57699674808,0.0,Unmargined,2.2250232634624374,0.15,CCP,BB,61070776.73800309
T0003439,CP0066,JPM_EMEA_UK,FX Forward,FX,549083.568486687,8796.121815683555,1882.285058245022,Margined,2.1859268004463286,0.04,Hedge Fund,BBB,106015964.21180893
T0003440,CP0063,JPM_EMEA_CH,Interest Rate Swap,Interest Rate,4013164.754224417,-296871.93523946474,0.0,Unmargined,2.9597786562140014,0.005,Asset Manager,AA,87451586.85023838
T0003441,CP0004,JPM_EMEA_DE,Interest Rate Swap,Interest Rate,4403596.311097391,131644.72981420907,0.0,Unmargined,0.8460390575526966,0.005,Asset Manager,A,74054962.28217925
T0003442,CP0040,JPM_EMEA_UK,Commodity Future,Commodity,5992504.852803135,326881.97858112026,100777.41331281059,Margined,3.08450170022224,0.15,Corporate,BBB,119924173.94929542
T0003443,CP0032,JPM_EMEA_DE,Interest Rate Swap,Interest Rate,2333386.983008483,-13411.919024075038,0.0,Unmargined,3.813412828936996,0.005,Hedge Fund,A,136500900.33916968
T0003444,CP0075,JPM_EMEA_DE,Interest Rate Swap,Interest Rate,1597389.2152324882,72652.8606426699,2484.0351540897827,Margined,0.2352792853648248,0.005,Sovereign,AA,39926961.16118422
T0003445,CP0034,JPM_EMEA_UK,Commodity Future,Commodity,3970842.26022434,-3371.144553138123,28966.11659436664,Margined,2.1413598257103432,0.15,Corporate,AA,92024698.66007642
T0003446,CP0020,JPM_EMEA_CH,FX Forward,FX,2572083.3840394765,143968.35643176784,0.0,Unmargined,1.28217381238603,0.04,Asset Manager,AA,30754899.989917014
T0003447,CP0021,JPM_EMEA_DE,FX Forward,FX,18866083.1152502,-301246.5370820066,0.0,Unmargined,6.806530537476543,0.04,Corporate,BBB,83265583.00896084
T0003448,CP0016,JPM_EMEA_DE,Interest Rate Swap,Interest Rate,2892343.609960749,-239401.77764371815,91003.68782599163,Margined,0.9550026916823002,0.005,Sovereign,BBB,22964503.233860675
T0003449,CP0036,JPM_EMEA_FR,Securities Financing,SFT,3792817.7381972983,-10608.173818809852,66838.42353581134,Margined,4.410537318914526,0.03,Bank,AA,107391212.09517552
T0003450,CP0022,JPM_EMEA_FR,Interest Rate Swap,Interest Rate,47546705.45672979,2842280.8010812607,185432.18150212785,Margined,2.842878550276778,0.005,Asset Manager,A,83791909.26608771
T0003451,CP0046,JPM_EMEA_DE,Interest Rate Swap,Interest Rate,3292127.9018674395,61641.44303104225,0.0,Unmargined,2.0469523238125484,0.005,CCP,AA,68219896.90211704
T0003452,CP0019,JPM_EMEA_CH,FX Forward,FX,6975829.367119895,-125818.24189176653,93809.62485397045,Margined,5.985825709240055,0.04,CCP,AA,121755579.54253721
T0003453,CP0047,JPM_EMEA_CH,Interest Rate Swap,Interest Rate,7633937.708212735,87878.3863467291,59887.272095218126,Margined,4.665405898518956,0.005,Asset Manager,BBB,127872666.6072137
T0003454,CP0050,JPM_EMEA_DE,FX Forward,FX,8311964.6827293085,282518.43759085884,131013.7063903973,Margined,4.361098714908259,0.04,Sovereign,A,143876921.35906684
T0003455,CP0054,JPM_EMEA_FR,Interest Rate Swap,Interest Rate,5342969.724272864,-16010.611435702627,0.0,Margined,0.700920201985755,0.005,Asset Manager,A,141685664.10636523
T0003456,CP0071,JPM_EMEA_UK,Interest Rate Swap,Interest Rate,4855612.029709953,446345.5952584793,79754.38400091736,Margined,1.8498366384759886,0.005,Sovereign,A,141785709.5693913
T0003457,CP0007,JPM_EMEA_DE,FX Forward,FX,4422161.708959898,-80083.70561970638,36212.64276270166,Margined,1.971621066259339,0.04,Bank,A,62881957.60326209
T0003458,CP0005,JPM_EMEA_DE,Securities Financing,SFT,2248583.4920819625,78898.01710787465,25009.55092109888,Margined,3.068939272855479,0.03,Asset Manager,BBB,25409842.60204602
T0003459,CP0037,JPM_EMEA_DE,Interest Rate Swap,Interest Rate,5538995.485208311,147712.8419509675,131417.00775717205,Margined,6.454203392651672,0.005,CCP,AA,56560391.89907108
T0003460,CP0042,JPM_EMEA_CH,Interest Rate Swap,Interest Rate,30415130.504104663,-744986.9858390016,58027.889814736904,Margined,2.855386245894125,0.005,Sovereign,A,139081539.86788905
T0003461,CP0061,JPM_EMEA_FR,Securities Financing,SFT,13423088.814619636,-199405.47917880505,190362.94656070136,Margined,2.3297460310838995,0.03,CCP,BBB,135803023.8142082
T0003462,CP0019,JPM_EMEA_DE,Securities Financing,SFT,5420631.834805015,193155.82788245004,99476.03470166828,Margined,0.5430111731358801,0.03,CCP,AA,121755579.54253721
T0003463,CP0037,JPM_EMEA_DE,Equity Option,Equity,9413305.425373076,47702.641276965885,0.0,Unmargined,2.725457290100484,0.08,CCP,AA,56560391.89907108
T0003464,CP0049,JPM_EMEA_FR,Interest Rate Swap,Interest Rate,1677187.783445093,19845.341949830945,0.0,Margined,0.4138850950726257,0.005,Sovereign,AA,61228056.066952996
T0003465,CP0053,JPM_EMEA_UK,FX Forward,FX,3082627.1584103727,-176507.708818063,70293.68044448321,Margined,2.5881709954438583,0.04,Asset Manager,A,53275461.77378836
T0003466,CP0044,JPM_EMEA_UK,Interest Rate Swap,Interest Rate,10320623.813838566,236961.036980922,106397.0405998622,Margined,6.7761015321976075,0.005,Asset Manager,AA,24863632.30290337
T0003467,CP0048,JPM_EMEA_FR,Interest Rate Swap,Interest Rate,17698175.489511322,177962.04874546206,137686.0215336004,Margined,3.914622235477984,0.005,CCP,A,125072691.36835924
T0003468,CP0014,JPM_EMEA_DE,FX Forward,FX,1850448.7718010016,-4139.177801573385,0.0,Unmargined,1.5016501186156699,0.04,Sovereign,BBB,65093074.58952882
T0003469,CP0038,JPM_EMEA_FR,Equity Option,Equity,2466267.9379450544,31151.961082474994,0.0,Unmargined,2.1295777521159285,0.08,Sovereign,BBB,105724942.50994723
T0003470,CP0044,JPM_EMEA_CH,FX Forward,FX,35433941.31497292,-507506.8676750954,87825.24235176109,Margined,4.01914487104067,0.04,Asset Manager,AA,24863632.30290337
T0003471,CP0007,JPM_EMEA_DE,Equity Option,Equity,4404186.698450435,-91239.71970340863,58662.02579823186,Margined,0.18403384221759767,0.08,Bank,A,62881957.60326209
T0003472,CP0078,JPM_EMEA_FR,Interest Rate Swap,Interest Rate,24770571.953804933,-209707.50381178255,178896.43787989032,Margined,6.302019629138753,0.005,Hedge Fund,BBB,133693065.30887038
T0003473,CP0051,JPM_EMEA_DE,FX Forward,FX,4919228.3481452055,-79923.25019288655,85432.76103212325,Margined,4.068059871326119,0.04,Sovereign,AA,57819318.95821542
T0003474,CP0058,JPM_EMEA_CH,Commodity Future,Commodity,5116520.629261274,390485.3568627048,82584.55171669323,Margined,3.4713735153076883,0.15,Bank,AA,149008823.32725883
T0003475,CP0043,JPM_EMEA_UK,Securities Financing,SFT,2947046.473685405,94056.38955634045,0.0,Unmargined,5.027825205420547,0.03,Sovereign,BBB,49927818.8163345
T0003476,CP0075,JPM_EMEA_FR,FX Forward,FX,10266123.587902866,-347984.75825878757,105812.26701355196,Margined,1.4418146990309155,0.04,Sovereign,AA,39926961.16118422
T0003477,CP0001,JPM_EMEA_DE,Equity Option,Equity,15550175.293006986,1108266.5924261909,0.0,Unmargined,0.2004217864377721,0.08,Bank,A,95932735.95865563
T0003478,CP0077,JPM_EMEA_CH,Interest Rate Swap,Interest Rate,1420902.354883863,-21526.644248091714,343.9454978783542,Margined,4.325791622901935,0.005,Hedge Fund,BBB,97919762.89770965
T0003479,CP0017,JPM_EMEA_UK,Interest Rate Swap,Interest Rate,2811853.3157082386,2898.846043444856,83081.11876946845,Margined,1.1620167522747042,0.005,Corporate,A,144612697.7213879
T0003480,CP0071,JPM_EMEA_UK,Commodity Future,Commodity,9987885.269267868,313715.49935747776,172759.09287175804,Margined,0.1350677129131547,0.15,Sovereign,A,141785709.5693913
T0003481,CP0005,JPM_EMEA_CH,Interest Rate Swap,Interest Rate,3513967.437918155,-242286.64587148072,22702.480803884726,Margined,6.505971246298101,0.005,Asset Manager,BBB,25409842.60204602
T0003482,CP0026,JPM_EMEA_FR,FX Forward,FX,2442223.494491929,-20260.453227037888,0.0,Unmargined,5.529510610576193,0.04,Corporate,A,54706836.20194616
T0003483,CP0046,JPM_EMEA_FR,FX Forward,FX,10977376.959771106,-220279.56320523395,250825.3691698836,Margined,0.8436975774698667,0.04,CCP,AA,68219896.90211704
T0003484,CP0053,JPM_EMEA_CH,Interest Rate Swap,Interest Rate,12058231.826505154,86551.60997494533,14346.642825702394,Margined,6.279638522177949,0.005,Asset Manager,A,53275461.77378836
T0003485,CP0002,JPM_EMEA_DE,Interest Rate Swap,Interest Rate,2551425.6221184405,33045.398516909234,0.0,Unmargined,0.519638728235189,0.005,Sovereign,BBB,104480058.20212659
T0003486,CP0029,JPM_EMEA_UK,FX Forward,FX,4946404.203678134,-13375.461730870678,54120.59308131911,Margined,5.630778915567052,0.04,Corporate,AAA,77058489.83965607
T0003487,CP0068,JPM_EMEA_CH,Securities Financing,SFT,1194609.7526342573,-5169.859390202326,4108.644296951012,Margined,2.9305774374554914,0.03,Asset Manager,AA,32280666.847996987
T0003488,CP0015,JPM_EMEA_UK,Equity Option,Equity,1633644.5688310023,60901.61286990919,18341.522705612573,Margined,3.6513583123028823,0.08,Sovereign,BBB,96819013.89258417
T0003489,CP0076,JPM_EMEA_FR,FX Forward,FX,4528811.727401467,47788.05559301669,80140.4736288183,Margined,4.694883941199567,0.04,Asset Manager,BBB,43304880.06050608
T0003490,CP0057,JPM_EMEA_DE,Interest Rate Swap,Interest Rate,4127620.738931931,5984.535571030217,0.0,Unmargined,0.7363928689692548,0.005,Corporate,A,76562617.80039492
T0003491,CP0079,JPM_EMEA_UK,Equity Option,Equity,1521076.441467313,7872.286556954939,21818.327144489107,Margined,6.358907449576512,0.08,Corporate,A,45536506.54289452
T0003492,CP0073,JPM_EMEA_CH,Interest Rate Swap,Interest Rate,1954863.6297373543,125611.94203273786,0.0,Unmargined,1.0483040794511573,0.005,Asset Manager,A,35958531.21349318
T0003493,CP0019,JPM_EMEA_CH,FX Forward,FX,1378850.2381878018,8333.204400267938,20960.95303621953,Margined,6.594010319122668,0.04,CCP,AA,121755579.54253721
T0003494,CP0076,JPM_EMEA_UK,Commodity Future,Commodity,6305070.922924149,-113527.20085003738,71846.71923651801,Margined,0.6858057672312229,0.15,Asset Manager,BBB,43304880.06050608
T0003495,CP0040,JPM_EMEA_CH,FX Forward,FX,559145.9014096967,-37359.31556671021,3721.2199321829994,Margined,1.2454581671052083,0.04,Corporate,BBB,119924173.94929542
T0003496,CP0021,JPM_EMEA_CH,Interest Rate Swap,Interest Rate,1454579.9016708473,-73002.17695840707,0.0,Unmargined,0.4500121272834778,0.005,Corporate,BBB,83265583.00896084
T0003497,CP0072,JPM_EMEA_FR,Interest Rate Swap,Interest Rate,620861.5388570729,-10148.544556686282,1604.70301126102,Margined,2.8146053035872365,0.005,Hedge Fund,AA,51326174.75073902
T0003498,CP0038,JPM_EMEA_CH,Interest Rate Swap,Interest Rate,6081886.728200253,-23069.749111113626,84795.69908732406,Margined,4.156519598431367,0.005,Sovereign,BBB,105724942.50994723
T0003499,CP0055,JPM_EMEA_UK,FX Forward,FX,659390.6098216135,-12823.005057882963,8047.285996083931,Margined,4.394269041621058,0.04,Asset Manager,A,41399016.28566236
T0003500,CP0049,JPM_EMEA_UK,Securities Financing,SFT,4128951.7436328433,50744.97877013129,0.0,Unmargined,5.80820674407846,0.03,Sovereign,AA,61228056.066952996
T0003501,CP0024,JPM_EMEA_CH,Interest Rate Swap,Interest Rate,20610865.266460188,-410110.4947890824,151242.73360882228,Margined,3.722239844992921,0.005,CCP,BBB,94324646.8088898
T0003502,CP0079,JPM_EMEA_DE,Equity Option,Equity,21321764.155730736,-682448.3589270893,170960.3251243992,Margined,3.5952757859537674,0.08,Corporate,A,45536506.54289452
T0003503,CP0067,JPM_EMEA_UK,Equity Option,Equity,657301.0093859362,14094.199398107457,1357.379848735477,Margined,2.3167141396235666,0.08,CCP,A,68575504.7535823
T0003504,CP0043,JPM_EMEA_CH,Interest Rate Swap,Interest Rate,5390854.802277934,258377.24148977347,0.0,Unmargined,4.575183307590721,0.005,Sovereign,BBB,49927818.8163345
T0003505,CP0046,JPM_EMEA_DE,Interest Rate Swap,Interest Rate,1487836.519933938,-57654.953496519476,12809.488727287504,Margined,6.364276005231287,0.005,CCP,AA,68219896.90211704
T0003506,CP0006,JPM_EMEA_CH,FX Forward,FX,1213074.8388866682,10347.595373551767,6190.816057959904,Margined,2.5193370653119613,0.04,CCP,BBB,84218806.50178745
T0003507,CP0059,JPM_EMEA_CH,Equity Option,Equity,3570924.0746247685,-238091.94486258287,20945.147555562886,Margined,2.5266652286224947,0.08,Sovereign,AA,135918044.6131388
T0003508,CP0073,JPM_EMEA_DE,FX Forward,FX,13661552.737259092,-705056.8152609986,222640.19337030716,Margined,2.436105700239543,0.04,Asset Manager,A,35958531.21349318
T0003509,CP0078,JPM_EMEA_CH,Commodity Future,Commodity,7285989.338796543,-150140.954099129,23142.604528790922,Margined,1.6305221911471608,0.15,Hedge Fund,BBB,133693065.30887038
T0003510,CP0045,JPM_EMEA_DE,Securities Financing,SFT,1956492.7022073304,77715.53925117308,7604.245952009525,Margined,3.9886385065949637,0.03,Bank,AAA,92130821.02089284
T0003511,CP0080,JPM_EMEA_FR,Commodity Future,Commodity,8095661.966549976,-220644.92757334115,155201.05640534847,Margined,0.7837470588596132,0.15,Sovereign,A,60342077.47701232
T0003512,CP0064,JPM_EMEA_DE,Securities Financing,SFT,424257.80801382527,-12118.294949007593,0.0,Unmargined,5.851839991410143,0.03,CCP,BB,61070776.73800309
T0003513,CP0041,JPM_EMEA_UK,Commodity Future,Commodity,1883908.4144533542,2379.479690549641,37006.669269711805,Margined,1.0073817631994746,0.15,Bank,BBB,34006322.97426655
T0003514,CP0065,JPM_EMEA_UK,Securities Financing,SFT,1754884.1027509202,2277.710388781442,16013.586772873841,Margined,1.2588127259761477,0.03,Asset Manager,BBB,120361616.17442845
T0003515,CP0013,JPM_EMEA_DE,Commodity Future,Commodity,4325877.685497939,-118873.39513600456,51871.56820136722,Margined,0.5265909594704662,0.15,Sovereign,BBB,95537948.16105135
T0003516,CP0055,JPM_EMEA_FR,Commodity Future,Commodity,3265674.7321074805,227022.3754602467,43271.47744936096,Margined,2.7003628410980527,0.15,Asset Manager,A,41399016.28566236
T0003517,CP0050,JPM_EMEA_CH,Commodity Future,Commodity,3472321.073121704,-32249.939137610865,80204.67959639055,Margined,5.315634847942835,0.15,Sovereign,A,143876921.35906684
T0003518,CP0040,JPM_EMEA_UK,Securities Financing,SFT,3358769.984844265,13352.704038621863,0.0,Unmargined,6.375154225556239,0.03,Corporate,BBB,119924173.94929542
T0003519,CP0052,JPM_EMEA_FR,FX Forward,FX,4090640.675275787,-57523.75018081425,86827.51479662259,Margined,3.0682514284381743,0.04,Hedge Fund,BBB,86957426.80012289
T0003520,CP0069,JPM_EMEA_FR,Equity Option,Equity,6864926.468405205,105713.03478250261,47844.75518844547,Margined,1.684198902822194,0.08,Bank,AA,117082649.47537337
T0003521,CP0046,JPM_EMEA_CH,FX Forward,FX,4644229.063456546,200739.90268196314,19066.248227015778,Margined,5.093299771986227,0.04,CCP,AA,68219896.90211704
T0003522,CP0031,JPM_EMEA_CH,Securities Financing,SFT,3010007.4219303364,175267.4026400264,0.0,Unmargined,4.8325997328330486,0.03,Asset Manager,AA,127417950.14526652
T0003523,CP0034,JPM_EMEA_UK,FX Forward,FX,5977740.423318002,-159481.92191164417,137572.18208492684,Margined,4.787431003806964,0.04,Corporate,AA,92024698.66007642
T0003524,CP0046,JPM_EMEA_UK,Commodity Future,Commodity,9137783.995142328,352058.9990377283,194658.09913855826,Margined,3.131792339600986,0.15,CCP,AA,68219896.90211704
T0003525,CP0047,JPM_EMEA_CH,Commodity Future,Commodity,2293934.51111185,44132.61307225139,27766.687267274294,Margined,3.9788229174865877,0.15,Asset Manager,BBB,127872666.6072137
T0003526,CP0026,JPM_EMEA_FR,Securities Financing,SFT,3769308.7546612155,128566.52808215051,0.0,Unmargined,0.4806699050599028,0.03,Corporate,A,54706836.20194616
T0003527,CP0043,JPM_EMEA_UK,Interest Rate Swap,Interest Rate,12784083.545535438,-41110.73043727151,0.0,Unmargined,1.787588074344799,0.005,Sovereign,BBB,49927818.8163345
T0003528,CP0024,JPM_EMEA_CH,Equity Option,Equity,1327813.6054382785,-8692.434923752153,17515.90938386357,Margined,6.49226853157619,0.08,CCP,BBB,94324646.8088898
T0003529,CP0076,JPM_EMEA_DE,Commodity Future,Commodity,24312644.319359466,796239.4077980925,0.0,Unmargined,0.3403690225587595,0.15,Asset Manager,BBB,43304880.06050608
T0003530,CP0043,JPM_EMEA_DE,Securities Financing,SFT,1048268.1131948554,35027.07992017123,0.0,Unmargined,2.1461199214051705,0.03,Sovereign,BBB,49927818.8163345
T0003531,CP0068,JPM_EMEA_CH,Securities Financing,SFT,2831848.70184664,155185.93111794055,16128.023264594107,Margined,1.6251779669819653,0.03,Asset Manager,AA,32280666.847996987
T0003532,CP0031,JPM_EMEA_CH,Equity Option,Equity,1546670.2033928903,10748.065579011934,10071.267535651854,Margined,0.9551605458106743,0.08,Asset Manager,AA,127417950.14526652
T0003533,CP0032,JPM_EMEA_DE,Equity Option,Equity,35666838.30205138,-133465.73575905184,227842.51326932188,Margined,6.474244920009276,0.08,Hedge Fund,A,136500900.33916968
T0003534,CP0024,JPM_EMEA_FR,Interest Rate Swap,Interest Rate,2418008.656649269,-208178.15376804885,0.0,Margined,0.9249775945998476,0.005,CCP,BBB,94324646.8088898
T0003535,CP0046,JPM_EMEA_FR,Securities Financing,SFT,2424082.7480078666,-136704.01054451274,0.0,Unmargined,3.451130776458808,0.03,CCP,AA,68219896.90211704
T0003536,CP0050,JPM_EMEA_UK,Interest Rate Swap,Interest Rate,2760869.37529849,-38096.70140195855,32234.290243423595,Margined,5.88459093335144,0.005,Sovereign,A,143876921.35906684
T0003537,CP0046,JPM_EMEA_FR,Equity Option,Equity,4401287.752001366,-169612.70159139886,79644.44036680828,Margined,0.0769104739109389,0.08,CCP,AA,68219896.90211704
T0003538,CP0067,JPM_EMEA_UK,Commodity Future,Commodity,2880179.395221506,82069.47278533045,63610.88827574671,Margined,0.8042673653358882,0.15,CCP,A,68575504.7535823
T0003539,CP0041,JPM_EMEA_CH,FX Forward,FX,3502256.785277645,-160581.0430541043,79131.23282324139,Margined,2.4261647013127265,0.04,Bank,BBB,34006322.97426655
T0003540,CP0066,JPM_EMEA_CH,Interest Rate Swap,Interest Rate,117312.30910122667,-2058.3208912424134,2738.975375571894,Margined,1.0752292754355397,0.005,Hedge Fund,BBB,106015964.21180893
T0003541,CP0005,JPM_EMEA_UK,Interest Rate Swap,Interest Rate,4235300.1409251755,-68488.7305025212,25171.878638550814,Margined,1.319484215911645,0.005,Asset Manager,BBB,25409842.60204602
T0003542,CP0029,JPM_EMEA_FR,Securities Financing,SFT,4071864.418332275,171694.2673084141,2216.420759693654,Margined,4.158532902506826,0.03,Corporate,AAA,77058489.83965607
T0003543,CP0058,JPM_EMEA_UK,FX Forward,FX,11300682.911432978,-240572.96329911827,0.0,Unmargined,1.2358869022581842,0.04,Bank,AA,149008823.32725883
T0003544,CP0031,JPM_EMEA_UK,Interest Rate Swap,Interest Rate,14810780.227932516,234520.17585017756,341493.1595261525,Margined,4.489988258578201,0.005,Asset Manager,AA,127417950.14526652
T0003545,CP0059,JPM_EMEA_FR,Equity Option,Equity,3315426.5886845295,22709.72545650552,81055.3489144044,Margined,6.412853677542108,0.08,Sovereign,AA,135918044.6131388
T0003546,CP0048,JPM_EMEA_CH,Interest Rate Swap,Interest Rate,9047816.363474838,286047.5918848905,0.0,Unmargined,1.6445294370352295,0.005,CCP,A,125072691.36835924
T0003547,CP0039,JPM_EMEA_CH,Securities Financing,SFT,1329397.1657883455,39559.57182079838,0.0,Margined,1.5253807836320765,0.03,Hedge Fund,A,114509299.85729474
T0003548,CP0045,JPM_EMEA_DE,FX Forward,FX,8616135.823366342,-10084.359405144294,128594.7562424115,Margined,0.12918545819138458,0.04,Bank,AAA,92130821.02089284
T0003549,CP0073,JPM_EMEA_CH,Interest Rate Swap,Interest Rate,2256508.172381741,-133969.58506625416,37104.95293028002,Margined,0.1519314334574234,0.005,Asset Manager,A,35958531.21349318
T0003550,CP0055,JPM_EMEA_FR,Interest Rate Swap,Interest Rate,1223354.7658213032,-9922.546133975477,0.0,Unmargined,2.806554598656385,0.005,Asset Manager,A,41399016.28566236
T0003551,CP0079,JPM_EMEA_DE,FX Forward,FX,3322460.6994118285,-2320.5645641328547,77868.60959702797,Margined,3.4488424557449555,0.04,Corporate,A,45536506.54289452
T0003552,CP0008,JPM_EMEA_DE,FX Forward,FX,16228465.149399683,162452.18054192353,312837.213677346,Margined,1.3205349807774853,0.04,Sovereign,AA,38788144.55258609
T0003553,CP0066,JPM_EMEA_FR,Commodity Future,Commodity,4793687.258455437,-123746.30457186367,35002.39612610054,Margined,2.2947663842647414,0.15,Hedge Fund,BBB,106015964.21180893
T0003554,CP0072,JPM_EMEA_DE,FX Forward,FX,17863910.577691857,713333.4445034033,0.0,Unmargined,1.025154161307815,0.04,Hedge Fund,AA,51326174.75073902
T0003555,CP0075,JPM_EMEA_DE,FX Forward,FX,1891862.223284706,901.8122054636221,0.0,Unmargined,4.7846676780048725,0.04,Sovereign,AA,39926961.16118422
T0003556,CP0044,JPM_EMEA_DE,Interest Rate Swap,Interest Rate,11406067.671240639,-367473.9264119923,64566.0890690667,Margined,2.7809278057870226,0.005,Asset Manager,AA,24863632.30290337
T0003557,CP0040,JPM_EMEA_DE,Interest Rate Swap,Interest Rate,2083677.4217511623,-33417.96505613551,49593.80812913219,Margined,5.15362207287343,0.005,Corporate,BBB,119924173.94929542
T0003558,CP0047,JPM_EMEA_DE,Securities Financing,SFT,5010937.546449668,338233.2378142228,0.0,Margined,3.8746757634099467,0.03,Asset Manager,BBB,127872666.6072137
T0003559,CP0074,JPM_EMEA_UK,Interest Rate Swap,Interest Rate,4967800.514701078,115517.3893487471,82143.04301506397,Margined,2.6722290304940195,0.005,Bank,A,128044647.3762378
T0003560,CP0070,JPM_EMEA_CH,Securities Financing,SFT,7750722.734208324,284420.3621364973,112821.68875539022,Margined,4.403248441836236,0.03,Asset Manager,BBB,54119867.06997241
T0003561,CP0075,JPM_EMEA_DE,FX Forward,FX,5139906.97488151,-187378.1045701486,0.0,Unmargined,0.09982526488136381,0.04,Sovereign,AA,39926961.16118422
T0003562,CP0078,JPM_EMEA_DE,Interest Rate Swap,Interest Rate,1910012.570208875,-46048.56797814595,8784.281139891636,Margined,4.848032940387381,0.005,Hedge Fund,BBB,133693065.30887038
T0003563,CP0050,JPM_EMEA_UK,Interest Rate Swap,Interest Rate,9646559.40286266,-230068.32632416778,0.0,Unmargined,2.628786840438494,0.005,Sovereign,A,143876921.35906684
T0003564,CP0021,JPM_EMEA_FR,Interest Rate Swap,Interest Rate,22600023.711187623,145855.5994594078,175117.87728586805,Margined,3.619355433831853,0.005,Corporate,BBB,83265583.00896084
T0003565,CP0013,JPM_EMEA_DE,Commodity Future,Commodity,2231091.525112568,-13587.490374117091,0.0,Unmargined,3.68769797484558,0.15,Sovereign,BBB,95537948.16105135
T0003566,CP0072,JPM_EMEA_UK,FX Forward,FX,638305.8541282627,-10935.650189394832,13336.69439027487,Margined,3.9309659354778157,0.04,Hedge Fund,AA,51326174.75073902
T0003567,CP0013,JPM_EMEA_DE,FX Forward,FX,6590399.240614613,-83977.73880879724,37810.141255117676,Margined,4.931586268009742,0.04,Sovereign,BBB,95537948.16105135
T0003568,CP0006,JPM_EMEA_CH,Equity Option,Equity,2872302.4831402847,-79824.82334356467,0.0,Unmargined,0.8189905956179346,0.08,CCP,BBB,84218806.50178745
T0003569,CP0038,JPM_EMEA_CH,Equity Option,Equity,3508510.207835569,-22083.87908522135,5831.430163251091,Margined,3.4483954326471054,0.08,Sovereign,BBB,105724942.50994723
T0003570,CP0060,JPM_EMEA_CH,Securities Financing,SFT,6975975.097428153,271801.7466812608,0.0,Unmargined,0.6279134053423591,0.03,Sovereign,BB,117319042.5294034
T0003571,CP0059,JPM_EMEA_UK,Securities Financing,SFT,2534260.6337705865,-134214.1322214593,0.0,Unmargined,1.6773652553714906,0.03,Sovereign,AA,135918044.6131388
T0003572,CP0021,JPM_EMEA_FR,Equity Option,Equity,3057025.5164805027,37071.8764345514,0.0,Unmargined,1.3653883646301113,0.08,Corporate,BBB,83265583.00896084
T0003573,CP0041,JPM_EMEA_CH,Commodity Future,Commodity,3618917.12440749,174805.43803693427,0.0,Unmargined,4.211029929855525,0.15,Bank,BBB,34006322.97426655
T0003574,CP0072,JPM_EMEA_FR,Commodity Future,Commodity,17392660.36462001,-111513.88459858774,0.0,Margined,4.262377532399034,0.15,Hedge Fund,AA,51326174.75073902
T0003575,CP0064,JPM_EMEA_CH,FX Forward,FX,4122105.041296539,-76302.88910871175,25796.15064281197,Margined,5.824751013725845,0.04,CCP,BB,61070776.73800309
T0003576,CP0074,JPM_EMEA_UK,Equity Option,Equity,1162555.7104570707,37606.47071216284,5806.619489440334,Margined,3.676768360209604,0.08,Bank,A,128044647.3762378
T0003577,CP0062,JPM_EMEA_DE,Interest Rate Swap,Interest Rate,1209752.604942339,-41673.274278416255,8170.009712158659,Margined,5.225515684525206,0.005,Sovereign,BBB,136148063.1607222
T0003578,CP0008,JPM_EMEA_DE,Commodity Future,Commodity,4597553.355598893,-3651.393186471968,41758.974084424844,Margined,6.229091964202923,0.15,Sovereign,AA,38788144.55258609
T0003579,CP0017,JPM_EMEA_FR,Securities Financing,SFT,1292872.3363092935,-47053.49850120957,8661.032938922148,Margined,0.9780780623435864,0.03,Corporate,A,144612697.7213879
T0003580,CP0014,JPM_EMEA_UK,Interest Rate Swap,Interest Rate,838610.3303084199,-54890.00972637553,4586.111150757385,Margined,5.060736912758872,0.005,Sovereign,BBB,65093074.58952882
T0003581,CP0011,JPM_EMEA_DE,Commodity Future,Commodity,7552135.357300237,-40173.200896851915,20621.380370070998,Margined,2.329155876098842,0.15,Corporate,AA,42177085.909795195
T0003582,CP0069,JPM_EMEA_FR,Securities Financing,SFT,7931108.123166606,-350704.29971658764,147314.90368350415,Margined,1.982543066394926,0.03,Bank,AA,117082649.47537337
T0003583,CP0057,JPM_EMEA_UK,Interest Rate Swap,Interest Rate,2768090.762742682,-1130.6764050027843,0.0,Unmargined,6.7427293349917345,0.005,Corporate,A,76562617.80039492
T0003584,CP0074,JPM_EMEA_DE,FX Forward,FX,5365307.2955539245,209386.68024569948,0.0,Unmargined,1.4848745045349103,0.04,Bank,A,128044647.3762378
T0003585,CP0026,JPM_EMEA_FR,Securities Financing,SFT,4827921.314283962,313326.97200121905,57253.86890258043,Margined,6.4061436354079735,0.03,Corporate,A,54706836.20194616
T0003586,CP0079,JPM_EMEA_UK,Securities Financing,SFT,7306130.184698114,23916.79935997365,21840.603051497485,Margined,5.7748294976954835,0.03,Corporate,A,45536506.54289452
T0003587,CP0075,JPM_EMEA_FR,Interest Rate Swap,Interest Rate,7323177.108755761,261236.43173618085,0.0,Unmargined,6.156495554417821,0.005,Sovereign,AA,39926961.16118422
T0003588,CP0009,JPM_EMEA_DE,FX Forward,FX,295379.52431353024,4124.5889232576965,4087.9669851571234,Margined,4.122585142148507,0.04,Hedge Fund,BBB,33442385.803931713
T0003589,CP0070,JPM_EMEA_DE,Equity Option,Equity,3144941.857303073,-42170.45141324121,32219.33531865203,Margined,4.113705347946959,0.08,Asset Manager,BBB,54119867.06997241
T0003590,CP0009,JPM_EMEA_DE,Interest Rate Swap,Interest Rate,6714024.511114307,-452304.8466546839,0.0,Unmargined,2.847945480050499,0.005,Hedge Fund,BBB,33442385.803931713
T0003591,CP0037,JPM_EMEA_CH,FX Forward,FX,2653389.2101836298,151050.10168941552,38393.66693326851,Margined,2.83638975547967,0.04,CCP,AA,56560391.89907108
T0003592,CP0015,JPM_EMEA_FR,Interest Rate Swap,Interest Rate,4147463.7397988695,-152288.96512854737,14793.525734011135,Margined,5.962137030919083,0.005,Sovereign,BBB,96819013.89258417
T0003593,CP0047,JPM_EMEA_FR,Interest Rate Swap,Interest Rate,8473929.586382724,410112.6168108355,182565.56003297796,Margined,2.744898369038607,0.005,Asset Manager,BBB,127872666.6072137
T0003594,CP0002,JPM_EMEA_CH,Equity Option,Equity,4337159.298848608,81487.70703316768,44841.152332655474,Margined,3.4325433019450418,0.08,Sovereign,BBB,104480058.20212659
T0003595,CP0068,JPM_EMEA_DE,Equity Option,Equity,18069289.38864663,-617255.0112278742,459042.5779952493,Margined,6.9749303414561235,0.08,Asset Manager,AA,32280666.847996987
T0003596,CP0039,JPM_EMEA_UK,Equity Option,Equity,12345364.066873005,134810.66777230313,189666.3307031935,Margined,2.5124813102400956,0.08,Hedge Fund,A,114509299.85729474
T0003597,CP0070,JPM_EMEA_UK,Commodity Future,Commodity,3552779.3339650217,265221.6818901973,0.0,Unmargined,5.767012200225488,0.15,Asset Manager,BBB,54119867.06997241
T0003598,CP0035,JPM_EMEA_DE,FX Forward,FX,3281327.907766071,176364.28845774502,0.0,Unmargined,1.9765242018566482,0.04,CCP,AAA,34114846.34760766
T0003599,CP0045,JPM_EMEA_CH,Interest Rate Swap,Interest Rate,231302.30506939994,-4150.7099103076125,3196.0235382475284,Margined,0.22426172637471792,0.005,Bank,AAA,92130821.02089284
T0003600,CP0060,JPM_EMEA_DE,Interest Rate Swap,Interest Rate,2885771.1604641615,-71911.47385711673,17935.486392573817,Margined,4.174323649080955,0.005,Sovereign,BB,117319042.5294034
T0003601,CP0078,JPM_EMEA_CH,Interest Rate Swap,Interest Rate,1033576.8624647416,3625.0448081013383,6601.931074540364,Margined,3.3814545459298326,0.005,Hedge Fund,BBB,133693065.30887038
T0003602,CP0030,JPM_EMEA_FR,FX Forward,FX,4990439.10617079,-28909.516498072895,81165.87039970196,Margined,5.517374706528975,0.04,Asset Manager,A,22809570.384442955
T0003603,CP0042,JPM_EMEA_FR,Interest Rate Swap,Interest Rate,4660697.300482073,195706.4478093372,61264.90642460809,Margined,0.07886036180187596,0.005,Sovereign,A,139081539.86788905
T0003604,CP0026,JPM_EMEA_UK,Interest Rate Swap,Interest Rate,8021697.975771696,207646.62374881338,58460.451189851454,Margined,0.5403946959634273,0.005,Corporate,A,54706836.20194616
T0003605,CP0004,JPM_EMEA_CH,Interest Rate Swap,Interest Rate,16166882.069417836,-957539.4641705471,301746.44027114956,Margined,6.024768458281364,0.005,Asset Manager,A,74054962.28217925
T0003606,CP0070,JPM_EMEA_CH,Equity Option,Equity,3896290.4407465146,62549.62045903034,47964.000199688046,Margined,3.391775363833868,0.08,Asset Manager,BBB,54119867.06997241
T0003607,CP0046,JPM_EMEA_FR,Equity Option,Equity,39123005.62198384,-245230.18341011854,732072.7532310856,Margined,3.5692953710226862,0.08,CCP,AA,68219896.90211704
T0003608,CP0030,JPM_EMEA_CH,Securities Financing,SFT,5046756.735323337,6554.650740222881,21177.39979002092,Margined,1.61449327781483,0.03,Asset Manager,A,22809570.384442955
T0003609,CP0063,JPM_EMEA_UK,Commodity Future,Commodity,1079046.7013469492,9401.739842646572,0.0,Unmargined,6.485151689726518,0.15,Asset Manager,AA,87451586.85023838
T0003610,CP0066,JPM_EMEA_DE,Equity Option,Equity,2280107.2606619163,95663.07479740257,36499.87620976847,Margined,6.405223115559791,0.08,Hedge Fund,BBB,106015964.21180893
T0003611,CP0079,JPM_EMEA_CH,Interest Rate Swap,Interest Rate,2755358.774519791,94295.96476195836,0.0,Unmargined,3.6410220151559134,0.005,Corporate,A,45536506.54289452
T0003612,CP0035,JPM_EMEA_FR,Equity Option,Equity,7231319.4225996565,-189757.02349397985,143320.73038376682,Margined,1.5638736486786198,0.08,CCP,AAA,34114846.34760766
T0003613,CP0009,JPM_EMEA_FR,Interest Rate Swap,Interest Rate,1551224.2546663969,-3182.210706287844,17560.436850440696,Margined,6.880400523146374,0.005,Hedge Fund,BBB,33442385.803931713
T0003614,CP0039,JPM_EMEA_DE,FX Forward,FX,2969276.9687461904,-46612.44846303084,0.0,Unmargined,6.25257205333333,0.04,Hedge Fund,A,114509299.85729474
T0003615,CP0036,JPM_EMEA_FR,FX Forward,FX,3405031.124301776,-200435.8254642955,89430.58169455608,Margined,3.6738065119834054,0.04,Bank,AA,107391212.09517552
T0003616,CP0017,JPM_EMEA_DE,FX Forward,FX,2555310.0164679135,-9781.644375273616,24723.78003536321,Margined,4.403469859036382,0.04,Corporate,A,144612697.7213879
T0003617,CP0047,JPM_EMEA_FR,Interest Rate Swap,Interest Rate,9004367.548576703,581379.6415912212,0.0,Unmargined,3.105691240982202,0.005,Asset Manager,BBB,127872666.6072137
T0003618,CP0034,JPM_EMEA_UK,Equity Option,Equity,7595954.094739739,-455161.10594939283,67975.46445684372,Margined,1.4821015379009208,0.08,Corporate,AA,92024698.66007642
T0003619,CP0071,JPM_EMEA_FR,Commodity Future,Commodity,12843803.745135464,-10816.57344340468,0.0,Unmargined,4.786083352903896,0.15,Sovereign,A,141785709.5693913
T0003620,CP0004,JPM_EMEA_CH,Commodity Future,Commodity,2872748.336256182,-5644.476733915323,6266.289225120461,Margined,4.700482267034797,0.15,Asset Manager,A,74054962.28217925
T0003621,CP0058,JPM_EMEA_UK,Equity Option,Equity,13314077.428980825,134082.63225470684,0.0,Unmargined,3.853916350614617,0.08,Bank,AA,149008823.32725883
T0003622,CP0049,JPM_EMEA_DE,FX Forward,FX,1022547.7173110901,-34455.12726535531,18006.097559458234,Margined,5.710399483573135,0.04,Sovereign,AA,61228056.066952996
T0003623,CP0019,JPM_EMEA_FR,Interest Rate Swap,Interest Rate,997912.2425337341,-49774.73569333148,15241.81947736293,Margined,3.1902643476896757,0.005,CCP,AA,121755579.54253721
T0003624,CP0029,JPM_EMEA_UK,Equity Option,Equity,1188263.116589858,-57334.786186519035,0.0,Unmargined,6.03337123711262,0.08,Corporate,AAA,77058489.83965607
T0003625,CP0069,JPM_EMEA_UK,FX Forward,FX,4037017.0034001144,188055.07744741894,61080.395236266544,Margined,1.5582775502350257,0.04,Bank,AA,117082649.47537337
T0003626,CP0030,JPM_EMEA_UK,Interest Rate Swap,Interest Rate,13312087.774542741,-457856.06809309847,77185.1136417833,Margined,6.734547876271304,0.005,Asset Manager,A,22809570.384442955
T0003627,CP0054,JPM_EMEA_UK,FX Forward,FX,2190549.182114717,-38301.04426194528,0.0,Unmargined,1.475307843266291,0.04,Asset Manager,A,141685664.10636523
T0003628,CP0042,JPM_EMEA_CH,Securities Financing,SFT,2483331.3775404743,182927.50596155509,0.0,Unmargined,1.1628278876480425,0.03,Sovereign,A,139081539.86788905
T0003629,CP0072,JPM_EMEA_UK,Equity Option,Equity,3222883.339107082,-82824.7113004489,23834.949630552335,Margined,4.243612673666707,0.08,Hedge Fund,AA,51326174.75073902
T0003630,CP0053,JPM_EMEA_FR,FX Forward,FX,7093100.028231228,85003.61092622262,111930.21370336988,Margined,0.696905517134364,0.04,Asset Manager,A,53275461.77378836
T0003631,CP0067,JPM_EMEA_DE,Equity Option,Equity,2481018.2429981465,92376.76618878146,0.0,Unmargined,1.2171218572725127,0.08,CCP,A,68575504.7535823
T0003632,CP0073,JPM_EMEA_FR,FX Forward,FX,2346388.654062522,83414.60128506258,16800.132422321076,Margined,5.116789660728594,0.04,Asset Manager,A,35958531.21349318
T0003633,CP0011,JPM_EMEA_CH,FX Forward,FX,1041746.9856400786,-48550.797963494806,11018.634760018738,Margined,2.191653131661094,0.04,Corporate,AA,42177085.909795195
T0003634,CP0067,JPM_EMEA_CH,Interest Rate Swap,Interest Rate,2258211.7746885517,-56381.53139158484,52635.61289461487,Margined,5.610843061802427,0.005,CCP,A,68575504.7535823
T0003635,CP0077,JPM_EMEA_UK,FX Forward,FX,12984497.086931782,137411.5459092954,299255.03564426873,Margined,1.1310922254501496,0.04,Hedge Fund,BBB,97919762.89770965
T0003636,CP0003,JPM_EMEA_UK,Equity Option,Equity,4380751.870545494,295769.139216137,0.0,Unmargined,2.727845060382613,0.08,Corporate,BBB,30977761.748185582
T0003637,CP0037,JPM_EMEA_DE,Interest Rate Swap,Interest Rate,1908733.3430246557,-50873.22748259908,23779.261986053625,Margined,2.734701236446904,0.005,CCP,AA,56560391.89907108
T0003638,CP0021,JPM_EMEA_CH,Commodity Future,Commodity,13769256.730721384,-237883.93663450205,0.0,Unmargined,3.3887568200756024,0.15,Corporate,BBB,83265583.00896084
T0003639,CP0079,JPM_EMEA_CH,Interest Rate Swap,Interest Rate,2227947.725037382,32717.64571754854,57380.617443113,Margined,2.9022258145539754,0.005,Corporate,A,45536506.54289452
T0003640,CP0029,JPM_EMEA_FR,Equity Option,Equity,16547746.685207676,358888.15821480175,335765.94447397324,Margined,2.7381607568515562,0.08,Corporate,AAA,77058489.83965607
T0003641,CP0015,JPM_EMEA_CH,Equity Option,Equity,16279413.57965626,387594.7696341533,293283.6078468181,Margined,2.332641167434635,0.08,Sovereign,BBB,96819013.89258417
T0003642,CP0008,JPM_EMEA_UK,Equity Option,Equity,4230439.919340043,-125316.01727976467,0.0,Unmargined,0.15529692821175603,0.08,Sovereign,AA,38788144.55258609
T0003643,CP0064,JPM_EMEA_FR,Equity Option,Equity,893816.1566812826,-16644.362732345147,11018.412490818388,Margined,4.335303188016158,0.08,CCP,BB,61070776.73800309
T0003644,CP0005,JPM_EMEA_CH,Securities Financing,SFT,39480030.07983785,297779.78476480034,433607.9991304661,Margined,3.340765000482434,0.03,Asset Manager,BBB,25409842.60204602
T0003645,CP0025,JPM_EMEA_CH,FX Forward,FX,5891852.223328859,260307.3099844739,102886.60794614351,Margined,2.6443144097627673,0.04,Sovereign,A,81553622.137404
T0003646,CP0045,JPM_EMEA_FR,Commodity Future,Commodity,2893327.8255752106,-24150.44207625033,24280.093882711517,Margined,1.5193327473429012,0.15,Bank,AAA,92130821.02089284
T0003647,CP0004,JPM_EMEA_FR,Equity Option,Equity,10406413.261963129,-8122.89760797323,105586.78098808357,Margined,6.245161081788026,0.08,Asset Manager,A,74054962.28217925
T0003648,CP0014,JPM_EMEA_UK,Interest Rate Swap,Interest Rate,8073581.177849628,-289902.07819682977,136890.01929628523,Margined,1.7033620794741648,0.005,Sovereign,BBB,65093074.58952882
T0003649,CP0080,JPM_EMEA_FR,Interest Rate Swap,Interest Rate,14838612.1281863,967669.509284743,86232.71081835862,Margined,6.450425238208977,0.005,Sovereign,A,60342077.47701232
T0003650,CP0037,JPM_EMEA_UK,FX Forward,FX,2062557.2005455934,11136.165334158126,15278.719445855859,Margined,1.5599846788936027,0.04,CCP,AA,56560391.89907108
T0003651,CP0025,JPM_EMEA_DE,Interest Rate Swap,Interest Rate,5500108.250172479,207471.87841460004,74507.83857268885,Margined,6.801410754505707,0.005,Sovereign,A,81553622.137404
T0003652,CP0070,JPM_EMEA_UK,FX Forward,FX,1221920.9026534297,1278.6208214072963,27747.24010244613,Margined,2.9679515348696217,0.04,Asset Manager,BBB,54119867.06997241
T0003653,CP0007,JPM_EMEA_DE,FX Forward,FX,7788347.8926769355,23243.13487661464,0.0,Unmargined,3.7523859355776077,0.04,Bank,A,62881957.60326209
T0003654,CP0022,JPM_EMEA_UK,Equity Option,Equity,3909263.4937817464,-205278.59717414502,0.0,Unmargined,2.126733073202439,0.08,Asset Manager,A,83791909.26608771
T0003655,CP0069,JPM_EMEA_DE,Interest Rate Swap,Interest Rate,5297863.449819398,-398805.4944548319,66257.91174509107,Margined,6.577307214789203,0.005,Bank,AA,117082649.47537337
T0003656,CP0061,JPM_EMEA_UK,Commodity Future,Commodity,3455422.1578956745,151405.1352997068,82794.07174404863,Margined,2.0138673925261146,0.15,CCP,BBB,135803023.8142082
T0003657,CP0035,JPM_EMEA_CH,FX Forward,FX,3112124.2777597257,8502.44022896268,0.0,Margined,5.124972123241569,0.04,CCP,AAA,34114846.34760766
T0003658,CP0079,JPM_EMEA_FR,Equity Option,Equity,1678773.0296699265,12129.108790236245,47304.32163118292,Margined,0.19241129852402689,0.08,Corporate,A,45536506.54289452
T0003659,CP0047,JPM_EMEA_FR,Interest Rate Swap,Interest Rate,8817378.254761595,-385468.2787788098,257591.5214350635,Margined,3.933095256819772,0.005,Asset Manager,BBB,127872666.6072137
T0003660,CP0060,JPM_EMEA_FR,FX Forward,FX,17743129.984272633,-560811.4781756394,277731.9857534885,Margined,5.203950271946712,0.04,Sovereign,BB,117319042.5294034
T0003661,CP0079,JPM_EMEA_CH,Interest Rate Swap,Interest Rate,2292461.204491348,85235.01437694168,42772.97292004467,Margined,3.3225691720455304,0.005,Corporate,A,45536506.54289452
T0003662,CP0041,JPM_EMEA_FR,Equity Option,Equity,6957601.939762217,423752.9686415032,81376.119857036,Margined,4.521053951615159,0.08,Bank,BBB,34006322.97426655
T0003663,CP0039,JPM_EMEA_FR,FX Forward,FX,6162471.938573673,-134000.42866134347,63617.99000966604,Margined,5.387995346232362,0.04,Hedge Fund,A,114509299.85729474
T0003664,CP0054,JPM_EMEA_UK,Securities Financing,SFT,4032522.7492174353,94772.00726151736,28683.483506771747,Margined,3.526654101895841,0.03,Asset Manager,A,141685664.10636523
T0003665,CP0006,JPM_EMEA_FR,FX Forward,FX,869096.2744317102,5780.248636495184,10088.38600727815,Margined,1.5657392992438233,0.04,CCP,BBB,84218806.50178745
T0003666,CP0035,JPM_EMEA_DE,Equity Option,Equity,1088387.2462931466,-4591.375641643962,17901.214192611118,Margined,2.8075654855914762,0.08,CCP,AAA,34114846.34760766
T0003667,CP0056,JPM_EMEA_UK,Interest Rate Swap,Interest Rate,1831824.3997047408,118736.23021455755,28135.12060666371,Margined,5.128914104483852,0.005,Bank,A,25838380.52100277
T0003668,CP0031,JPM_EMEA_DE,Equity Option,Equity,471088.0016240289,-7472.425021515257,0.0,Unmargined,1.934088968739929,0.08,Asset Manager,AA,127417950.14526652
T0003669,CP0057,JPM_EMEA_DE,FX Forward,FX,16351589.193933228,710066.8171881032,209336.2557637713,Margined,4.442640645141706,0.04,Corporate,A,76562617.80039492
T0003670,CP0033,JPM_EMEA_UK,FX Forward,FX,5777653.262544895,77130.60852415409,516.3575919376453,Margined,1.0806293055952196,0.04,Bank,BBB,38232381.569819406
T0003671,CP0016,JPM_EMEA_FR,Interest Rate Swap,Interest Rate,3881933.338767232,-2294.7128245012254,0.0,Unmargined,6.5155379706676735,0.005,Sovereign,BBB,22964503.233860675
T0003672,CP0012,JPM_EMEA_CH,Interest Rate Swap,Interest Rate,447561.4384130139,21492.169282151455,999.1208368404423,Margined,4.2407327200733045,0.005,CCP,AAA,140265615.38898364
T0003673,CP0044,JPM_EMEA_UK,Interest Rate Swap,Interest Rate,645599.1401426457,6555.870394766862,4858.051277632543,Margined,3.3044806047189805,0.005,Asset Manager,AA,24863632.30290337
T0003674,CP0016,JPM_EMEA_UK,Securities Financing,SFT,3990645.402897312,-13468.282763501522,56563.188977174585,Margined,5.690085102819095,0.03,Sovereign,BBB,22964503.233860675
T0003675,CP0030,JPM_EMEA_CH,FX Forward,FX,28696762.932726815,1385493.375611483,440133.7506899104,Margined,5.590338812765058,0.04,Asset Manager,A,22809570.384442955
T0003676,CP0042,JPM_EMEA_FR,Interest Rate Swap,Interest Rate,1989036.1312589913,86968.97160596163,868.2012402348919,Margined,0.7263951262691583,0.005,Sovereign,A,139081539.86788905
T0003677,CP0004,JPM_EMEA_UK,Securities Financing,SFT,9488612.311488809,399173.7388470525,57199.462519951194,Margined,2.184091123646103,0.03,Asset Manager,A,74054962.28217925
T0003678,CP0034,JPM_EMEA_DE,Interest Rate Swap,Interest Rate,2475375.133051463,-336832.09662951913,0.0,Unmargined,3.237112039427306,0.005,Corporate,AA,92024698.66007642
T0003679,CP0025,JPM_EMEA_UK,FX Forward,FX,4227173.728299476,65124.60738465223,71750.79776213545,Margined,2.416752712478917,0.04,Sovereign,A,81553622.137404
T0003680,CP0026,JPM_EMEA_CH,Equity Option,Equity,13476914.842149153,100053.98716458927,289309.4575622144,Margined,2.2552400077156025,0.08,Corporate,A,54706836.20194616
T0003681,CP0073,JPM_EMEA_FR,Securities Financing,SFT,2830186.8407813865,-3453.433302884601,6298.002454236248,Margined,2.4977225674257326,0.03,Asset Manager,A,35958531.21349318
T0003682,CP0074,JPM_EMEA_UK,Equity Option,Equity,2006093.8098306176,42814.63021756795,0.0,Unmargined,1.0372428395460804,0.08,Bank,A,128044647.3762378
T0003683,CP0025,JPM_EMEA_UK,FX Forward,FX,16516583.14435345,150622.82369938074,321185.273889323,Margined,0.8799504887087676,0.04,Sovereign,A,81553622.137404
T0003684,CP0071,JPM_EMEA_FR,Securities Financing,SFT,4186446.076431842,99316.14709960225,28164.038337055325,Margined,1.8591600515177413,0.03,Sovereign,A,141785709.5693913
T0003685,CP0018,JPM_EMEA_FR,Interest Rate Swap,Interest Rate,11911442.011204807,-111713.40370019223,0.0,Margined,0.5370680228381185,0.005,Bank,A,82699446.80257703
T0003686,CP0028,JPM_EMEA_FR,Securities Financing,SFT,2015859.121855094,105704.23813347636,6914.299717174163,Margined,3.596028952523848,0.03,Sovereign,A,87687412.32129991
T0003687,CP0076,JPM_EMEA_UK,Commodity Future,Commodity,16329422.958593862,445189.82090094837,118191.37225556141,Margined,1.114297059517719,0.15,Asset Manager,BBB,43304880.06050608
T0003688,CP0009,JPM_EMEA_CH,Securities Financing,SFT,5258898.718143016,99858.2336995948,0.0,Unmargined,0.5195917965470134,0.03,Hedge Fund,BBB,33442385.803931713
T0003689,CP0031,JPM_EMEA_UK,Interest Rate Swap,Interest Rate,6178539.936547098,106763.21261690617,68294.98176389255,Margined,5.868163240914116,0.005,Asset Manager,AA,127417950.14526652
T0003690,CP0065,JPM_EMEA_UK,Interest Rate Swap,Interest Rate,4562741.607381513,184813.1450601017,18001.732108364762,Margined,4.133191068346839,0.005,Asset Manager,BBB,120361616.17442845
T0003691,CP0076,JPM_EMEA_FR,Equity Option,Equity,2412875.9568438353,86282.20637741704,0.0,Unmargined,6.293602189903812,0.08,Asset Manager,BBB,43304880.06050608
T0003692,CP0076,JPM_EMEA_FR,FX Forward,FX,3993274.4185467944,-15761.541479368312,0.0,Unmargined,6.884579746353065,0.04,Asset Manager,BBB,43304880.06050608
T0003693,CP0071,JPM_EMEA_DE,FX Forward,FX,2569481.48856741,89060.44670115606,41406.47576548129,Margined,4.175042979320596,0.04,Sovereign,A,141785709.5693913
T0003694,CP0078,JPM_EMEA_FR,Securities Financing,SFT,10442044.783498328,63611.14498155305,43634.04228091973,Margined,5.582042387760583,0.03,Hedge Fund,BBB,133693065.30887038
T0003695,CP0038,JPM_EMEA_FR,Equity Option,Equity,3264926.314100552,219051.86533208177,0.0,Unmargined,1.1588167598110515,0.08,Sovereign,BBB,105724942.50994723
T0003696,CP0026,JPM_EMEA_DE,FX Forward,FX,895643.4623583616,34411.045809460935,13438.177535064926,Margined,4.903662470172283,0.04,Corporate,A,54706836.20194616
T0003697,CP0031,JPM_EMEA_UK,FX Forward,FX,745925.6311692665,-16333.030903472709,19395.46089033484,Margined,3.8694017031445807,0.04,Asset Manager,AA,127417950.14526652
T0003698,CP0010,JPM_EMEA_FR,Interest Rate Swap,Interest Rate,711468.7446706059,58037.973294474,21046.88218831693,Margined,4.750930447258758,0.005,Bank,AA,96393794.38310257
T0003699,CP0012,JPM_EMEA_FR,Interest Rate Swap,Interest Rate,7420638.603768707,-545946.728376202,27315.93432590335,Margined,0.7778331719240298,0.005,CCP,AAA,140265615.38898364
T0003700,CP0078,JPM_EMEA_CH,Interest Rate Swap,Interest Rate,1264643.2286922494,28210.92249717031,9139.765534103117,Margined,6.553915063273042,0.005,Hedge Fund,BBB,133693065.30887038
T0003701,CP0016,JPM_EMEA_DE,Commodity Future,Commodity,5399898.3912523985,-131588.26919648825,0.0,Unmargined,2.9515370768007503,0.15,Sovereign,BBB,22964503.233860675
T0003702,CP0050,JPM_EMEA_DE,Equity Option,Equity,4585361.187985408,302066.6763589735,97898.90477314885,Margined,5.441805045688233,0.08,Sovereign,A,143876921.35906684
T0003703,CP0019,JPM_EMEA_UK,FX Forward,FX,3749362.2775856894,33175.15336670546,0.0,Margined,6.934753486834556,0.04,CCP,AA,121755579.54253721
T0003704,CP0054,JPM_EMEA_DE,FX Forward,FX,6200931.759204646,-172279.50284199734,78743.73834328756,Margined,6.119518371443663,0.04,Asset Manager,A,141685664.10636523
T0003705,CP0038,JPM_EMEA_FR,Equity Option,Equity,4686086.9641798185,-43708.60889342646,37970.68875281522,Margined,2.2163531134054026,0.08,Sovereign,BBB,105724942.50994723
T0003706,CP0009,JPM_EMEA_DE,Commodity Future,Commodity,266219.16478989075,-6652.178282511378,0.0,Margined,2.8437346545713735,0.15,Hedge Fund,BBB,33442385.803931713
T0003707,CP0030,JPM_EMEA_FR,Securities Financing,SFT,2894085.3512863293,-30973.06360540907,0.0,Unmargined,4.558146081962868,0.03,Asset Manager,A,22809570.384442955
T0003708,CP0059,JPM_EMEA_UK,FX Forward,FX,6118992.722695479,-70384.73294856847,45634.25037894325,Margined,3.7892609577655083,0.04,Sovereign,AA,135918044.6131388
T0003709,CP0065,JPM_EMEA_CH,Commodity Future,Commodity,20626510.623184837,-542280.3576900478,0.0,Unmargined,2.901588193407207,0.15,Asset Manager,BBB,120361616.17442845
T0003710,CP0024,JPM_EMEA_CH,FX Forward,FX,21601267.1582323,204180.21903183704,433425.5995591389,Margined,4.59091944082555,0.04,CCP,BBB,94324646.8088898
T0003711,CP0024,JPM_EMEA_CH,FX Forward,FX,1023413.7445034853,14013.446510431457,15182.122784552927,Margined,6.371222166919193,0.04,CCP,BBB,94324646.8088898
T0003712,CP0059,JPM_EMEA_FR,Securities Financing,SFT,2819526.778446883,-98318.93924091288,55207.22387519207,Margined,2.2009966069316844,0.03,Sovereign,AA,135918044.6131388
T0003713,CP0034,JPM_EMEA_FR,FX Forward,FX,835420.1954801847,-48487.29249633154,0.0,Unmargined,0.9419514473470072,0.04,Corporate,AA,92024698.66007642
T0003714,CP0006,JPM_EMEA_UK,FX Forward,FX,18286799.051432513,199023.93539719624,116311.9496271206,Margined,4.746459470926802,0.04,CCP,BBB,84218806.50178745
T0003715,CP0010,JPM_EMEA_UK,FX Forward,FX,11013816.93152912,205046.64502520175,115975.49635349007,Margined,4.147685246759045,0.04,Bank,AA,96393794.38310257
T0003716,CP0030,JPM_EMEA_DE,FX Forward,FX,5679608.180134978,145157.07830773448,99757.42629051504,Margined,6.343836811386338,0.04,Asset Manager,A,22809570.384442955
T0003717,CP0022,JPM_EMEA_CH,FX Forward,FX,4722740.3907497255,91106.87300053815,95685.06919331476,Margined,5.211481691578609,0.04,Asset Manager,A,83791909.26608771
T0003718,CP0010,JPM_EMEA_UK,Equity Option,Equity,15909643.924178615,875747.7363445223,172094.65849092836,Margined,2.809864176105436,0.08,Bank,AA,96393794.38310257
T0003719,CP0063,JPM_EMEA_FR,FX Forward,FX,13431726.474944564,468732.0096974089,0.0,Unmargined,4.4516389860172305,0.04,Asset Manager,AA,87451586.85023838
T0003720,CP0037,JPM_EMEA_CH,Interest Rate Swap,Interest Rate,12734808.331345724,1194448.4454800892,187014.0385835265,Margined,6.043450923054321,0.005,CCP,AA,56560391.89907108
T0003721,CP0057,JPM_EMEA_CH,Securities Financing,SFT,6315293.4339217385,685352.3909073429,99932.24154699974,Margined,2.4649384562103487,0.03,Corporate,A,76562617.80039492
T0003722,CP0001,JPM_EMEA_FR,FX Forward,FX,2820928.430969606,-173581.85509168726,61670.439709604136,Margined,0.1460945125304837,0.04,Bank,A,95932735.95865563
T0003723,CP0033,JPM_EMEA_FR,Securities Financing,SFT,8614261.925620731,-662435.4679727888,56594.813722961866,Margined,4.4030664080985815,0.03,Bank,BBB,38232381.569819406
T0003724,CP0039,JPM_EMEA_UK,Interest Rate Swap,Interest Rate,9046122.984094882,-2340.190626671026,60225.667084912304,Margined,0.2301814348118979,0.005,Hedge Fund,A,114509299.85729474
T0003725,CP0047,JPM_EMEA_UK,Equity Option,Equity,3305728.562522525,58339.94409619307,59666.025653064295,Margined,6.565485316354712,0.08,Asset Manager,BBB,127872666.6072137
T0003726,CP0078,JPM_EMEA_DE,FX Forward,FX,2815234.1633924004,-7477.192444478729,24606.642693366353,Margined,1.2189820049972415,0.04,Hedge Fund,BBB,133693065.30887038
T0003727,CP0037,JPM_EMEA_CH,Commodity Future,Commodity,12423721.02012152,305938.0511961995,104390.64557932582,Margined,2.6511318461047915,0.15,CCP,AA,56560391.89907108
T0003728,CP0040,JPM_EMEA_UK,Interest Rate Swap,Interest Rate,21124013.414690867,-199800.90290752132,0.0,Unmargined,6.626674627962891,0.005,Corporate,BBB,119924173.94929542
T0003729,CP0072,JPM_EMEA_CH,Securities Financing,SFT,1890608.207482931,-45919.61531149256,1951.0228758727972,Margined,0.6055176337417236,0.03,Hedge Fund,AA,51326174.75073902
T0003730,CP0032,JPM_EMEA_DE,FX Forward,FX,3073809.542568024,-58406.00869540851,0.0,Unmargined,0.08018061037816628,0.04,Hedge Fund,A,136500900.33916968
T0003731,CP0032,JPM_EMEA_UK,Equity Option,Equity,5681569.0601809155,-39804.464437571965,40332.985455894326,Margined,0.7702740706673015,0.08,Hedge Fund,A,136500900.33916968
T0003732,CP0013,JPM_EMEA_UK,FX Forward,FX,6507096.553896584,192108.56935210602,123204.24187098944,Margined,6.902967350357104,0.04,Sovereign,BBB,95537948.16105135
T0003733,CP0058,JPM_EMEA_FR,Interest Rate Swap,Interest Rate,2372461.44808183,-40417.07383182611,26404.553349123657,Margined,6.803514916606219,0.005,Bank,AA,149008823.32725883
T0003734,CP0002,JPM_EMEA_UK,FX Forward,FX,26306471.971158653,-266061.14793371334,372786.3383820512,Margined,2.7229637898583197,0.04,Sovereign,BBB,104480058.20212659
T0003735,CP0018,JPM_EMEA_FR,Interest Rate Swap,Interest Rate,6100615.249488472,121753.57510022608,60382.10837141122,Margined,5.213055109760007,0.005,Bank,A,82699446.80257703
T0003736,CP0034,JPM_EMEA_CH,FX Forward,FX,6805137.009758369,-47349.28528194929,128294.61592865648,Margined,5.164737458910059,0.04,Corporate,AA,92024698.66007642
T0003737,CP0035,JPM_EMEA_FR,Equity Option,Equity,23223819.222981576,907699.938340466,214156.33577933058,Margined,0.743722633473895,0.08,CCP,AAA,34114846.34760766
T0003738,CP0004,JPM_EMEA_DE,FX Forward,FX,2552907.06640504,-82159.48852567267,0.0,Unmargined,1.6840834734733778,0.04,Asset Manager,A,74054962.28217925
T0003739,CP0043,JPM_EMEA_CH,Interest Rate Swap,Interest Rate,3661461.8662568815,-145626.3396173181,0.0,Unmargined,6.228427270204556,0.005,Sovereign,BBB,49927818.8163345
T0003740,CP0078,JPM_EMEA_UK,Interest Rate Swap,Interest Rate,1142218.1666637226,12178.34858621402,13975.10960248159,Margined,1.2015928271821583,0.005,Hedge Fund,BBB,133693065.30887038
T0003741,CP0009,JPM_EMEA_UK,Interest Rate Swap,Interest Rate,3366736.538138643,47639.64582491716,0.0,Unmargined,3.6699447300916646,0.005,Hedge Fund,BBB,33442385.803931713
T0003742,CP0040,JPM_EMEA_UK,Interest Rate Swap,Interest Rate,902457.9679073744,-27320.63555734476,0.0,Unmargined,1.7468594553281598,0.005,Corporate,BBB,119924173.94929542
T0003743,CP0047,JPM_EMEA_UK,Equity Option,Equity,8449807.967008708,397359.30943004607,227507.90448189847,Margined,3.925421168923652,0.08,Asset Manager,BBB,127872666.6072137
T0003744,CP0026,JPM_EMEA_CH,Interest Rate Swap,Interest Rate,6087826.437432568,410153.8420317201,46173.710062997176,Margined,1.415888358963575,0.005,Corporate,A,54706836.20194616
T0003745,CP0046,JPM_EMEA_UK,Securities Financing,SFT,3032007.8416754566,-66628.06138667074,86396.17175931981,Margined,1.5494503313531938,0.03,CCP,AA,68219896.90211704
T0003746,CP0028,JPM_EMEA_UK,Interest Rate Swap,Interest Rate,3617816.450234217,188327.3294087962,0.0,Unmargined,0.37525344828850155,0.005,Sovereign,A,87687412.32129991
T0003747,CP0013,JPM_EMEA_CH,Interest Rate Swap,Interest Rate,8565656.485581111,-714158.4061013294,0.0,Unmargined,6.931691145267872,0.005,Sovereign,BBB,95537948.16105135
T0003748,CP0068,JPM_EMEA_CH,Securities Financing,SFT,1284665.372887134,48385.54582371058,17161.524190620963,Margined,0.8360118470185647,0.03,Asset Manager,AA,32280666.847996987
T0003749,CP0080,JPM_EMEA_UK,Interest Rate Swap,Interest Rate,4906016.105129823,-147286.9289337881,145844.12123171004,Margined,2.938550778712277,0.005,Sovereign,A,60342077.47701232
T0003750,CP0031,JPM_EMEA_DE,FX Forward,FX,8051063.283208338,275044.8026049004,0.0,Margined,2.9520279718696765,0.04,Asset Manager,AA,127417950.14526652
T0003751,CP0008,JPM_EMEA_FR,Securities Financing,SFT,673020.3471502663,-22643.54042215194,9230.293796744449,Margined,2.1602023744939367,0.03,Sovereign,AA,38788144.55258609
T0003752,CP0014,JPM_EMEA_DE,Securities Financing,SFT,7934595.427227561,-19019.730767515066,78380.87847399278,Margined,5.568232517204993,0.03,Sovereign,BBB,65093074.58952882
T0003753,CP0072,JPM_EMEA_CH,Equity Option,Equity,749935.4805079139,-21263.705020584595,7720.775445012368,Margined,2.3969587855751633,0.08,Hedge Fund,AA,51326174.75073902
T0003754,CP0071,JPM_EMEA_UK,Interest Rate Swap,Interest Rate,3556226.0251799477,-26621.28363076991,46922.60585779824,Margined,4.396879485984648,0.005,Sovereign,A,141785709.5693913
T0003755,CP0040,JPM_EMEA_CH,Equity Option,Equity,1249699.6682235193,80039.94081400179,12334.494240374675,Margined,3.823852650617445,0.08,Corporate,BBB,119924173.94929542
T0003756,CP0070,JPM_EMEA_FR,Securities Financing,SFT,16735646.07964072,-63224.306684122326,226015.65905800994,Margined,6.055000736514884,0.03,Asset Manager,BBB,54119867.06997241
T0003757,CP0018,JPM_EMEA_UK,Securities Financing,SFT,1257559.9640291994,92884.07919962275,14853.518988673517,Margined,5.745404284723003,0.03,Bank,A,82699446.80257703
T0003758,CP0033,JPM_EMEA_FR,Interest Rate Swap,Interest Rate,768053.7733939808,-10371.367767955204,0.0,Unmargined,1.5647338596953921,0.005,Bank,BBB,38232381.569819406
T0003759,CP0010,JPM_EMEA_UK,FX Forward,FX,4570609.211594506,238639.5723862822,68791.9115423957,Margined,5.263276973058834,0.04,Bank,AA,96393794.38310257
T0003760,CP0044,JPM_EMEA_CH,FX Forward,FX,2644789.2436584774,-150486.50117200616,46887.97581773229,Margined,5.558350783757804,0.04,Asset Manager,AA,24863632.30290337
T0003761,CP0056,JPM_EMEA_CH,Interest Rate Swap,Interest Rate,888419.8287920752,-8908.911407426513,6808.383200700086,Margined,6.438340362682895,0.005,Bank,A,25838380.52100277
T0003762,CP0077,JPM_EMEA_UK,Equity Option,Equity,6767349.883412749,-126981.53463407891,0.0,Unmargined,6.744362340979637,0.08,Hedge Fund,BBB,97919762.89770965
T0003763,CP0061,JPM_EMEA_FR,Interest Rate Swap,Interest Rate,545962.6559186099,29383.54418412453,0.0,Unmargined,5.171934558179135,0.005,CCP,BBB,135803023.8142082
T0003764,CP0054,JPM_EMEA_DE,FX Forward,FX,1419143.312555694,9201.310155175435,26611.23384254649,Margined,3.177021644689093,0.04,Asset Manager,A,141685664.10636523
T0003765,CP0054,JPM_EMEA_UK,Interest Rate Swap,Interest Rate,2250328.2415266987,-164460.53845600202,41978.896595712315,Margined,2.086146149754067,0.005,Asset Manager,A,141685664.10636523
T0003766,CP0051,JPM_EMEA_FR,FX Forward,FX,8921969.813079312,-409112.80307322764,0.0,Unmargined,6.059407358809431,0.04,Sovereign,AA,57819318.95821542
T0003767,CP0034,JPM_EMEA_UK,Interest Rate Swap,Interest Rate,14610825.522953851,-517854.1003777542,308741.01570777607,Margined,6.413103696858966,0.005,Corporate,AA,92024698.66007642
T0003768,CP0041,JPM_EMEA_UK,FX Forward,FX,12050143.980415285,393940.4185150307,296024.2816309809,Margined,0.7280502179701328,0.04,Bank,BBB,34006322.97426655
T0003769,CP0014,JPM_EMEA_CH,Interest Rate Swap,Interest Rate,3431579.224953968,96685.64348965714,0.0,Unmargined,3.902542899413814,0.005,Sovereign,BBB,65093074.58952882
T0003770,CP0002,JPM_EMEA_DE,Securities Financing,SFT,353096.50163407065,-3712.4496105000476,2626.237596135783,Margined,0.9479002325195306,0.03,Sovereign,BBB,104480058.20212659
T0003771,CP0064,JPM_EMEA_CH,Interest Rate Swap,Interest Rate,5912964.909404185,-113516.17067438341,0.0,Unmargined,1.7984790224751963,0.005,CCP,BB,61070776.73800309
T0003772,CP0040,JPM_EMEA_FR,FX Forward,FX,17406924.73532232,436454.06664113904,288769.7455192652,Margined,2.7132131161335455,0.04,Corporate,BBB,119924173.94929542
T0003773,CP0070,JPM_EMEA_FR,Interest Rate Swap,Interest Rate,13736887.997068802,-543064.6273794223,0.0,Unmargined,2.2125912965737116,0.005,Asset Manager,BBB,54119867.06997241
T0003774,CP0010,JPM_EMEA_DE,Interest Rate Swap,Interest Rate,6355009.3178488705,101797.17167777017,0.0,Unmargined,5.02619261260662,0.005,Bank,AA,96393794.38310257
T0003775,CP0032,JPM_EMEA_DE,Interest Rate Swap,Interest Rate,1217490.2853710724,15873.796481039008,9089.212226307656,Margined,0.5988153552354432,0.005,Hedge Fund,A,136500900.33916968
T0003776,CP0021,JPM_EMEA_UK,Interest Rate Swap,Interest Rate,2365495.130392413,-22733.91208395533,58365.412878116134,Margined,4.315726114103117,0.005,Corporate,BBB,83265583.00896084
T0003777,CP0068,JPM_EMEA_FR,Interest Rate Swap,Interest Rate,27663359.058124017,385038.79177973024,94648.58639474449,Margined,4.090830976417235,0.005,Asset Manager,AA,32280666.847996987
T0003778,CP0031,JPM_EMEA_FR,FX Forward,FX,970023.3132024043,3466.18659200665,0.0,Unmargined,5.521005133925095,0.04,Asset Manager,AA,127417950.14526652
T0003779,CP0051,JPM_EMEA_UK,Equity Option,Equity,1269284.2170602744,22097.83498834004,1755.3915437479427,Margined,0.7219155343791364,0.08,Sovereign,AA,57819318.95821542
T0003780,CP0007,JPM_EMEA_DE,Interest Rate Swap,Interest Rate,10266086.729044097,-479360.35014961055,45700.44436833754,Margined,2.361602145163234,0.005,Bank,A,62881957.60326209
T0003781,CP0043,JPM_EMEA_CH,FX Forward,FX,2599021.729433205,55898.640006084264,0.0,Unmargined,4.8948687958382475,0.04,Sovereign,BBB,49927818.8163345
T0003782,CP0036,JPM_EMEA_DE,Equity Option,Equity,1226959.5994649618,44085.942461970684,27295.755560883885,Margined,4.99622539410707,0.08,Bank,AA,107391212.09517552
T0003783,CP0049,JPM_EMEA_DE,Interest Rate Swap,Interest Rate,18435267.459810715,207088.88478991072,210302.81566116828,Margined,3.174899267706453,0.005,Sovereign,AA,61228056.066952996
T0003784,CP0047,JPM_EMEA_UK,FX Forward,FX,6342990.464025141,133472.72433809456,101300.82539370217,Margined,3.2592975615100346,0.04,Asset Manager,BBB,127872666.6072137
T0003785,CP0009,JPM_EMEA_UK,Interest Rate Swap,Interest Rate,2730523.0841067545,-10504.803175181494,0.0,Unmargined,6.756467201806893,0.005,Hedge Fund,BBB,33442385.803931713
T0003786,CP0005,JPM_EMEA_CH,Interest Rate Swap,Interest Rate,1271909.767905265,39679.31091187111,3134.2214704929593,Margined,2.317284509950871,0.005,Asset Manager,BBB,25409842.60204602
T0003787,CP0011,JPM_EMEA_DE,FX Forward,FX,30991126.605531204,70772.87013548391,0.0,Unmargined,1.0932971435339878,0.04,Corporate,AA,42177085.909795195
T0003788,CP0018,JPM_EMEA_DE,Securities Financing,SFT,3903378.820827038,-156829.73913202246,89769.59276031365,Margined,6.672252351689839,0.03,Bank,A,82699446.80257703
T0003789,CP0059,JPM_EMEA_UK,Securities Financing,SFT,16177516.754076403,464417.1205655824,0.0,Unmargined,5.676776595665086,0.03,Sovereign,AA,135918044.6131388
T0003790,CP0022,JPM_EMEA_CH,Securities Financing,SFT,9775975.592292154,-559138.084045513,50374.43517954061,Margined,1.6975873528924745,0.03,Asset Manager,A,83791909.26608771
T0003791,CP0078,JPM_EMEA_DE,FX Forward,FX,2375939.170322755,23515.361486001762,24235.82686411441,Margined,6.007935683628183,0.04,Hedge Fund,BBB,133693065.30887038
T0003792,CP0007,JPM_EMEA_FR,Interest Rate Swap,Interest Rate,2394928.1876416607,-32206.51468697341,0.0,Unmargined,1.8034948396422454,0.005,Bank,A,62881957.60326209
T0003793,CP0041,JPM_EMEA_FR,FX Forward,FX,16989733.65614348,-266473.7996179935,0.0,Unmargined,5.800759951565079,0.04,Bank,BBB,34006322.97426655
T0003794,CP0058,JPM_EMEA_DE,Interest Rate Swap,Interest Rate,17267250.86214373,103942.05116548015,250019.17997611614,Margined,4.4185109454367995,0.005,Bank,AA,149008823.32725883
T0003795,CP0005,JPM_EMEA_DE,Interest Rate Swap,Interest Rate,612245.6947643716,-15199.052441143447,5676.127417494343,Margined,3.4039325321018645,0.005,Asset Manager,BBB,25409842.60204602
T0003796,CP0042,JPM_EMEA_UK,Interest Rate Swap,Interest Rate,6931488.785575349,124262.25849909615,2527.8999359229347,Margined,6.500106703786153,0.005,Sovereign,A,139081539.86788905
T0003797,CP0006,JPM_EMEA_FR,FX Forward,FX,3543374.623011525,7043.811134685871,102957.96511413313,Margined,5.675107114540149,0.04,CCP,BBB,84218806.50178745
T0003798,CP0064,JPM_EMEA_FR,FX Forward,FX,1423290.149498531,-30750.59401365022,19784.037626042315,Margined,0.9529792707118507,0.04,CCP,BB,61070776.73800309
T0003799,CP0038,JPM_EMEA_UK,Interest Rate Swap,Interest Rate,5196786.510641764,243398.1738451587,0.0,Unmargined,4.953704251892734,0.005,Sovereign,BBB,105724942.50994723
T0003800,CP0070,JPM_EMEA_UK,Equity Option,Equity,1037379.2389272948,7435.302994631339,8942.961047589823,Margined,5.537038567837023,0.08,Asset Manager,BBB,54119867.06997241
T0003801,CP0053,JPM_EMEA_DE,FX Forward,FX,2508886.4429454333,55391.276852310206,0.0,Margined,3.810836988244136,0.04,Asset Manager,A,53275461.77378836
T0003802,CP0026,JPM_EMEA_FR,Securities Financing,SFT,1800061.135244224,89248.12108057657,20401.16523721544,Margined,1.9686752288661018,0.03,Corporate,A,54706836.20194616
T0003803,CP0013,JPM_EMEA_FR,Interest Rate Swap,Interest Rate,2426629.1104647554,118919.98981822896,22844.829836372963,Margined,1.6795871741873123,0.005,Sovereign,BBB,95537948.16105135
T0003804,CP0013,JPM_EMEA_UK,FX Forward,FX,3724065.2005231925,75570.55913663814,65827.60077277872,Margined,6.820314496180087,0.04,Sovereign,BBB,95537948.16105135
T0003805,CP0003,JPM_EMEA_FR,Interest Rate Swap,Interest Rate,1448788.5134192212,-15347.07037902956,0.0,Unmargined,3.0857145809105813,0.005,Corporate,BBB,30977761.748185582
T0003806,CP0025,JPM_EMEA_FR,FX Forward,FX,19287811.925833922,-965155.0217284556,349499.7008888304,Margined,3.6558338036314186,0.04,Sovereign,A,81553622.137404
T0003807,CP0059,JPM_EMEA_UK,Interest Rate Swap,Interest Rate,6550737.210361743,47389.176193394225,130400.14544324961,Margined,4.207251838828465,0.005,Sovereign,AA,135918044.6131388
T0003808,CP0029,JPM_EMEA_DE,Interest Rate Swap,Interest Rate,24067379.82722822,922032.1768596314,0.0,Unmargined,0.7493882526398664,0.005,Corporate,AAA,77058489.83965607
T0003809,CP0012,JPM_EMEA_CH,Equity Option,Equity,3408302.5861509903,42266.42403374143,51529.49257040786,Margined,0.6150029993208164,0.08,CCP,AAA,140265615.38898364
T0003810,CP0007,JPM_EMEA_DE,Interest Rate Swap,Interest Rate,2310593.4558262816,-278566.1677203053,48045.84852674672,Margined,1.4270515103738917,0.005,Bank,A,62881957.60326209
T0003811,CP0036,JPM_EMEA_UK,Interest Rate Swap,Interest Rate,23212942.17759416,706884.5871814917,370266.9616850678,Margined,0.5040370146954055,0.005,Bank,AA,107391212.09517552
T0003812,CP0017,JPM_EMEA_CH,Securities Financing,SFT,2243943.0784877106,73158.08783416626,0.0,Margined,6.294382398613837,0.03,Corporate,A,144612697.7213879
T0003813,CP0059,JPM_EMEA_UK,Interest Rate Swap,Interest Rate,3346792.214319633,-35284.48324602274,36024.328339406056,Margined,1.078768681820791,0.005,Sovereign,AA,135918044.6131388
T0003814,CP0027,JPM_EMEA_UK,Equity Option,Equity,8218122.458612292,284286.7048221425,41569.79412348912,Margined,1.6246557448168266,0.08,Asset Manager,A,63103969.654531784
T0003815,CP0011,JPM_EMEA_UK,FX Forward,FX,1160172.3281361896,25499.18338820197,16070.088306367003,Margined,3.7843069983227733,0.04,Corporate,AA,42177085.909795195
T0003816,CP0022,JPM_EMEA_CH,Interest Rate Swap,Interest Rate,8146505.366530374,-195456.9666741501,46206.31633573576,Margined,6.27861937003853,0.005,Asset Manager,A,83791909.26608771
T0003817,CP0036,JPM_EMEA_FR,FX Forward,FX,7168105.7403337555,318948.72900984436,120749.94620110039,Margined,0.3907669562986103,0.04,Bank,AA,107391212.09517552
T0003818,CP0004,JPM_EMEA_UK,Interest Rate Swap,Interest Rate,14233803.718488019,-631435.6209421945,282515.735751781,Margined,1.551022480569,0.005,Asset Manager,A,74054962.28217925
T0003819,CP0009,JPM_EMEA_UK,Equity Option,Equity,9740952.097203543,-19516.615944365585,210682.77047773398,Margined,5.035585387369037,0.08,Hedge Fund,BBB,33442385.803931713
T0003820,CP0077,JPM_EMEA_CH,Interest Rate Swap,Interest Rate,14676868.955059016,-80650.58295689794,366247.94540035544,Margined,3.6582996927837756,0.005,Hedge Fund,BBB,97919762.89770965
T0003821,CP0028,JPM_EMEA_UK,Interest Rate Swap,Interest Rate,3581825.0485497587,-103480.12673384412,0.0,Margined,4.181902578473675,0.005,Sovereign,A,87687412.32129991
T0003822,CP0060,JPM_EMEA_CH,FX Forward,FX,1688134.448205617,17949.571259614255,4065.0272793197037,Margined,0.16782894455682706,0.04,Sovereign,BB,117319042.5294034
T0003823,CP0073,JPM_EMEA_DE,Securities Financing,SFT,32992483.909377057,1513131.3692079284,1168676.9702839323,Margined,6.074296369010364,0.03,Asset Manager,A,35958531.21349318
T0003824,CP0010,JPM_EMEA_UK,Commodity Future,Commodity,869009.4715560643,37950.48266466238,0.0,Unmargined,4.0722480653265825,0.15,Bank,AA,96393794.38310257
T0003825,CP0055,JPM_EMEA_DE,Securities Financing,SFT,960579.3204233908,24329.790786403064,13251.75248107067,Margined,5.848856475658814,0.03,Asset Manager,A,41399016.28566236
T0003826,CP0067,JPM_EMEA_DE,Equity Option,Equity,7038692.310937252,-417797.6848193318,86268.32515119831,Margined,6.748026895558515,0.08,CCP,A,68575504.7535823
T0003827,CP0002,JPM_EMEA_UK,Equity Option,Equity,20313392.737890337,-949820.3318381807,234520.53286209758,Margined,5.138522385208544,0.08,Sovereign,BBB,104480058.20212659
T0003828,CP0025,JPM_EMEA_DE,FX Forward,FX,4834826.3208722,28118.959187405053,0.0,Margined,0.26552288994347484,0.04,Sovereign,A,81553622.137404
T0003829,CP0011,JPM_EMEA_FR,Securities Financing,SFT,10865558.987269413,-13019.400041368273,0.0,Unmargined,4.995129787322922,0.03,Corporate,AA,42177085.909795195
T0003830,CP0003,JPM_EMEA_DE,FX Forward,FX,543618.0643200751,-9476.781709552888,0.0,Unmargined,3.9661211867743518,0.04,Corporate,BBB,30977761.748185582
T0003831,CP0024,JPM_EMEA_FR,FX Forward,FX,2427226.867618282,161862.80797255595,0.0,Unmargined,0.7696001762434845,0.04,CCP,BBB,94324646.8088898
T0003832,CP0015,JPM_EMEA_CH,Equity Option,Equity,614065.6430630548,2275.1779061126613,4494.292450228146,Margined,1.9294680876143524,0.08,Sovereign,BBB,96819013.89258417
T0003833,CP0072,JPM_EMEA_UK,FX Forward,FX,8729475.77484931,165724.26094682002,283444.780998396,Margined,1.2234446597344908,0.04,Hedge Fund,AA,51326174.75073902
T0003834,CP0019,JPM_EMEA_FR,Interest Rate Swap,Interest Rate,851345.7335947695,29436.37342764435,8502.198856867613,Margined,6.477647649210742,0.005,CCP,AA,121755579.54253721
T0003835,CP0060,JPM_EMEA_UK,FX Forward,FX,1114577.6178685043,2143.9410271186657,15854.822104786068,Margined,5.577219114360417,0.04,Sovereign,BB,117319042.5294034
T0003836,CP0005,JPM_EMEA_UK,FX Forward,FX,6688031.368792557,606518.6770121352,93233.09868291313,Margined,4.920934608979359,0.04,Asset Manager,BBB,25409842.60204602
T0003837,CP0050,JPM_EMEA_DE,Commodity Future,Commodity,11566566.20890165,-380690.7473998948,193342.97305313873,Margined,5.355078442763262,0.15,Sovereign,A,143876921.35906684
T0003838,CP0056,JPM_EMEA_DE,FX Forward,FX,3412094.251869118,-72379.0685834619,27916.860766896854,Margined,4.228660123061039,0.04,Bank,A,25838380.52100277
T0003839,CP0013,JPM_EMEA_CH,Commodity Future,Commodity,7074288.44430525,-233443.73793439075,0.0,Unmargined,5.994102784997963,0.15,Sovereign,BBB,95537948.16105135
T0003840,CP0035,JPM_EMEA_DE,FX Forward,FX,6848862.143189552,374585.0913228696,0.0,Unmargined,1.638826631901584,0.04,CCP,AAA,34114846.34760766
T0003841,CP0075,JPM_EMEA_CH,Commodity Future,Commodity,3224788.9352677446,90529.5178310197,5490.799781147813,Margined,1.7910067498247941,0.15,Sovereign,AA,39926961.16118422
T0003842,CP0050,JPM_EMEA_CH,Interest Rate Swap,Interest Rate,1338552.596394175,-25493.158446081507,14911.433098397485,Margined,4.16266010560928,0.005,Sovereign,A,143876921.35906684
T0003843,CP0065,JPM_EMEA_DE,Securities Financing,SFT,7037026.91671807,-212769.24561457682,0.0,Unmargined,5.680441023766341,0.03,Asset Manager,BBB,120361616.17442845
T0003844,CP0034,JPM_EMEA_UK,FX Forward,FX,7384550.532385745,357937.7859232322,75726.17575414952,Margined,5.858729766480617,0.04,Corporate,AA,92024698.66007642
T0003845,CP0020,JPM_EMEA_CH,Interest Rate Swap,Interest Rate,9779797.362097608,123803.13975309308,0.0,Unmargined,6.834959257700838,0.005,Asset Manager,AA,30754899.989917014
T0003846,CP0038,JPM_EMEA_DE,Interest Rate Swap,Interest Rate,5464981.7664420325,269776.7968542675,93329.87388183168,Margined,5.347879878400786,0.005,Sovereign,BBB,105724942.50994723
T0003847,CP0033,JPM_EMEA_DE,Interest Rate Swap,Interest Rate,1243331.4716332273,-2617.4953288755564,0.0,Unmargined,1.6675635115052385,0.005,Bank,BBB,38232381.569819406
T0003848,CP0079,JPM_EMEA_FR,FX Forward,FX,7977575.334431502,142828.40498278622,117360.68642165473,Margined,1.653021323311984,0.04,Corporate,A,45536506.54289452
T0003849,CP0035,JPM_EMEA_DE,Equity Option,Equity,3994479.492096267,41973.86241413113,50670.37844101703,Margined,3.1468417774319937,0.08,CCP,AAA,34114846.34760766
T0003850,CP0051,JPM_EMEA_FR,Securities Financing,SFT,2468367.292267248,-53918.76015757769,0.0,Unmargined,4.568547855778807,0.03,Sovereign,AA,57819318.95821542
T0003851,CP0048,JPM_EMEA_CH,Equity Option,Equity,2979211.070208095,-15030.25557703719,0.0,Unmargined,3.6152945205007305,0.08,CCP,A,125072691.36835924
T0003852,CP0030,JPM_EMEA_UK,FX Forward,FX,2005788.3645033634,-83141.16538126141,0.0,Unmargined,0.5189371015592673,0.04,Asset Manager,A,22809570.384442955
T0003853,CP0030,JPM_EMEA_FR,FX Forward,FX,9729262.919863988,168255.3319489434,40103.144046084446,Margined,3.399210660112635,0.04,Asset Manager,A,22809570.384442955
T0003854,CP0068,JPM_EMEA_DE,Commodity Future,Commodity,968680.5681597618,25809.240384276396,13798.523624739695,Margined,5.728835844595744,0.15,Asset Manager,AA,32280666.847996987
T0003855,CP0017,JPM_EMEA_FR,Commodity Future,Commodity,1481134.6157297748,51329.671001998395,25451.088294287623,Margined,1.7201879466649335,0.15,Corporate,A,144612697.7213879
T0003856,CP0034,JPM_EMEA_CH,Interest Rate Swap,Interest Rate,2879225.9090743144,67169.66640926959,61528.99007787777,Margined,4.4634767299710445,0.005,Corporate,AA,92024698.66007642
T0003857,CP0054,JPM_EMEA_FR,Securities Financing,SFT,20086444.997961525,-90135.00492672014,323038.4749410797,Margined,1.9245506699765516,0.03,Asset Manager,A,141685664.10636523
T0003858,CP0005,JPM_EMEA_DE,FX Forward,FX,11479638.6074972,623562.1747224833,167290.6434321266,Margined,3.911899652677942,0.04,Asset Manager,BBB,25409842.60204602
T0003859,CP0055,JPM_EMEA_CH,Commodity Future,Commodity,775268.047157315,24212.239056039343,0.0,Unmargined,4.921803300346489,0.15,Asset Manager,A,41399016.28566236
T0003860,CP0067,JPM_EMEA_FR,Securities Financing,SFT,15450501.307000011,750880.7757004097,0.0,Unmargined,1.490194651177993,0.03,CCP,A,68575504.7535823
T0003861,CP0036,JPM_EMEA_UK,Equity Option,Equity,15420758.836383602,783297.9795230519,235876.32435011442,Margined,5.189852556355355,0.08,Bank,AA,107391212.09517552
T0003862,CP0047,JPM_EMEA_UK,Interest Rate Swap,Interest Rate,1236501.5173322319,-5435.6457527181565,8693.958951442013,Margined,4.751803500492085,0.005,Asset Manager,BBB,127872666.6072137
T0003863,CP0039,JPM_EMEA_DE,Equity Option,Equity,321369.44152020843,4362.841155362948,6710.9567610423765,Margined,2.2236817199224452,0.08,Hedge Fund,A,114509299.85729474
T0003864,CP0054,JPM_EMEA_FR,Interest Rate Swap,Interest Rate,3721298.7688815985,100883.59623186997,0.0,Margined,6.2700741238599855,0.005,Asset Manager,A,141685664.10636523
T0003865,CP0005,JPM_EMEA_DE,Commodity Future,Commodity,12289174.715395873,-494270.1469920505,227766.3032222868,Margined,5.4745733369838305,0.15,Asset Manager,BBB,25409842.60204602
T0003866,CP0050,JPM_EMEA_UK,Interest Rate Swap,Interest Rate,19639764.871205214,-774672.0842586547,0.0,Unmargined,3.6718728434894126,0.005,Sovereign,A,143876921.35906684
T0003867,CP0037,JPM_EMEA_CH,Equity Option,Equity,1674420.4355219926,-76145.7890258056,33024.75942436098,Margined,0.6246579172937001,0.08,CCP,AA,56560391.89907108
T0003868,CP0003,JPM_EMEA_UK,Securities Financing,SFT,23064011.657626886,-87262.75956346332,132748.2642275232,Margined,3.1123195526645446,0.03,Corporate,BBB,30977761.748185582
T0003869,CP0065,JPM_EMEA_UK,Interest Rate Swap,Interest Rate,431003.945470319,-5028.133866446693,5482.313565622732,Margined,2.3424611627315697,0.005,Asset Manager,BBB,120361616.17442845
T0003870,CP0013,JPM_EMEA_DE,FX Forward,FX,2768328.607497412,-139104.28249387222,34562.6953849948,Margined,1.8739955994890942,0.04,Sovereign,BBB,95537948.16105135
T0003871,CP0048,JPM_EMEA_UK,Equity Option,Equity,2635528.3965876116,13777.324762735212,40774.44030565536,Margined,4.522836251098666,0.08,CCP,A,125072691.36835924
T0003872,CP0069,JPM_EMEA_FR,FX Forward,FX,12662329.26594473,-42376.53726314534,45831.35642669618,Margined,6.456024577934394,0.04,Bank,AA,117082649.47537337
T0003873,CP0074,JPM_EMEA_DE,Interest Rate Swap,Interest Rate,14652292.781285934,606288.5188417883,250403.59131529977,Margined,1.0685521151277935,0.005,Bank,A,128044647.3762378
T0003874,CP0051,JPM_EMEA_CH,Interest Rate Swap,Interest Rate,10386615.608211929,731781.3972812443,0.0,Margined,5.204378845210966,0.005,Sovereign,AA,57819318.95821542
T0003875,CP0058,JPM_EMEA_UK,FX Forward,FX,1036390.8203019535,16557.13299551544,6899.526824359374,Margined,4.370918417373623,0.04,Bank,AA,149008823.32725883
T0003876,CP0047,JPM_EMEA_DE,Equity Option,Equity,9477431.99454186,-231079.39370497575,0.0,Margined,4.685874192173378,0.08,Asset Manager,BBB,127872666.6072137
T0003877,CP0063,JPM_EMEA_FR,Equity Option,Equity,6654786.230633655,150633.43684845392,0.0,Unmargined,5.924039679378948,0.08,Asset Manager,AA,87451586.85023838
T0003878,CP0079,JPM_EMEA_FR,Interest Rate Swap,Interest Rate,752059.358358765,244.87226901395067,0.0,Unmargined,2.6594043316934997,0.005,Corporate,A,45536506.54289452
T0003879,CP0037,JPM_EMEA_DE,FX Forward,FX,506252.6289021185,-4254.741434743517,0.0,Unmargined,4.077902771473486,0.04,CCP,AA,56560391.89907108
T0003880,CP0034,JPM_EMEA_CH,FX Forward,FX,11294135.979336476,-340586.40778937464,0.0,Unmargined,1.9739240771831348,0.04,Corporate,AA,92024698.66007642
T0003881,CP0014,JPM_EMEA_CH,Interest Rate Swap,Interest Rate,3340749.0895175035,-54279.49356783449,0.0,Unmargined,2.0252707770986427,0.005,Sovereign,BBB,65093074.58952882
T0003882,CP0079,JPM_EMEA_FR,Equity Option,Equity,1106400.8489372886,-6884.784403237362,0.0,Unmargined,3.617313118384492,0.08,Corporate,A,45536506.54289452
T0003883,CP0073,JPM_EMEA_FR,FX Forward,FX,3248269.628033541,91417.2661038831,40694.90261724113,Margined,0.10073604145197333,0.04,Asset Manager,A,35958531.21349318
T0003884,CP0057,JPM_EMEA_FR,FX Forward,FX,5756533.33657238,102960.75263106961,65107.10332915402,Margined,1.7744012827123987,0.04,Corporate,A,76562617.80039492
T0003885,CP0053,JPM_EMEA_DE,Securities Financing,SFT,3681952.6926477556,235258.9748281178,0.0,Unmargined,1.1038199953014356,0.03,Asset Manager,A,53275461.77378836
T0003886,CP0017,JPM_EMEA_FR,FX Forward,FX,847307.34084541,19998.006006358442,0.0,Unmargined,0.8830820986517832,0.04,Corporate,A,144612697.7213879
T0003887,CP0073,JPM_EMEA_CH,Equity Option,Equity,26360093.71127655,391455.8890438994,0.0,Unmargined,2.723169343024514,0.08,Asset Manager,A,35958531.21349318
T0003888,CP0005,JPM_EMEA_UK,Interest Rate Swap,Interest Rate,10919086.687113341,-117031.4567387503,203856.69218576272,Margined,0.7753145736913005,0.005,Asset Manager,BBB,25409842.60204602
T0003889,CP0050,JPM_EMEA_UK,Interest Rate Swap,Interest Rate,2860272.5269815396,-103859.94026577732,0.0,Unmargined,1.1223105067034476,0.005,Sovereign,A,143876921.35906684
T0003890,CP0021,JPM_EMEA_DE,Interest Rate Swap,Interest Rate,2977844.465968061,-59396.891120485605,43622.14395007535,Margined,4.697573855869093,0.005,Corporate,BBB,83265583.00896084
T0003891,CP0037,JPM_EMEA_FR,Commodity Future,Commodity,5730379.482425267,-140361.93899346094,80095.93128483096,Margined,4.5768277601422955,0.15,CCP,AA,56560391.89907108
T0003892,CP0008,JPM_EMEA_UK,Commodity Future,Commodity,1292622.325376224,-115859.98641233932,12067.115521681375,Margined,6.617876698394108,0.15,Sovereign,AA,38788144.55258609
T0003893,CP0011,JPM_EMEA_FR,Interest Rate Swap,Interest Rate,5523273.984808602,-194983.2389730067,0.0,Margined,6.445899008084948,0.005,Corporate,AA,42177085.909795195
T0003894,CP0031,JPM_EMEA_UK,Interest Rate Swap,Interest Rate,1057134.4773149164,59281.291252066636,25665.61255287886,Margined,6.123885415512727,0.005,Asset Manager,AA,127417950.14526652
T0003895,CP0032,JPM_EMEA_UK,FX Forward,FX,3727583.4097766858,48089.581353313384,24013.611573009333,Margined,4.852132811668746,0.04,Hedge Fund,A,136500900.33916968
T0003896,CP0071,JPM_EMEA_DE,Equity Option,Equity,1243242.4692228201,-16383.865667418677,12516.39681989937,Margined,1.9027960651737927,0.08,Sovereign,A,141785709.5693913
T0003897,CP0048,JPM_EMEA_UK,Equity Option,Equity,1307622.2070616363,18237.137257369184,13386.987379766351,Margined,1.2881962993241824,0.08,CCP,A,125072691.36835924
T0003898,CP0003,JPM_EMEA_FR,Equity Option,Equity,20739020.513097327,-1417909.378531753,0.0,Unmargined,6.648453858013243,0.08,Corporate,BBB,30977761.748185582
T0003899,CP0075,JPM_EMEA_FR,Securities Financing,SFT,4244059.563484065,41903.382898627846,59085.4625391631,Margined,6.719421480428418,0.03,Sovereign,AA,39926961.16118422
T0003900,CP0049,JPM_EMEA_FR,Interest Rate Swap,Interest Rate,4921930.5734755425,220070.48795774215,57318.345036193554,Margined,3.555819995383941,0.005,Sovereign,AA,61228056.066952996
T0003901,CP0067,JPM_EMEA_FR,Equity Option,Equity,535215.6656438851,-2268.810328453629,3354.577740790269,Margined,3.861475063132694,0.08,CCP,A,68575504.7535823
T0003902,CP0074,JPM_EMEA_FR,Equity Option,Equity,2201838.300522307,-136557.20424564666,0.0,Unmargined,0.08734151454135962,0.08,Bank,A,128044647.3762378
T0003903,CP0042,JPM_EMEA_FR,FX Forward,FX,6343980.939427921,-91911.08019379883,74450.59055122311,Margined,1.0826698944485904,0.04,Sovereign,A,139081539.86788905
T0003904,CP0015,JPM_EMEA_FR,Securities Financing,SFT,4857046.936836084,217470.24439502534,94337.00716645899,Margined,3.8446603746014323,0.03,Sovereign,BBB,96819013.89258417
T0003905,CP0036,JPM_EMEA_UK,Interest Rate Swap,Interest Rate,464062.76791134133,4200.713805536249,592.579242837659,Margined,1.31346215302999,0.005,Bank,AA,107391212.09517552
T0003906,CP0055,JPM_EMEA_FR,Equity Option,Equity,4920608.874254436,-244263.22336100557,27343.25977417434,Margined,3.3771689261267994,0.08,Asset Manager,A,41399016.28566236
T0003907,CP0003,JPM_EMEA_UK,Equity Option,Equity,5771044.9501521215,478229.3046426662,102738.34031687028,Margined,5.5746648337943405,0.08,Corporate,BBB,30977761.748185582
T0003908,CP0076,JPM_EMEA_UK,Securities Financing,SFT,14440783.04256083,-633709.1866003876,0.0,Unmargined,5.615406833661936,0.03,Asset Manager,BBB,43304880.06050608
T0003909,CP0029,JPM_EMEA_CH,FX Forward,FX,2077288.0942447716,-17661.85194145831,0.0,Unmargined,6.038525269061646,0.04,Corporate,AAA,77058489.83965607
T0003910,CP0053,JPM_EMEA_UK,FX Forward,FX,424953.99668277527,-15429.446447796992,3092.6760034953395,Margined,1.688198917646713,0.04,Asset Manager,A,53275461.77378836
T0003911,CP0079,JPM_EMEA_UK,Commodity Future,Commodity,1476277.3415624928,-53529.9205150513,0.0,Unmargined,3.0516860881875627,0.15,Corporate,A,45536506.54289452
T0003912,CP0070,JPM_EMEA_DE,Commodity Future,Commodity,1335397.9298774805,-21133.058238058235,14986.594758116778,Margined,4.406575663685116,0.15,Asset Manager,BBB,54119867.06997241
T0003913,CP0060,JPM_EMEA_CH,FX Forward,FX,8356195.4926243285,186052.82844183134,86238.71601231777,Margined,4.088548200645492,0.04,Sovereign,BB,117319042.5294034
T0003914,CP0024,JPM_EMEA_CH,Commodity Future,Commodity,264360.3280985781,11940.786069792512,997.0293762657557,Margined,6.993558607873987,0.15,CCP,BBB,94324646.8088898
T0003915,CP0042,JPM_EMEA_FR,Interest Rate Swap,Interest Rate,2554707.9224313917,-34529.141096876076,46458.056963201925,Margined,1.9701558426464871,0.005,Sovereign,A,139081539.86788905
T0003916,CP0041,JPM_EMEA_UK,Equity Option,Equity,16644666.498630872,-588472.5901302405,376331.88315695093,Margined,0.5458091803365749,0.08,Bank,BBB,34006322.97426655
T0003917,CP0069,JPM_EMEA_FR,Securities Financing,SFT,4028954.1411528364,67494.55499412843,0.0,Unmargined,2.745640978412404,0.03,Bank,AA,117082649.47537337
T0003918,CP0004,JPM_EMEA_CH,FX Forward,FX,9802242.414386941,174271.37484202144,0.0,Margined,3.650194363495955,0.04,Asset Manager,A,74054962.28217925
T0003919,CP0002,JPM_EMEA_DE,FX Forward,FX,774526.059802927,6516.220761612805,0.0,Unmargined,2.7413125653481045,0.04,Sovereign,BBB,104480058.20212659
T0003920,CP0010,JPM_EMEA_DE,Securities Financing,SFT,805980.9660423452,7778.436427401637,19793.57936136631,Margined,2.2695809523409753,0.03,Bank,AA,96393794.38310257
T0003921,CP0077,JPM_EMEA_CH,Commodity Future,Commodity,16836292.41114357,-66332.05622139343,0.0,Margined,1.8379529388126983,0.15,Hedge Fund,BBB,97919762.89770965
T0003922,CP0044,JPM_EMEA_UK,Securities Financing,SFT,4426059.686111354,15204.753917750782,81986.08123248773,Margined,3.0210163058244994,0.03,Asset Manager,AA,24863632.30290337
T0003923,CP0056,JPM_EMEA_CH,FX Forward,FX,4435182.315809077,-28197.955566130746,111336.55505208496,Margined,4.839954660304292,0.04,Bank,A,25838380.52100277
T0003924,CP0008,JPM_EMEA_DE,Securities Financing,SFT,1307532.1858893016,48978.234194650664,6669.331870014648,Margined,1.08461640872775,0.03,Sovereign,AA,38788144.55258609
T0003925,CP0002,JPM_EMEA_FR,Interest Rate Swap,Interest Rate,4424140.799801314,345065.6509222208,108999.07266234964,Margined,6.0654607639971,0.005,Sovereign,BBB,104480058.20212659
T0003926,CP0053,JPM_EMEA_DE,FX Forward,FX,1271702.803764882,7996.289585593204,0.0,Unmargined,4.505799558744894,0.04,Asset Manager,A,53275461.77378836
T0003927,CP0057,JPM_EMEA_FR,FX Forward,FX,13107240.795996131,-3015.0412856068615,190279.0824279018,Margined,0.7962249974083115,0.04,Corporate,A,76562617.80039492
T0003928,CP0035,JPM_EMEA_CH,Commodity Future,Commodity,61198646.36092097,548042.9232701063,382254.91418736905,Margined,0.21346114542970046,0.15,CCP,AAA,34114846.34760766
T0003929,CP0007,JPM_EMEA_DE,Securities Financing,SFT,6489824.019995188,-149442.88475549515,129849.88002293417,Margined,0.40693168752348186,0.03,Bank,A,62881957.60326209
T0003930,CP0040,JPM_EMEA_UK,Commodity Future,Commodity,2119855.6053034193,56757.52907728515,39589.61125471668,Margined,0.678060382831769,0.15,Corporate,BBB,119924173.94929542
T0003931,CP0052,JPM_EMEA_UK,Equity Option,Equity,317472.5346677053,4902.148748930383,8190.05322184168,Margined,4.522596589747088,0.08,Hedge Fund,BBB,86957426.80012289
T0003932,CP0018,JPM_EMEA_CH,FX Forward,FX,742175.3422494188,-10922.191719591889,17459.570244724353,Margined,6.588952743049147,0.04,Bank,A,82699446.80257703
T0003933,CP0025,JPM_EMEA_CH,FX Forward,FX,18937729.313254848,597908.4034523355,0.0,Unmargined,0.9764589367127265,0.04,Sovereign,A,81553622.137404
T0003934,CP0060,JPM_EMEA_FR,FX Forward,FX,1429182.379046912,949.8944805493607,0.0,Unmargined,2.0261098332682055,0.04,Sovereign,BB,117319042.5294034
T0003935,CP0017,JPM_EMEA_UK,Interest Rate Swap,Interest Rate,2760631.5594314714,-93728.91397129283,62959.905238173815,Margined,6.0676627892295665,0.005,Corporate,A,144612697.7213879
T0003936,CP0008,JPM_EMEA_CH,FX Forward,FX,7703080.668766822,94795.30923065289,0.0,Unmargined,3.5644302650560067,0.04,Sovereign,AA,38788144.55258609
T0003937,CP0051,JPM_EMEA_DE,Securities Financing,SFT,17612064.68174169,146087.4554634888,0.0,Unmargined,3.0185721666123455,0.03,Sovereign,AA,57819318.95821542
T0003938,CP0002,JPM_EMEA_UK,Equity Option,Equity,3276276.093143658,110130.82540332574,0.0,Margined,3.3389563377694294,0.08,Sovereign,BBB,104480058.20212659
T0003939,CP0035,JPM_EMEA_DE,Commodity Future,Commodity,2668796.152317928,77673.02552910127,0.0,Unmargined,0.7527869098464136,0.15,CCP,AAA,34114846.34760766
T0003940,CP0046,JPM_EMEA_CH,FX Forward,FX,4296992.629953987,-16427.065819804753,19468.28183019045,Margined,1.5761477500855052,0.04,CCP,AA,68219896.90211704
T0003941,CP0006,JPM_EMEA_CH,FX Forward,FX,2135405.4703009236,-35283.395926627,49153.662648794954,Margined,6.736016202691291,0.04,CCP,BBB,84218806.50178745
T0003942,CP0053,JPM_EMEA_FR,Interest Rate Swap,Interest Rate,2253478.805207379,137.53263288904097,35822.90200214936,Margined,4.521802431871188,0.005,Asset Manager,A,53275461.77378836
T0003943,CP0066,JPM_EMEA_FR,FX Forward,FX,6038613.778008663,76785.87022540136,0.0,Unmargined,2.039682351258104,0.04,Hedge Fund,BBB,106015964.21180893
T0003944,CP0078,JPM_EMEA_CH,FX Forward,FX,4814277.003572349,81512.46516881046,0.0,Unmargined,6.631494701668435,0.04,Hedge Fund,BBB,133693065.30887038
T0003945,CP0022,JPM_EMEA_FR,Interest Rate Swap,Interest Rate,33713544.40288294,355658.58518988016,0.0,Unmargined,2.812592107379562,0.005,Asset Manager,A,83791909.26608771
T0003946,CP0027,JPM_EMEA_DE,Interest Rate Swap,Interest Rate,6203683.18495369,-19707.041989233607,114150.28535415287,Margined,1.0290045461034156,0.005,Asset Manager,A,63103969.654531784
T0003947,CP0050,JPM_EMEA_UK,Equity Option,Equity,12647251.378265169,441244.84006284137,0.0,Unmargined,6.758949368167848,0.08,Sovereign,A,143876921.35906684
T0003948,CP0048,JPM_EMEA_UK,FX Forward,FX,1370271.8960199635,-32339.192721816642,20276.586170766546,Margined,4.678224362400674,0.04,CCP,A,125072691.36835924
T0003949,CP0049,JPM_EMEA_UK,FX Forward,FX,6762899.046458912,586878.4334827674,0.0,Unmargined,5.282067521839695,0.04,Sovereign,AA,61228056.066952996
T0003950,CP0026,JPM_EMEA_CH,Interest Rate Swap,Interest Rate,1941212.9594360408,51844.87388206923,0.0,Unmargined,0.20645721660742583,0.005,Corporate,A,54706836.20194616
T0003951,CP0005,JPM_EMEA_UK,FX Forward,FX,5940228.641189144,-234413.23795516146,146747.69487104058,Margined,2.0178607717637176,0.04,Asset Manager,BBB,25409842.60204602
T0003952,CP0002,JPM_EMEA_UK,FX Forward,FX,7963025.051314293,51624.50308697019,76727.17323984463,Margined,6.620722326696466,0.04,Sovereign,BBB,104480058.20212659
T0003953,CP0080,JPM_EMEA_CH,FX Forward,FX,4204532.899628756,113707.06453984448,0.0,Unmargined,1.1309022590436124,0.04,Sovereign,A,60342077.47701232
T0003954,CP0033,JPM_EMEA_DE,Equity Option,Equity,44416902.44059045,-543126.2716468856,0.0,Unmargined,6.120670014247207,0.08,Bank,BBB,38232381.569819406
T0003955,CP0036,JPM_EMEA_UK,Interest Rate Swap,Interest Rate,16681063.105283605,-872920.7273190671,0.0,Unmargined,5.404752291525558,0.005,Bank,AA,107391212.09517552
T0003956,CP0051,JPM_EMEA_CH,Securities Financing,SFT,12981687.284752592,-472108.1105544752,198196.95648246314,Margined,2.6806967657807372,0.03,Sovereign,AA,57819318.95821542
T0003957,CP0017,JPM_EMEA_CH,Interest Rate Swap,Interest Rate,8589843.813691158,162977.2803551291,21668.41014125249,Margined,6.212725078888815,0.005,Corporate,A,144612697.7213879
T0003958,CP0031,JPM_EMEA_FR,FX Forward,FX,23328019.199504428,-1432610.43659446,431552.7257243999,Margined,6.462813083967647,0.04,Asset Manager,AA,127417950.14526652
T0003959,CP0035,JPM_EMEA_UK,Interest Rate Swap,Interest Rate,950587.6217979217,-48220.51534008932,27927.71956205302,Margined,6.074724303020036,0.005,CCP,AAA,34114846.34760766
T0003960,CP0008,JPM_EMEA_FR,FX Forward,FX,15745860.087148253,295852.3685299434,0.0,Unmargined,2.881986675147721,0.04,Sovereign,AA,38788144.55258609
T0003961,CP0049,JPM_EMEA_CH,Interest Rate Swap,Interest Rate,1484458.4849031153,-11562.77756398868,22019.96795866584,Margined,4.130588616953901,0.005,Sovereign,AA,61228056.066952996
T0003962,CP0016,JPM_EMEA_CH,Securities Financing,SFT,2274943.5571544967,-55400.13900840575,13007.040831394186,Margined,2.1775965526621635,0.03,Sovereign,BBB,22964503.233860675
T0003963,CP0001,JPM_EMEA_FR,FX Forward,FX,7012447.647203783,-121424.9148870791,235035.14524267951,Margined,0.9531745707535284,0.04,Bank,A,95932735.95865563
T0003964,CP0050,JPM_EMEA_CH,Equity Option,Equity,13729056.875454037,-706751.0271410076,0.0,Unmargined,6.319677791173753,0.08,Sovereign,A,143876921.35906684
T0003965,CP0025,JPM_EMEA_CH,Interest Rate Swap,Interest Rate,1262025.1964839888,21398.735251503567,17992.51495794366,Margined,6.869037248634779,0.005,Sovereign,A,81553622.137404
T0003966,CP0058,JPM_EMEA_UK,Interest Rate Swap,Interest Rate,2395877.335580779,-67633.27982687663,5215.969174710757,Margined,0.4571733154999986,0.005,Bank,AA,149008823.32725883
T0003967,CP0043,JPM_EMEA_FR,FX Forward,FX,4409787.196890927,-82689.35934995045,18131.066730972205,Margined,4.829775860234848,0.04,Sovereign,BBB,49927818.8163345
T0003968,CP0003,JPM_EMEA_FR,FX Forward,FX,3319879.066208599,40294.96503998216,59658.87766696832,Margined,6.647278145802863,0.04,Corporate,BBB,30977761.748185582
T0003969,CP0056,JPM_EMEA_CH,FX Forward,FX,9396397.981255136,-84398.10596267683,10336.62428619359,Margined,4.275028121954772,0.04,Bank,A,25838380.52100277
T0003970,CP0004,JPM_EMEA_FR,Securities Financing,SFT,124240844.61918788,-3064135.282343662,0.0,Unmargined,0.3773150197892982,0.03,Asset Manager,A,74054962.28217925
T0003971,CP0026,JPM_EMEA_FR,Equity Option,Equity,6083712.204700336,-423610.97887474723,73434.36146188214,Margined,0.1536510676809913,0.08,Corporate,A,54706836.20194616
T0003972,CP0055,JPM_EMEA_FR,Securities Financing,SFT,1917645.1002186944,24660.733055774348,25058.507783726192,Margined,3.553511678319936,0.03,Asset Manager,A,41399016.28566236
T0003973,CP0033,JPM_EMEA_DE,Interest Rate Swap,Interest Rate,1093940.1888053874,3024.4753664941495,16453.135300369468,Margined,6.582617807062879,0.005,Bank,BBB,38232381.569819406
T0003974,CP0031,JPM_EMEA_DE,Commodity Future,Commodity,2889375.6696818825,-52322.43562101162,24512.878422402973,Margined,1.9881158993258412,0.15,Asset Manager,AA,127417950.14526652
T0003975,CP0018,JPM_EMEA_CH,Equity Option,Equity,1562120.9404599403,-56719.000319246,30244.492789545337,Margined,2.484767364626294,0.08,Bank,A,82699446.80257703
T0003976,CP0036,JPM_EMEA_CH,Equity Option,Equity,6384314.693934829,2851.788799955475,32595.005643180913,Margined,5.582158958069813,0.08,Bank,AA,107391212.09517552
T0003977,CP0024,JPM_EMEA_FR,Securities Financing,SFT,6285943.794162952,105707.6468471626,106943.73501303836,Margined,5.621548835967794,0.03,CCP,BBB,94324646.8088898
T0003978,CP0076,JPM_EMEA_DE,Equity Option,Equity,2517147.0988901174,8612.571958067525,34517.551147656246,Margined,6.608291245556701,0.08,Asset Manager,BBB,43304880.06050608
T0003979,CP0055,JPM_EMEA_UK,Securities Financing,SFT,29114879.744077124,1669222.8224716848,0.0,Unmargined,5.878769623843175,0.03,Asset Manager,A,41399016.28566236
T0003980,CP0073,JPM_EMEA_DE,Equity Option,Equity,1917164.0596940445,47290.89213040877,0.0,Unmargined,4.177751367291602,0.08,Asset Manager,A,35958531.21349318
T0003981,CP0027,JPM_EMEA_DE,Interest Rate Swap,Interest Rate,3549700.7111738264,-13328.80008995046,29666.06014017197,Margined,6.574344471610004,0.005,Asset Manager,A,63103969.654531784
T0003982,CP0077,JPM_EMEA_CH,Equity Option,Equity,7579574.223312749,195854.35202651206,50869.40092143495,Margined,4.320205618754737,0.08,Hedge Fund,BBB,97919762.89770965
T0003983,CP0023,JPM_EMEA_FR,FX Forward,FX,9760554.915350197,16623.97941897634,0.0,Unmargined,4.230975211959766,0.04,Hedge Fund,A,141917439.14674777
T0003984,CP0025,JPM_EMEA_DE,Securities Financing,SFT,14351735.600514593,22700.806238883197,0.0,Margined,0.15774265804137666,0.03,Sovereign,A,81553622.137404
T0003985,CP0024,JPM_EMEA_CH,Commodity Future,Commodity,6139791.8449665,278579.1354794007,0.0,Unmargined,3.2154276164060867,0.15,CCP,BBB,94324646.8088898
T0003986,CP0048,JPM_EMEA_DE,Interest Rate Swap,Interest Rate,11441041.9563872,-359615.1252074409,0.0,Unmargined,0.3485106853761683,0.005,CCP,A,125072691.36835924
T0003987,CP0050,JPM_EMEA_CH,Interest Rate Swap,Interest Rate,2056871.6028196868,1678.0733604587786,6810.99094630223,Margined,6.296448473400223,0.005,Sovereign,A,143876921.35906684
T0003988,CP0006,JPM_EMEA_FR,Interest Rate Swap,Interest Rate,10017928.336842414,417145.03418589185,50402.225101893084,Margined,0.12277075959419026,0.005,CCP,BBB,84218806.50178745
T0003989,CP0045,JPM_EMEA_DE,FX Forward,FX,9885049.965378193,106903.54872361128,0.0,Unmargined,2.1836632205064306,0.04,Bank,AAA,92130821.02089284
T0003990,CP0077,JPM_EMEA_CH,Interest Rate Swap,Interest Rate,18159267.489410896,-234560.6157677051,345148.080660016,Margined,6.965713038086377,0.005,Hedge Fund,BBB,97919762.89770965
T0003991,CP0033,JPM_EMEA_FR,Equity Option,Equity,754166.8634796926,-45035.52055966201,1438.3055645305167,Margined,5.5757019657676565,0.08,Bank,BBB,38232381.569819406
T0003992,CP0056,JPM_EMEA_CH,Equity Option,Equity,1614638.7468930685,-128302.65496146564,13661.806539123063,Margined,5.315799907526956,0.08,Bank,A,25838380.52100277
T0003993,CP0051,JPM_EMEA_UK,Commodity Future,Commodity,9110570.478912894,662031.8269707983,138918.17484266675,Margined,5.004521049337013,0.15,Sovereign,AA,57819318.95821542
T0003994,CP0079,JPM_EMEA_DE,Interest Rate Swap,Interest Rate,282219.5065644476,3047.381888694609,0.0,Unmargined,0.4061216269869232,0.005,Corporate,A,45536506.54289452
T0003995,CP0052,JPM_EMEA_DE,FX Forward,FX,6542376.867946368,-133742.93080213742,36182.20621755567,Margined,2.052987624793518,0.04,Hedge Fund,BBB,86957426.80012289
T0003996,CP0038,JPM_EMEA_FR,Interest Rate Swap,Interest Rate,11543226.169045256,141185.0967644854,107283.13336512115,Margined,5.599251162338769,0.005,Sovereign,BBB,105724942.50994723
T0003997,CP0002,JPM_EMEA_CH,Securities Financing,SFT,2247726.1687766262,-74553.9186048048,46584.770131102596,Margined,6.274086013272208,0.03,Sovereign,BBB,104480058.20212659
T0003998,CP0065,JPM_EMEA_UK,Interest Rate Swap,Interest Rate,2601542.0386539144,-30157.19162407919,55806.2256880309,Margined,2.482888913075868,0.005,Asset Manager,BBB,120361616.17442845
T0003999,CP0028,JPM_EMEA_UK,Interest Rate Swap,Interest Rate,1366369.215119525,-44998.519518681926,8357.295451922491,Margined,1.8529428630940927,0.005,Sovereign,A,87687412.32129991
T0004000,CP0074,JPM_EMEA_FR,Interest Rate Swap,Interest Rate,2374405.8585960004,-117448.97776461253,0.0,Unmargined,1.689472575886136,0.005,Bank,A,128044647.3762378
T0004001,CP0020,JPM_EMEA_DE,Commodity Future,Commodity,2444219.5246808967,-180076.58563217436,29205.260443600946,Margined,3.8590440153402774,0.15,Asset Manager,AA,30754899.989917014
T0004002,CP0035,JPM_EMEA_FR,Interest Rate Swap,Interest Rate,2020718.3897005613,-112994.54855212469,7949.740669883819,Margined,2.07583353614006,0.005,CCP,AAA,34114846.34760766
T0004003,CP0067,JPM_EMEA_UK,Equity Option,Equity,1912891.904928331,68376.45836834132,0.0,Unmargined,0.19829070583167563,0.08,CCP,A,68575504.7535823
T0004004,CP0013,JPM_EMEA_FR,Commodity Future,Commodity,3050451.3895158907,-105365.2407451458,5753.537190583549,Margined,2.7657117099852466,0.15,Sovereign,BBB,95537948.16105135
T0004005,CP0023,JPM_EMEA_UK,Commodity Future,Commodity,3013764.7521932507,56421.36474722055,64206.576055005105,Margined,3.898447821561797,0.15,Hedge Fund,A,141917439.14674777
T0004006,CP0064,JPM_EMEA_CH,Interest Rate Swap,Interest Rate,26060643.410690106,872579.6273783246,636395.0833979256,Margined,4.457989273188278,0.005,CCP,BB,61070776.73800309
T0004007,CP0026,JPM_EMEA_UK,Interest Rate Swap,Interest Rate,2696916.8631421416,1564.9911417553367,23504.750619710514,Margined,2.433535254862959,0.005,Corporate,A,54706836.20194616
T0004008,CP0077,JPM_EMEA_UK,FX Forward,FX,5643162.172696813,-58970.21195022314,38415.06748332079,Margined,2.2315497086826315,0.04,Hedge Fund,BBB,97919762.89770965
T0004009,CP0044,JPM_EMEA_UK,Interest Rate Swap,Interest Rate,2246585.2453193082,10459.65656913563,45912.91337116853,Margined,2.022943416809285,0.005,Asset Manager,AA,24863632.30290337
T0004010,CP0067,JPM_EMEA_UK,Equity Option,Equity,2218205.610034373,-32345.23719974282,0.0,Unmargined,4.382111405922554,0.08,CCP,A,68575504.7535823
T0004011,CP0044,JPM_EMEA_DE,FX Forward,FX,727547.3642098008,30656.535362497376,2244.2717457796216,Margined,2.0211961661450046,0.04,Asset Manager,AA,24863632.30290337
T0004012,CP0004,JPM_EMEA_FR,FX Forward,FX,831044.5406625104,54581.91310166179,8988.280778021488,Margined,6.422127073871505,0.04,Asset Manager,A,74054962.28217925
T0004013,CP0065,JPM_EMEA_CH,Interest Rate Swap,Interest Rate,1196374.9161735442,60708.147745961265,13792.399723291717,Margined,2.0077272938252815,0.005,Asset Manager,BBB,120361616.17442845
T0004014,CP0034,JPM_EMEA_CH,Equity Option,Equity,4806605.87565378,-361960.07701361494,0.0,Unmargined,5.547005057882605,0.08,Corporate,AA,92024698.66007642
T0004015,CP0032,JPM_EMEA_UK,Interest Rate Swap,Interest Rate,11733734.883835109,-179478.46439622095,177036.8735535066,Margined,2.272130768103557,0.005,Hedge Fund,A,136500900.33916968
T0004016,CP0059,JPM_EMEA_DE,Equity Option,Equity,670071.9624147458,97.54227997656069,0.0,Unmargined,4.4614474402769515,0.08,Sovereign,AA,135918044.6131388
T0004017,CP0023,JPM_EMEA_CH,Interest Rate Swap,Interest Rate,2309930.7824353743,37437.11428911209,17735.44997930313,Margined,4.908159292490955,0.005,Hedge Fund,A,141917439.14674777
T0004018,CP0035,JPM_EMEA_UK,Securities Financing,SFT,1019593.1261345836,-61640.53102596706,11408.490707826826,Margined,1.2618947815224613,0.03,CCP,AAA,34114846.34760766
T0004019,CP0049,JPM_EMEA_FR,Equity Option,Equity,3071043.0726974844,-187396.670153506,268.7216192234555,Margined,2.690763992707393,0.08,Sovereign,AA,61228056.066952996
T0004020,CP0048,JPM_EMEA_DE,Interest Rate Swap,Interest Rate,11728993.51723889,536456.4975612662,0.0,Margined,0.9366949542571209,0.005,CCP,A,125072691.36835924
T0004021,CP0059,JPM_EMEA_UK,Interest Rate Swap,Interest Rate,2558476.488129858,-50067.27707528076,49496.74393550644,Margined,3.5990567179207438,0.005,Sovereign,AA,135918044.6131388
T0004022,CP0007,JPM_EMEA_UK,FX Forward,FX,3814377.153610355,-198573.50644359345,23181.55402413648,Margined,6.370473297810227,0.04,Bank,A,62881957.60326209
T0004023,CP0080,JPM_EMEA_DE,Interest Rate Swap,Interest Rate,17141848.551707797,-662145.5253515011,498466.3169380597,Margined,4.193839058562081,0.005,Sovereign,A,60342077.47701232
T0004024,CP0049,JPM_EMEA_UK,Interest Rate Swap,Interest Rate,6323009.563869252,86414.12164390495,0.0,Unmargined,4.926537893356396,0.005,Sovereign,AA,61228056.066952996
T0004025,CP0050,JPM_EMEA_UK,Securities Financing,SFT,1870493.8844046828,-53849.96460064168,0.0,Unmargined,2.0172241652176965,0.03,Sovereign,A,143876921.35906684
T0004026,CP0071,JPM_EMEA_FR,Equity Option,Equity,4688954.549031334,39654.007892853166,144009.16006087622,Margined,3.3041676202573393,0.08,Sovereign,A,141785709.5693913
T0004027,CP0040,JPM_EMEA_CH,Interest Rate Swap,Interest Rate,1748477.3958813534,-59894.893467249116,34096.35172328244,Margined,5.19841245405734,0.005,Corporate,BBB,119924173.94929542
T0004028,CP0003,JPM_EMEA_FR,Equity Option,Equity,6090781.349215986,-371823.9561809759,0.0,Unmargined,0.9625453135317444,0.08,Corporate,BBB,30977761.748185582
T0004029,CP0011,JPM_EMEA_FR,Interest Rate Swap,Interest Rate,6696831.574340885,333859.1917823886,0.0,Margined,0.895873359564731,0.005,Corporate,AA,42177085.909795195
T0004030,CP0076,JPM_EMEA_UK,Securities Financing,SFT,1019318.9014926397,14205.887603618561,17843.423129233925,Margined,1.609820497619867,0.03,Asset Manager,BBB,43304880.06050608
T0004031,CP0079,JPM_EMEA_DE,Interest Rate Swap,Interest Rate,4765696.891224541,-55669.44046461015,58381.53592372831,Margined,1.6957569750727128,0.005,Corporate,A,45536506.54289452
T0004032,CP0007,JPM_EMEA_FR,Commodity Future,Commodity,3556301.509921192,-64894.18173109971,54948.032988672836,Margined,6.738665640709614,0.15,Bank,A,62881957.60326209
T0004033,CP0055,JPM_EMEA_UK,Commodity Future,Commodity,6896208.43427143,353579.0398204388,70129.68544744588,Margined,1.1523285889085204,0.15,Asset Manager,A,41399016.28566236
T0004034,CP0053,JPM_EMEA_FR,Interest Rate Swap,Interest Rate,9185640.156846834,190175.37490665328,26171.21663899008,Margined,0.7808258980539098,0.005,Asset Manager,A,53275461.77378836
T0004035,CP0014,JPM_EMEA_UK,Interest Rate Swap,Interest Rate,6447832.096525111,258806.02559330105,55346.81529488613,Margined,1.0068934558721891,0.005,Sovereign,BBB,65093074.58952882
T0004036,CP0063,JPM_EMEA_DE,FX Forward,FX,2953825.1981779453,-60344.41485658432,52144.1665477076,Margined,1.460231754687947,0.04,Asset Manager,AA,87451586.85023838
T0004037,CP0037,JPM_EMEA_FR,Securities Financing,SFT,10171852.857225375,18038.04070219788,0.0,Unmargined,2.612601301048894,0.03,CCP,AA,56560391.89907108
T0004038,CP0019,JPM_EMEA_CH,FX Forward,FX,1670681.4294842132,23518.11909699304,15231.029784876284,Margined,1.4202161676151832,0.04,CCP,AA,121755579.54253721
T0004039,CP0045,JPM_EMEA_UK,Equity Option,Equity,1067983.5819890255,-20561.267219727815,0.0,Margined,0.6602112410084129,0.08,Bank,AAA,92130821.02089284
T0004040,CP0073,JPM_EMEA_FR,Commodity Future,Commodity,163819.13035626506,-547.7495456326673,2085.352633179096,Margined,0.9994968184936431,0.15,Asset Manager,A,35958531.21349318
T0004041,CP0018,JPM_EMEA_FR,Commodity Future,Commodity,3729049.6265560044,-76170.91719985499,11577.000389393936,Margined,5.538192764356056,0.15,Bank,A,82699446.80257703
T0004042,CP0050,JPM_EMEA_UK,FX Forward,FX,1759004.3198824537,24568.139830332886,0.0,Unmargined,3.664525050867241,0.04,Sovereign,A,143876921.35906684
T0004043,CP0059,JPM_EMEA_FR,FX Forward,FX,5953914.111797749,-275361.3575789006,36480.7796666617,Margined,5.233873621494161,0.04,Sovereign,AA,135918044.6131388
T0004044,CP0051,JPM_EMEA_UK,Equity Option,Equity,557143.1708117194,11153.421654639114,5367.721932934219,Margined,1.2780609179655025,0.08,Sovereign,AA,57819318.95821542
T0004045,CP0053,JPM_EMEA_FR,Interest Rate Swap,Interest Rate,2094083.1287846644,22773.074578117346,0.0,Unmargined,2.1709501477324267,0.005,Asset Manager,A,53275461.77378836
T0004046,CP0059,JPM_EMEA_UK,Securities Financing,SFT,6401704.3972705,-45553.23853317712,61119.67237082889,Margined,6.877022872902253,0.03,Sovereign,AA,135918044.6131388
T0004047,CP0019,JPM_EMEA_UK,Interest Rate Swap,Interest Rate,1428261.84902321,22470.986636583824,12105.092576092215,Margined,0.6453938488395962,0.005,CCP,AA,121755579.54253721
T0004048,CP0009,JPM_EMEA_UK,Interest Rate Swap,Interest Rate,6022793.027203705,-76928.63081104116,100490.1564324386,Margined,3.0987591675802717,0.005,Hedge Fund,BBB,33442385.803931713
T0004049,CP0080,JPM_EMEA_DE,Commodity Future,Commodity,2291649.275657773,-53749.661978553915,0.0,Margined,2.1056058000374094,0.15,Sovereign,A,60342077.47701232
T0004050,CP0026,JPM_EMEA_UK,FX Forward,FX,3870896.180182742,73664.76234729306,85184.7783686686,Margined,0.10097457316258993,0.04,Corporate,A,54706836.20194616
T0004051,CP0076,JPM_EMEA_DE,Interest Rate Swap,Interest Rate,7253269.752466803,149021.982475121,144713.7590532977,Margined,3.8895405018082925,0.005,Asset Manager,BBB,43304880.06050608
T0004052,CP0022,JPM_EMEA_CH,Interest Rate Swap,Interest Rate,10371808.29151944,-184145.8384122206,167977.80314618142,Margined,3.8725368473679502,0.005,Asset Manager,A,83791909.26608771
T0004053,CP0022,JPM_EMEA_CH,FX Forward,FX,4387619.2698789425,-91073.06829220323,0.0,Margined,2.277201381137606,0.04,Asset Manager,A,83791909.26608771
T0004054,CP0002,JPM_EMEA_CH,Commodity Future,Commodity,1772310.5065129884,-11350.003968867928,17589.661448387873,Margined,3.332196986687011,0.15,Sovereign,BBB,104480058.20212659
T0004055,CP0036,JPM_EMEA_DE,Interest Rate Swap,Interest Rate,2530091.577539412,-48881.86985286118,4597.353988469178,Margined,2.774035373657651,0.005,Bank,AA,107391212.09517552
T0004056,CP0076,JPM_EMEA_UK,Interest Rate Swap,Interest Rate,7562862.258853467,403699.30147346813,158766.0652768716,Margined,3.276229639673712,0.005,Asset Manager,BBB,43304880.06050608
T0004057,CP0072,JPM_EMEA_DE,FX Forward,FX,1440572.7501046152,15956.720147832466,29417.199562227353,Margined,5.94393753495622,0.04,Hedge Fund,AA,51326174.75073902
T0004058,CP0025,JPM_EMEA_UK,Securities Financing,SFT,3347546.7511649765,1710.6237532030207,50561.61098296281,Margined,5.012114485078956,0.03,Sovereign,A,81553622.137404
T0004059,CP0033,JPM_EMEA_UK,Interest Rate Swap,Interest Rate,2719397.267055953,-88775.74105276733,6458.868792935704,Margined,1.99770013581289,0.005,Bank,BBB,38232381.569819406
T0004060,CP0054,JPM_EMEA_DE,Securities Financing,SFT,3607202.632088906,93298.96374527733,86408.20765963281,Margined,1.7148099183208463,0.03,Asset Manager,A,141685664.10636523
T0004061,CP0077,JPM_EMEA_FR,Securities Financing,SFT,1457921.5592082832,-31208.51892712358,14436.209360747142,Margined,5.090262686577292,0.03,Hedge Fund,BBB,97919762.89770965
T0004062,CP0049,JPM_EMEA_CH,Interest Rate Swap,Interest Rate,627726.9556277158,-14341.147883267759,0.0,Unmargined,1.6103778282707562,0.005,Sovereign,AA,61228056.066952996
T0004063,CP0017,JPM_EMEA_FR,Commodity Future,Commodity,6733108.856767817,182073.4520790375,95092.34636413006,Margined,6.357721753885856,0.15,Corporate,A,144612697.7213879
T0004064,CP0029,JPM_EMEA_DE,Equity Option,Equity,10490035.269540787,142206.0151364829,0.0,Unmargined,5.838074632395114,0.08,Corporate,AAA,77058489.83965607
T0004065,CP0058,JPM_EMEA_FR,FX Forward,FX,666389.732022131,-58389.512348415104,5542.73986044768,Margined,1.8050073805489715,0.04,Bank,AA,149008823.32725883
T0004066,CP0002,JPM_EMEA_CH,FX Forward,FX,5784723.260321173,-31943.10724311126,134527.46838011843,Margined,5.620426757868573,0.04,Sovereign,BBB,104480058.20212659
T0004067,CP0048,JPM_EMEA_FR,Commodity Future,Commodity,11816268.589429062,51911.07423718641,199310.56863893179,Margined,1.3798652336112451,0.15,CCP,A,125072691.36835924
T0004068,CP0062,JPM_EMEA_CH,Commodity Future,Commodity,7258733.814298262,-86276.33347110426,170893.3395221866,Margined,0.2227840389311927,0.15,Sovereign,BBB,136148063.1607222
T0004069,CP0028,JPM_EMEA_CH,Commodity Future,Commodity,2636953.259780878,14800.502184689967,0.0,Unmargined,6.729788208617904,0.15,Sovereign,A,87687412.32129991
T0004070,CP0044,JPM_EMEA_FR,Securities Financing,SFT,1557057.7634628543,-98622.60640312724,18098.75788493724,Margined,5.341387117526245,0.03,Asset Manager,AA,24863632.30290337
T0004071,CP0058,JPM_EMEA_CH,FX Forward,FX,4337388.5068495255,-429773.2673582151,72699.14791128862,Margined,3.448712748222629,0.04,Bank,AA,149008823.32725883
T0004072,CP0048,JPM_EMEA_DE,Commodity Future,Commodity,5124738.093271724,-174965.67339834763,0.0,Unmargined,5.910305459618728,0.15,CCP,A,125072691.36835924
T0004073,CP0002,JPM_EMEA_DE,Securities Financing,SFT,4402188.802181783,43487.67916119852,88633.11668316009,Margined,0.5769583110538584,0.03,Sovereign,BBB,104480058.20212659
T0004074,CP0047,JPM_EMEA_UK,Interest Rate Swap,Interest Rate,3340631.0658156755,-377068.61370124255,43781.61074350714,Margined,5.190792943933229,0.005,Asset Manager,BBB,127872666.6072137
T0004075,CP0019,JPM_EMEA_UK,Interest Rate Swap,Interest Rate,1354784.819599352,-39998.81922850866,0.0,Margined,6.6964638522671915,0.005,CCP,AA,121755579.54253721
T0004076,CP0060,JPM_EMEA_FR,FX Forward,FX,6104234.144448642,-410794.4105930021,0.0,Unmargined,5.739205267916574,0.04,Sovereign,BB,117319042.5294034
T0004077,CP0021,JPM_EMEA_CH,Securities Financing,SFT,6405447.854439964,-54394.076988166766,3140.985789086335,Margined,3.050146189074998,0.03,Corporate,BBB,83265583.00896084
T0004078,CP0079,JPM_EMEA_UK,Interest Rate Swap,Interest Rate,4889629.269387483,335069.0531374535,0.0,Unmargined,2.456860940037232,0.005,Corporate,A,45536506.54289452
T0004079,CP0010,JPM_EMEA_FR,Equity Option,Equity,4469551.223648042,-33973.773144427076,49495.23144842273,Margined,6.252290596971953,0.08,Bank,AA,96393794.38310257
T0004080,CP0072,JPM_EMEA_UK,Interest Rate Swap,Interest Rate,21446122.265453745,-80693.17076974851,0.0,Unmargined,2.0759739977485316,0.005,Hedge Fund,AA,51326174.75073902
T0004081,CP0003,JPM_EMEA_CH,FX Forward,FX,2142376.177912151,62928.193135902904,0.0,Unmargined,6.5652648622799425,0.04,Corporate,BBB,30977761.748185582
T0004082,CP0055,JPM_EMEA_FR,Equity Option,Equity,14407219.838050038,10743.889182916922,0.0,Unmargined,2.2729539958734537,0.08,Asset Manager,A,41399016.28566236
T0004083,CP0029,JPM_EMEA_DE,Interest Rate Swap,Interest Rate,1919893.8381831455,-14446.648119630981,18237.37059344337,Margined,0.9188529445960895,0.005,Corporate,AAA,77058489.83965607
T0004084,CP0016,JPM_EMEA_DE,Securities Financing,SFT,12124702.907829648,393235.7285853297,219784.94185322028,Margined,1.6894346108472054,0.03,Sovereign,BBB,22964503.233860675
T0004085,CP0018,JPM_EMEA_CH,Interest Rate Swap,Interest Rate,13731080.475715743,226783.21536968267,0.0,Unmargined,3.6604088333275455,0.005,Bank,A,82699446.80257703
T0004086,CP0004,JPM_EMEA_DE,Securities Financing,SFT,2983935.77121471,30143.42570512791,56399.088781962506,Margined,0.9611869622490932,0.03,Asset Manager,A,74054962.28217925
T0004087,CP0011,JPM_EMEA_UK,Interest Rate Swap,Interest Rate,21057513.13932274,-102282.77101583165,0.0,Unmargined,2.6907022327905947,0.005,Corporate,AA,42177085.909795195
T0004088,CP0032,JPM_EMEA_FR,Securities Financing,SFT,6393809.443917508,-77443.5122051648,0.0,Unmargined,6.345696763652671,0.03,Hedge Fund,A,136500900.33916968
T0004089,CP0013,JPM_EMEA_FR,Equity Option,Equity,1663663.203182393,53405.22084765483,26362.808833854804,Margined,0.7025191163921632,0.08,Sovereign,BBB,95537948.16105135
T0004090,CP0078,JPM_EMEA_FR,Interest Rate Swap,Interest Rate,2751476.7477578325,-32401.917628052935,64578.548947758856,Margined,4.321082361216621,0.005,Hedge Fund,BBB,133693065.30887038
T0004091,CP0067,JPM_EMEA_DE,Interest Rate Swap,Interest Rate,12416877.889237681,535091.0828807568,269600.2533195763,Margined,2.856164194672166,0.005,CCP,A,68575504.7535823
T0004092,CP0038,JPM_EMEA_DE,Interest Rate Swap,Interest Rate,10067969.652309654,-368992.32430643885,0.0,Margined,4.549811224249445,0.005,Sovereign,BBB,105724942.50994723
T0004093,CP0008,JPM_EMEA_UK,Equity Option,Equity,1388541.5611705135,69680.401369974,7151.493889343927,Margined,3.452776225769082,0.08,Sovereign,AA,38788144.55258609
T0004094,CP0079,JPM_EMEA_CH,Commodity Future,Commodity,3480016.5479370225,57494.75551530416,39810.64534729924,Margined,6.143100008019103,0.15,Corporate,A,45536506.54289452
T0004095,CP0058,JPM_EMEA_UK,FX Forward,FX,4902853.310451879,-166200.46288208247,0.0,Unmargined,2.8473629211989824,0.04,Bank,AA,149008823.32725883
T0004096,CP0015,JPM_EMEA_DE,FX Forward,FX,2407742.9467124366,42892.14010797249,0.0,Margined,3.583578131627006,0.04,Sovereign,BBB,96819013.89258417
T0004097,CP0005,JPM_EMEA_UK,Equity Option,Equity,42270696.18907859,-962106.4685976454,261869.16510984287,Margined,0.9544525224655043,0.08,Asset Manager,BBB,25409842.60204602
T0004098,CP0050,JPM_EMEA_UK,FX Forward,FX,5052878.619380532,5911.776538494726,60488.59174154733,Margined,3.4576308080472797,0.04,Sovereign,A,143876921.35906684
T0004099,CP0004,JPM_EMEA_UK,Equity Option,Equity,3760237.6876969165,-64044.179533237046,29321.290163743048,Margined,0.847379383548513,0.08,Asset Manager,A,74054962.28217925
T0004100,CP0050,JPM_EMEA_DE,FX Forward,FX,13159519.398743393,-61217.1070783374,52959.879947932815,Margined,4.102752610474865,0.04,Sovereign,A,143876921.35906684
T0004101,CP0036,JPM_EMEA_CH,Equity Option,Equity,2776193.726134294,91475.79921776033,0.0,Unmargined,3.0203866154056045,0.08,Bank,AA,107391212.09517552
T0004102,CP0071,JPM_EMEA_UK,Securities Financing,SFT,10954189.345641697,198795.61854377078,0.0,Unmargined,5.494428473684334,0.03,Sovereign,A,141785709.5693913
T0004103,CP0031,JPM_EMEA_CH,FX Forward,FX,754697.6794733056,-29725.872740469185,6227.178917538629,Margined,2.9584149933657153,0.04,Asset Manager,AA,127417950.14526652
T0004104,CP0036,JPM_EMEA_FR,Interest Rate Swap,Interest Rate,2541209.9220434986,-94999.00463346229,0.0,Unmargined,4.432638162449359,0.005,Bank,AA,107391212.09517552
T0004105,CP0044,JPM_EMEA_CH,Interest Rate Swap,Interest Rate,11419983.7295867,108228.85722596558,142312.58627749016,Margined,0.45999697178360816,0.005,Asset Manager,AA,24863632.30290337
T0004106,CP0079,JPM_EMEA_FR,Equity Option,Equity,19230394.644203093,230986.83604555973,96688.32129126604,Margined,4.984628308782592,0.08,Corporate,A,45536506.54289452
T0004107,CP0057,JPM_EMEA_CH,FX Forward,FX,1845958.4876801209,-43574.91019605002,5544.708132923428,Margined,6.70416478602554,0.04,Corporate,A,76562617.80039492
T0004108,CP0054,JPM_EMEA_FR,Securities Financing,SFT,1642916.0215914203,91503.91958391876,0.0,Unmargined,3.16206218588913,0.03,Asset Manager,A,141685664.10636523
T0004109,CP0025,JPM_EMEA_CH,Equity Option,Equity,7055029.674701624,200873.0822929787,147502.08210547885,Margined,0.1184509469976856,0.08,Sovereign,A,81553622.137404
T0004110,CP0039,JPM_EMEA_UK,FX Forward,FX,2145259.3758293586,-46970.824709864384,0.0,Unmargined,4.245344257863221,0.04,Hedge Fund,A,114509299.85729474
T0004111,CP0016,JPM_EMEA_CH,Commodity Future,Commodity,3057863.420102754,-77299.53385729705,51271.30565645879,Margined,1.058982059773169,0.15,Sovereign,BBB,22964503.233860675
T0004112,CP0032,JPM_EMEA_UK,Interest Rate Swap,Interest Rate,9608992.568036325,-76616.9417114872,0.0,Unmargined,3.3023808662803456,0.005,Hedge Fund,A,136500900.33916968
T0004113,CP0066,JPM_EMEA_UK,Commodity Future,Commodity,2321450.438890635,-26963.424888256544,64874.93768163095,Margined,0.27556678249154254,0.15,Hedge Fund,BBB,106015964.21180893
T0004114,CP0008,JPM_EMEA_FR,Interest Rate Swap,Interest Rate,560384.9109307403,24637.609683395236,0.0,Unmargined,3.1275408969169964,0.005,Sovereign,AA,38788144.55258609
T0004115,CP0014,JPM_EMEA_DE,Equity Option,Equity,1088945.6401790988,37523.21996846313,6984.704327897689,Margined,6.1276766955131405,0.08,Sovereign,BBB,65093074.58952882
T0004116,CP0047,JPM_EMEA_UK,Securities Financing,SFT,4040021.2297189143,4958.855267153608,72279.84298964654,Margined,0.9909379718355736,0.03,Asset Manager,BBB,127872666.6072137
T0004117,CP0064,JPM_EMEA_CH,Commodity Future,Commodity,620562.603531758,14723.899393492375,0.0,Unmargined,3.513363775000952,0.15,CCP,BB,61070776.73800309
T0004118,CP0079,JPM_EMEA_FR,Securities Financing,SFT,2971699.2992392587,85597.22161967785,26222.012814633177,Margined,1.8144109183628616,0.03,Corporate,A,45536506.54289452
T0004119,CP0047,JPM_EMEA_DE,FX Forward,FX,994214.6448701785,2027.3284242186635,0.0,Unmargined,1.864162975042952,0.04,Asset Manager,BBB,127872666.6072137
T0004120,CP0053,JPM_EMEA_DE,Commodity Future,Commodity,20619420.36750641,290561.73292025406,335854.9239274957,Margined,4.520956448349042,0.15,Asset Manager,A,53275461.77378836
T0004121,CP0024,JPM_EMEA_FR,Equity Option,Equity,34863378.64828751,725038.4990246665,0.0,Unmargined,5.250526647497282,0.08,CCP,BBB,94324646.8088898
T0004122,CP0033,JPM_EMEA_DE,Equity Option,Equity,1388323.9924180824,23693.415374374446,0.0,Margined,6.119333233038075,0.08,Bank,BBB,38232381.569819406
T0004123,CP0026,JPM_EMEA_FR,Interest Rate Swap,Interest Rate,5170932.507223268,-140949.97116953912,72580.07734629122,Margined,1.98381112011869,0.005,Corporate,A,54706836.20194616
T0004124,CP0009,JPM_EMEA_UK,Interest Rate Swap,Interest Rate,1530953.324268628,-36313.97020643837,10569.78873313495,Margined,0.5418948461436514,0.005,Hedge Fund,BBB,33442385.803931713
T0004125,CP0030,JPM_EMEA_DE,Equity Option,Equity,2935796.390507704,-29653.930813419447,0.0,Margined,3.1238612357536093,0.08,Asset Manager,A,22809570.384442955
T0004126,CP0018,JPM_EMEA_UK,Interest Rate Swap,Interest Rate,24282688.500469726,-600589.7996876616,222989.61014625616,Margined,4.112909332206499,0.005,Bank,A,82699446.80257703
T0004127,CP0048,JPM_EMEA_DE,Commodity Future,Commodity,2508301.456197548,-129324.31090136075,0.0,Unmargined,5.190085081661169,0.15,CCP,A,125072691.36835924
T0004128,CP0061,JPM_EMEA_DE,Commodity Future,Commodity,3004937.889983179,71091.77807424711,0.0,Unmargined,5.304698227094097,0.15,CCP,BBB,135803023.8142082
T0004129,CP0079,JPM_EMEA_FR,Securities Financing,SFT,1558564.3263374076,18896.4772111986,30507.36433263799,Margined,6.052139710473122,0.03,Corporate,A,45536506.54289452
T0004130,CP0071,JPM_EMEA_CH,Interest Rate Swap,Interest Rate,12584724.519850343,-589944.5787807885,0.0,Unmargined,0.2665916310430217,0.005,Sovereign,A,141785709.5693913
T0004131,CP0026,JPM_EMEA_FR,Securities Financing,SFT,153052.7965837058,-1290.5541765777473,2566.14098436646,Margined,6.867936519361492,0.03,Corporate,A,54706836.20194616
T0004132,CP0076,JPM_EMEA_CH,Interest Rate Swap,Interest Rate,2568949.446329495,-16569.733186913036,32854.69689972448,Margined,6.769368905186031,0.005,Asset Manager,BBB,43304880.06050608
T0004133,CP0076,JPM_EMEA_DE,FX Forward,FX,3820603.013067779,24329.810112158935,12071.552026989048,Margined,0.29705206311815296,0.04,Asset Manager,BBB,43304880.06050608
T0004134,CP0041,JPM_EMEA_DE,Commodity Future,Commodity,2065179.259807795,-78202.73305836633,0.0,Unmargined,2.227403951639342,0.15,Bank,BBB,34006322.97426655
T0004135,CP0017,JPM_EMEA_FR,Interest Rate Swap,Interest Rate,9486216.675953887,-449549.8945222474,0.0,Unmargined,5.370521231751015,0.005,Corporate,A,144612697.7213879
T0004136,CP0063,JPM_EMEA_UK,Interest Rate Swap,Interest Rate,13307418.279233934,242066.69405405552,308876.7904884126,Margined,3.3756471417723612,0.005,Asset Manager,AA,87451586.85023838
T0004137,CP0010,JPM_EMEA_DE,Interest Rate Swap,Interest Rate,974583.4288349354,-52324.08851667521,20089.600702260475,Margined,0.08226000649794851,0.005,Bank,AA,96393794.38310257
T0004138,CP0029,JPM_EMEA_CH,FX Forward,FX,32452614.658314664,-264268.853980616,109072.57237333397,Margined,2.5152747280959886,0.04,Corporate,AAA,77058489.83965607
T0004139,CP0043,JPM_EMEA_DE,Commodity Future,Commodity,963710.3818912382,-10998.538922457843,11976.153160513617,Margined,4.073625660827989,0.15,Sovereign,BBB,49927818.8163345
T0004140,CP0070,JPM_EMEA_CH,Interest Rate Swap,Interest Rate,14511262.075187963,-62615.3868042414,127396.44280763602,Margined,6.163081862778735,0.005,Asset Manager,BBB,54119867.06997241
T0004141,CP0079,JPM_EMEA_FR,Interest Rate Swap,Interest Rate,4646536.296928547,41099.15598867145,0.0,Unmargined,5.813298035680116,0.005,Corporate,A,45536506.54289452
T0004142,CP0066,JPM_EMEA_UK,Equity Option,Equity,2417159.919532453,135240.02890705873,0.0,Unmargined,6.62691989068747,0.08,Hedge Fund,BBB,106015964.21180893
T0004143,CP0039,JPM_EMEA_DE,Interest Rate Swap,Interest Rate,2656282.0817263788,-148704.58653017462,61746.69274146207,Margined,3.3021008891707386,0.005,Hedge Fund,A,114509299.85729474
T0004144,CP0007,JPM_EMEA_DE,Commodity Future,Commodity,3868170.168158533,118676.83548994041,0.0,Unmargined,5.5980029494857835,0.15,Bank,A,62881957.60326209
T0004145,CP0064,JPM_EMEA_CH,Securities Financing,SFT,4926911.016334983,-433201.24618720973,67642.81493078604,Margined,0.7501123710377524,0.03,CCP,BB,61070776.73800309
T0004146,CP0069,JPM_EMEA_DE,Commodity Future,Commodity,1593830.135483708,77746.85902006314,21985.397522322957,Margined,3.653282204531913,0.15,Bank,AA,117082649.47537337
T0004147,CP0038,JPM_EMEA_DE,Securities Financing,SFT,3165637.33009093,-226344.42057159328,0.0,Unmargined,6.420236311036725,0.03,Sovereign,BBB,105724942.50994723
T0004148,CP0045,JPM_EMEA_FR,FX Forward,FX,1850806.589121782,157825.33374215197,23816.97426335565,Margined,5.8799908777874865,0.04,Bank,AAA,92130821.02089284
T0004149,CP0069,JPM_EMEA_CH,Commodity Future,Commodity,1186781.277916588,-16189.92069651854,24327.27705749886,Margined,4.6064884531845,0.15,Bank,AA,117082649.47537337
T0004150,CP0011,JPM_EMEA_FR,Interest Rate Swap,Interest Rate,1766469.0350189665,79779.76020589973,42009.33261225346,Margined,1.0869630856239094,0.005,Corporate,AA,42177085.909795195
T0004151,CP0066,JPM_EMEA_CH,Interest Rate Swap,Interest Rate,1266579.2068091831,48060.93166661959,3568.5619106877966,Margined,1.3154647560481305,0.005,Hedge Fund,BBB,106015964.21180893
T0004152,CP0042,JPM_EMEA_UK,Equity Option,Equity,2627780.171073856,-40144.90826569196,0.0,Margined,4.766633352616441,0.08,Sovereign,A,139081539.86788905
T0004153,CP0055,JPM_EMEA_CH,Interest Rate Swap,Interest Rate,6164267.209831628,-77615.66083027379,77035.31975275243,Margined,2.3126963477559563,0.005,Asset Manager,A,41399016.28566236
T0004154,CP0016,JPM_EMEA_UK,Securities Financing,SFT,4513192.232860335,-132239.07655273,94206.12080706435,Margined,2.3396632342367254,0.03,Sovereign,BBB,22964503.233860675
T0004155,CP0050,JPM_EMEA_CH,Equity Option,Equity,28807597.02020828,793878.486123149,428564.0422017012,Margined,5.940978365937872,0.08,Sovereign,A,143876921.35906684
T0004156,CP0022,JPM_EMEA_FR,Securities Financing,SFT,438603.8554856499,-6500.716011489668,7650.290120550692,Margined,0.1922465721610841,0.03,Asset Manager,A,83791909.26608771
T0004157,CP0042,JPM_EMEA_FR,FX Forward,FX,6395760.361479098,-183330.7834893917,7150.510180511657,Margined,2.7779992174611934,0.04,Sovereign,A,139081539.86788905
T0004158,CP0042,JPM_EMEA_UK,FX Forward,FX,4025763.5697322213,75703.1168538432,0.0,Unmargined,1.705632402726466,0.04,Sovereign,A,139081539.86788905
T0004159,CP0077,JPM_EMEA_FR,Commodity Future,Commodity,9042762.404929494,-283953.36882263183,0.0,Margined,0.23834692497442556,0.15,Hedge Fund,BBB,97919762.89770965
T0004160,CP0054,JPM_EMEA_UK,Interest Rate Swap,Interest Rate,8188736.114891715,-94288.22107703141,88930.45710029379,Margined,1.5551832586551086,0.005,Asset Manager,A,141685664.10636523
T0004161,CP0045,JPM_EMEA_FR,FX Forward,FX,3391602.796500848,12714.119278776061,0.0,Unmargined,1.3305200866279676,0.04,Bank,AAA,92130821.02089284
T0004162,CP0033,JPM_EMEA_DE,Equity Option,Equity,4753806.406983578,-106889.48977298917,0.0,Unmargined,3.55609600075178,0.08,Bank,BBB,38232381.569819406
T0004163,CP0027,JPM_EMEA_UK,Securities Financing,SFT,1900705.5288150471,-32700.12534271927,46450.52842877928,Margined,3.074582526693714,0.03,Asset Manager,A,63103969.654531784
T0004164,CP0053,JPM_EMEA_DE,Commodity Future,Commodity,7388866.501688612,396962.5084443932,96979.96591766886,Margined,3.328311702421177,0.15,Asset Manager,A,53275461.77378836
T0004165,CP0071,JPM_EMEA_UK,Interest Rate Swap,Interest Rate,611046.8219954578,-4367.904452584559,0.0,Margined,6.1514834788559085,0.005,Sovereign,A,141785709.5693913
T0004166,CP0046,JPM_EMEA_UK,FX Forward,FX,8698240.81262804,-109484.26646189061,130523.20287224358,Margined,3.4862771832306385,0.04,CCP,AA,68219896.90211704
T0004167,CP0053,JPM_EMEA_UK,Equity Option,Equity,3908371.9917075816,-23955.89646351007,105029.91686337421,Margined,4.491082696352527,0.08,Asset Manager,A,53275461.77378836
T0004168,CP0027,JPM_EMEA_DE,Interest Rate Swap,Interest Rate,2457715.655700215,39092.23990158267,38846.368552825996,Margined,4.550008816431366,0.005,Asset Manager,A,63103969.654531784
T0004169,CP0045,JPM_EMEA_FR,FX Forward,FX,3170093.75028147,-114710.56796805898,68093.20774288855,Margined,3.6422770501404873,0.04,Bank,AAA,92130821.02089284
T0004170,CP0046,JPM_EMEA_FR,Interest Rate Swap,Interest Rate,3411315.9520090497,51007.83486846696,27695.374086902535,Margined,2.168181258278644,0.005,CCP,AA,68219896.90211704
T0004171,CP0055,JPM_EMEA_UK,Interest Rate Swap,Interest Rate,14637666.761253037,131061.3742510654,73632.14226111333,Margined,6.32695227071705,0.005,Asset Manager,A,41399016.28566236
T0004172,CP0026,JPM_EMEA_DE,FX Forward,FX,101472520.14807016,-6352477.932444528,1160145.8685569246,Margined,3.095319862227794,0.04,Corporate,A,54706836.20194616
T0004173,CP0028,JPM_EMEA_FR,Interest Rate Swap,Interest Rate,13547000.876107205,850737.3780968566,0.0,Unmargined,4.01933948057218,0.005,Sovereign,A,87687412.32129991
T0004174,CP0029,JPM_EMEA_UK,Equity Option,Equity,2272700.0528000584,116199.68698371534,68437.15417633839,Margined,3.9360530566923155,0.08,Corporate,AAA,77058489.83965607
T0004175,CP0034,JPM_EMEA_UK,Interest Rate Swap,Interest Rate,7508803.89967492,-210394.45249653695,98494.48530491913,Margined,5.802084390153577,0.005,Corporate,AA,92024698.66007642
T0004176,CP0024,JPM_EMEA_UK,Equity Option,Equity,7843016.571859606,-308112.3477549178,0.0,Unmargined,3.765614803088118,0.08,CCP,BBB,94324646.8088898
T0004177,CP0016,JPM_EMEA_UK,Interest Rate Swap,Interest Rate,1585870.770784745,12658.107117811276,13175.306164205535,Margined,3.225475034709344,0.005,Sovereign,BBB,22964503.233860675
T0004178,CP0041,JPM_EMEA_UK,Securities Financing,SFT,1133709.5728419947,-56578.02006424021,0.0,Margined,3.247424123360253,0.03,Bank,BBB,34006322.97426655
T0004179,CP0069,JPM_EMEA_FR,Interest Rate Swap,Interest Rate,3754718.9374555224,179287.46648097652,87884.89881796566,Margined,5.47064272943727,0.005,Bank,AA,117082649.47537337
T0004180,CP0003,JPM_EMEA_CH,FX Forward,FX,8971043.161775352,-147088.15389553673,26977.700809332397,Margined,2.343327001144287,0.04,Corporate,BBB,30977761.748185582
T0004181,CP0054,JPM_EMEA_CH,FX Forward,FX,798105.961524898,45303.08222739773,11804.553912823467,Margined,6.547215425732453,0.04,Asset Manager,A,141685664.10636523
T0004182,CP0066,JPM_EMEA_FR,Interest Rate Swap,Interest Rate,1945261.6519862667,-56128.80917632227,30238.466960133614,Margined,5.933897505095945,0.005,Hedge Fund,BBB,106015964.21180893
T0004183,CP0066,JPM_EMEA_DE,FX Forward,FX,7091848.813634503,-27850.207959478194,0.0,Unmargined,1.0115158151350754,0.04,Hedge Fund,BBB,106015964.21180893
T0004184,CP0069,JPM_EMEA_CH,Commodity Future,Commodity,4170425.105544561,184968.53439864833,23868.702898624782,Margined,2.254811195904732,0.15,Bank,AA,117082649.47537337
T0004185,CP0026,JPM_EMEA_CH,Securities Financing,SFT,16486930.59218173,-186522.9402910416,178107.3566565459,Margined,6.3440580678979055,0.03,Corporate,A,54706836.20194616
T0004186,CP0009,JPM_EMEA_DE,FX Forward,FX,975238.6263486772,9287.403224943428,4290.65341577615,Margined,1.9846808776455584,0.04,Hedge Fund,BBB,33442385.803931713
T0004187,CP0080,JPM_EMEA_UK,Interest Rate Swap,Interest Rate,42033179.502820104,1607477.2563871231,0.0,Unmargined,2.257724874070837,0.005,Sovereign,A,60342077.47701232
T0004188,CP0056,JPM_EMEA_DE,Equity Option,Equity,859247.6635327281,-16722.386552990545,14239.774858809937,Margined,1.5613190982441174,0.08,Bank,A,25838380.52100277
T0004189,CP0029,JPM_EMEA_DE,Equity Option,Equity,525781.6020425081,-23218.972013573777,6219.3551800155365,Margined,0.4280386708785905,0.08,Corporate,AAA,77058489.83965607
T0004190,CP0069,JPM_EMEA_FR,Interest Rate Swap,Interest Rate,3771155.984405132,-192535.88181731757,28107.135383036162,Margined,3.375270086748161,0.005,Bank,AA,117082649.47537337
T0004191,CP0029,JPM_EMEA_UK,Commodity Future,Commodity,1286384.323293569,26268.155990053143,37123.17756332694,Margined,5.2962284598488125,0.15,Corporate,AAA,77058489.83965607
T0004192,CP0060,JPM_EMEA_FR,FX Forward,FX,3847942.912540395,52359.89635787306,0.0,Unmargined,4.636981991096994,0.04,Sovereign,BB,117319042.5294034
T0004193,CP0077,JPM_EMEA_DE,Equity Option,Equity,3715701.4730616636,138068.8195639455,0.0,Margined,0.24199355672556666,0.08,Hedge Fund,BBB,97919762.89770965
T0004194,CP0062,JPM_EMEA_DE,FX Forward,FX,3288791.424172242,-31544.657257037223,0.0,Unmargined,3.6875111992373544,0.04,Sovereign,BBB,136148063.1607222
T0004195,CP0053,JPM_EMEA_UK,FX Forward,FX,1722683.6369306669,-86264.7681845429,17115.932386868764,Margined,2.3455094965522476,0.04,Asset Manager,A,53275461.77378836
T0004196,CP0016,JPM_EMEA_FR,Interest Rate Swap,Interest Rate,6165384.566712331,-507696.79654558457,128120.75821844321,Margined,4.510431366445468,0.005,Sovereign,BBB,22964503.233860675
T0004197,CP0075,JPM_EMEA_UK,Commodity Future,Commodity,2912341.061816744,292336.9768390566,50001.78460145423,Margined,2.865860778501032,0.15,Sovereign,AA,39926961.16118422
T0004198,CP0035,JPM_EMEA_CH,Interest Rate Swap,Interest Rate,12060784.414851021,222428.67254311798,0.0,Unmargined,6.864684092832387,0.005,CCP,AAA,34114846.34760766
T0004199,CP0050,JPM_EMEA_FR,Commodity Future,Commodity,3339837.3513143347,15990.17757104339,53446.42273844623,Margined,5.807728656033357,0.15,Sovereign,A,143876921.35906684
T0004200,CP0049,JPM_EMEA_CH,Commodity Future,Commodity,1524470.1975467757,14867.230365749647,24174.020878436873,Margined,4.917577842952149,0.15,Sovereign,AA,61228056.066952996
T0004201,CP0020,JPM_EMEA_FR,Commodity Future,Commodity,739769.8233303153,-37060.14763008981,0.0,Unmargined,3.6338860761734018,0.15,Asset Manager,AA,30754899.989917014
T0004202,CP0049,JPM_EMEA_CH,Interest Rate Swap,Interest Rate,3367548.156837399,-93686.93978312485,47236.28523143259,Margined,4.158234502595021,0.005,Sovereign,AA,61228056.066952996
T0004203,CP0032,JPM_EMEA_UK,Interest Rate Swap,Interest Rate,1124220.3686328419,68596.05336986689,7365.198142247383,Margined,3.1228419913636167,0.005,Hedge Fund,A,136500900.33916968
T0004204,CP0028,JPM_EMEA_UK,FX Forward,FX,1037000.5992490004,23894.72854799463,14090.773266775528,Margined,5.5728673374043565,0.04,Sovereign,A,87687412.32129991
T0004205,CP0069,JPM_EMEA_CH,Equity Option,Equity,6778471.74543778,-181160.88014897032,0.0,Unmargined,6.362227253448927,0.08,Bank,AA,117082649.47537337
T0004206,CP0058,JPM_EMEA_FR,Securities Financing,SFT,676126.0877149707,-29031.864684398755,7936.922216947152,Margined,6.993711038297283,0.03,Bank,AA,149008823.32725883
T0004207,CP0040,JPM_EMEA_FR,FX Forward,FX,16419796.974991461,-296365.73995241185,340609.96588217595,Margined,4.211870574144401,0.04,Corporate,BBB,119924173.94929542
T0004208,CP0002,JPM_EMEA_DE,Securities Financing,SFT,4692712.368758621,-51807.88548979186,0.0,Unmargined,4.7891037366647184,0.03,Sovereign,BBB,104480058.20212659
T0004209,CP0057,JPM_EMEA_DE,Interest Rate Swap,Interest Rate,3828418.256746376,274574.5833031244,55084.99834619706,Margined,2.829044459442197,0.005,Corporate,A,76562617.80039492
T0004210,CP0060,JPM_EMEA_FR,FX Forward,FX,1421238.1389887105,-9365.047126754964,24436.645261637415,Margined,0.10888872086521803,0.04,Sovereign,BB,117319042.5294034
T0004211,CP0014,JPM_EMEA_DE,Interest Rate Swap,Interest Rate,8590583.465213325,-357663.0360725824,178907.94104107906,Margined,4.9374955462185035,0.005,Sovereign,BBB,65093074.58952882
T0004212,CP0061,JPM_EMEA_UK,Commodity Future,Commodity,3988397.12655823,-8180.532452119373,93335.94012944185,Margined,6.541546273716996,0.15,CCP,BBB,135803023.8142082
T0004213,CP0032,JPM_EMEA_DE,Interest Rate Swap,Interest Rate,2014150.9027556484,18634.614765080867,31379.76047715862,Margined,6.024390631297173,0.005,Hedge Fund,A,136500900.33916968
T0004214,CP0059,JPM_EMEA_DE,Interest Rate Swap,Interest Rate,4884754.643733738,-218930.45444855405,46264.04134341924,Margined,6.156414372969646,0.005,Sovereign,AA,135918044.6131388
T0004215,CP0068,JPM_EMEA_CH,Commodity Future,Commodity,743422.2479156482,10464.258197993622,0.0,Margined,2.8447753182608477,0.15,Asset Manager,AA,32280666.847996987
T0004216,CP0057,JPM_EMEA_DE,FX Forward,FX,779554.426632931,32984.55237071637,0.0,Unmargined,5.00918313622614,0.04,Corporate,A,76562617.80039492
T0004217,CP0076,JPM_EMEA_DE,Interest Rate Swap,Interest Rate,1304876.3375921461,6333.210667611069,21036.720603663587,Margined,4.487088356352163,0.005,Asset Manager,BBB,43304880.06050608
T0004218,CP0007,JPM_EMEA_FR,Interest Rate Swap,Interest Rate,5673587.4717510315,-158277.66008962868,75012.06530752101,Margined,3.8094969021583927,0.005,Bank,A,62881957.60326209
T0004219,CP0026,JPM_EMEA_UK,FX Forward,FX,3986987.923054568,-73801.00166084706,25897.831062422316,Margined,1.103757766143813,0.04,Corporate,A,54706836.20194616
T0004220,CP0005,JPM_EMEA_FR,FX Forward,FX,11418942.813290289,-662975.3603945622,0.0,Unmargined,4.0493222985385335,0.04,Asset Manager,BBB,25409842.60204602
T0004221,CP0014,JPM_EMEA_UK,Interest Rate Swap,Interest Rate,1594092.3408363257,-7467.100256591089,0.0,Unmargined,2.1252069108513547,0.005,Sovereign,BBB,65093074.58952882
T0004222,CP0030,JPM_EMEA_CH,Equity Option,Equity,7106161.336472512,77295.8379681364,0.0,Unmargined,4.939944730196472,0.08,Asset Manager,A,22809570.384442955
T0004223,CP0002,JPM_EMEA_DE,Interest Rate Swap,Interest Rate,3569493.8560542073,-112018.35759853646,0.0,Unmargined,6.616724374410383,0.005,Sovereign,BBB,104480058.20212659
T0004224,CP0032,JPM_EMEA_DE,Equity Option,Equity,1557760.4275148995,105755.58477804296,0.0,Unmargined,5.107221728099277,0.08,Hedge Fund,A,136500900.33916968
T0004225,CP0011,JPM_EMEA_DE,FX Forward,FX,5880266.193168197,163058.501642461,0.0,Unmargined,1.853725955574464,0.04,Corporate,AA,42177085.909795195
T0004226,CP0010,JPM_EMEA_DE,Interest Rate Swap,Interest Rate,3744479.053952312,-234955.60179324826,61785.4579568192,Margined,3.283472491755001,0.005,Bank,AA,96393794.38310257
T0004227,CP0067,JPM_EMEA_FR,Interest Rate Swap,Interest Rate,2132244.470565655,-132261.39642688984,13290.051945195242,Margined,3.9758167200515273,0.005,CCP,A,68575504.7535823
T0004228,CP0060,JPM_EMEA_FR,Interest Rate Swap,Interest Rate,4171574.106955243,-143672.48755954092,27171.841394227387,Margined,5.096762174991677,0.005,Sovereign,BB,117319042.5294034
T0004229,CP0037,JPM_EMEA_CH,Interest Rate Swap,Interest Rate,3514031.5748992804,193487.81173829982,67054.47072665754,Margined,1.0775401988333126,0.005,CCP,AA,56560391.89907108
T0004230,CP0046,JPM_EMEA_CH,FX Forward,FX,3430157.891420128,106960.07476310468,13857.05687292476,Margined,3.7028680423698512,0.04,CCP,AA,68219896.90211704
T0004231,CP0024,JPM_EMEA_DE,Securities Financing,SFT,2647726.139822197,150470.0828304719,50485.62198332792,Margined,6.0279485920034555,0.03,CCP,BBB,94324646.8088898
T0004232,CP0039,JPM_EMEA_FR,Commodity Future,Commodity,1084745.9609733617,387.60688271787404,13896.608693321008,Margined,0.24173696140469314,0.15,Hedge Fund,A,114509299.85729474
T0004233,CP0063,JPM_EMEA_DE,FX Forward,FX,4310525.304204668,-31605.31671997803,0.0,Margined,5.106683544587949,0.04,Asset Manager,AA,87451586.85023838
T0004234,CP0042,JPM_EMEA_CH,Equity Option,Equity,1792443.8847063857,-78263.17622909001,41075.297785383074,Margined,6.169033649733687,0.08,Sovereign,A,139081539.86788905
T0004235,CP0064,JPM_EMEA_UK,Equity Option,Equity,1441905.486649531,17647.39094757347,20881.718252551967,Margined,5.58055776030348,0.08,CCP,BB,61070776.73800309
T0004236,CP0039,JPM_EMEA_CH,Commodity Future,Commodity,3144310.1471604006,-21588.474522546516,0.0,Unmargined,6.526281877297893,0.15,Hedge Fund,A,114509299.85729474
T0004237,CP0029,JPM_EMEA_DE,Interest Rate Swap,Interest Rate,8333811.422813456,-68449.9823579039,167159.07686169975,Margined,5.489837891494483,0.005,Corporate,AAA,77058489.83965607
T0004238,CP0072,JPM_EMEA_FR,Interest Rate Swap,Interest Rate,4815827.401526669,272728.8752091936,115549.83555908415,Margined,3.650261012277637,0.005,Hedge Fund,AA,51326174.75073902
T0004239,CP0073,JPM_EMEA_FR,FX Forward,FX,2351732.1759011922,-10399.585683907722,32002.87747123844,Margined,3.3646932951996225,0.04,Asset Manager,A,35958531.21349318
T0004240,CP0019,JPM_EMEA_DE,Interest Rate Swap,Interest Rate,2259058.883333185,105236.79091546436,38264.61387562782,Margined,0.2712857771855737,0.005,CCP,AA,121755579.54253721
T0004241,CP0038,JPM_EMEA_CH,FX Forward,FX,7554229.637675299,-419883.8235215641,0.0,Unmargined,0.17926560121058477,0.04,Sovereign,BBB,105724942.50994723
T0004242,CP0062,JPM_EMEA_DE,Securities Financing,SFT,364058.24575819337,34252.02983640255,3370.1084224667343,Margined,4.494308751965078,0.03,Sovereign,BBB,136148063.1607222
T0004243,CP0021,JPM_EMEA_FR,Securities Financing,SFT,8878737.2944245,-115995.96293930583,0.0,Unmargined,1.9640474755174953,0.03,Corporate,BBB,83265583.00896084
T0004244,CP0060,JPM_EMEA_CH,Interest Rate Swap,Interest Rate,614023.9077985177,15197.976412618837,8424.025154408373,Margined,2.184312771194048,0.005,Sovereign,BB,117319042.5294034
T0004245,CP0072,JPM_EMEA_UK,FX Forward,FX,971306.1691060131,29449.567822607714,0.0,Unmargined,5.659106317772791,0.04,Hedge Fund,AA,51326174.75073902
T0004246,CP0019,JPM_EMEA_CH,FX Forward,FX,2391757.687767802,-41634.48742034771,39862.621050326015,Margined,0.8233361545529878,0.04,CCP,AA,121755579.54253721
T0004247,CP0013,JPM_EMEA_CH,FX Forward,FX,35037485.549130484,1004386.4230661498,121251.2295604152,Margined,2.022650666352317,0.04,Sovereign,BBB,95537948.16105135
T0004248,CP0076,JPM_EMEA_DE,Equity Option,Equity,21406909.01592799,652592.0013780593,444839.25230605423,Margined,4.811018086692178,0.08,Asset Manager,BBB,43304880.06050608
T0004249,CP0080,JPM_EMEA_CH,Interest Rate Swap,Interest Rate,8107439.661920702,-202362.1604360688,77217.21073417789,Margined,0.2624352715125342,0.005,Sovereign,A,60342077.47701232
T0004250,CP0069,JPM_EMEA_UK,Commodity Future,Commodity,5713528.246532304,-140241.4524056939,0.0,Unmargined,3.662535059907393,0.15,Bank,AA,117082649.47537337
T0004251,CP0050,JPM_EMEA_UK,Securities Financing,SFT,621274.2880439145,985.1787576405167,0.0,Unmargined,0.6439534098325935,0.03,Sovereign,A,143876921.35906684
T0004252,CP0007,JPM_EMEA_CH,Equity Option,Equity,4678850.798972016,-18913.263229138734,20759.850480698406,Margined,5.343514633635697,0.08,Bank,A,62881957.60326209
T0004253,CP0074,JPM_EMEA_CH,Equity Option,Equity,2309596.519881939,112614.89473909073,0.0,Unmargined,4.46034799737473,0.08,Bank,A,128044647.3762378
T0004254,CP0016,JPM_EMEA_UK,FX Forward,FX,1767604.124209293,43471.37135808529,37441.72146294129,Margined,4.279436027756113,0.04,Sovereign,BBB,22964503.233860675
T0004255,CP0015,JPM_EMEA_FR,FX Forward,FX,4669712.240728225,-11510.023152514968,0.0,Unmargined,1.5879311369802926,0.04,Sovereign,BBB,96819013.89258417
T0004256,CP0058,JPM_EMEA_UK,Interest Rate Swap,Interest Rate,2497235.579029894,52973.18047527147,39143.86495152456,Margined,5.086655964079062,0.005,Bank,AA,149008823.32725883
T0004257,CP0032,JPM_EMEA_CH,Equity Option,Equity,9540958.070441017,-683446.0919999052,299503.5400539232,Margined,2.1466701246808615,0.08,Hedge Fund,A,136500900.33916968
T0004258,CP0070,JPM_EMEA_CH,Interest Rate Swap,Interest Rate,577145.7720618595,-12429.344442718912,11542.947936100072,Margined,4.017162768346479,0.005,Asset Manager,BBB,54119867.06997241
T0004259,CP0070,JPM_EMEA_DE,Commodity Future,Commodity,4311585.851682589,43433.774554965676,59955.189074044494,Margined,0.6896067457326269,0.15,Asset Manager,BBB,54119867.06997241
T0004260,CP0065,JPM_EMEA_UK,FX Forward,FX,1660630.1480682113,64827.33524952423,0.0,Unmargined,0.7178013057856071,0.04,Asset Manager,BBB,120361616.17442845
T0004261,CP0067,JPM_EMEA_UK,FX Forward,FX,2655567.9055187777,18567.5361766568,34364.769738181356,Margined,1.3982320992865112,0.04,CCP,A,68575504.7535823
T0004262,CP0044,JPM_EMEA_FR,FX Forward,FX,5424473.155945053,276856.2408615835,90341.98880525489,Margined,1.5512351765030417,0.04,Asset Manager,AA,24863632.30290337
T0004263,CP0070,JPM_EMEA_CH,Securities Financing,SFT,1308637.472371212,39753.65176917435,0.0,Unmargined,0.9287053428848592,0.03,Asset Manager,BBB,54119867.06997241
T0004264,CP0074,JPM_EMEA_FR,Interest Rate Swap,Interest Rate,4713951.426809668,-80568.641487399,0.0,Margined,0.8718267138854986,0.005,Bank,A,128044647.3762378
T0004265,CP0023,JPM_EMEA_DE,Interest Rate Swap,Interest Rate,3234764.5910090627,-15853.816131558284,31369.393786462446,Margined,6.159265470199209,0.005,Hedge Fund,A,141917439.14674777
T0004266,CP0035,JPM_EMEA_FR,Interest Rate Swap,Interest Rate,2066192.405716092,29535.722525256395,25429.176806515796,Margined,3.9047021120278838,0.005,CCP,AAA,34114846.34760766
T0004267,CP0050,JPM_EMEA_CH,Equity Option,Equity,2498578.2625078745,-39233.28640542897,36564.465827229695,Margined,4.374130326460041,0.08,Sovereign,A,143876921.35906684
T0004268,CP0069,JPM_EMEA_CH,Securities Financing,SFT,3427196.122679473,183681.1116158518,0.0,Unmargined,2.050361263348495,0.03,Bank,AA,117082649.47537337
T0004269,CP0032,JPM_EMEA_UK,Interest Rate Swap,Interest Rate,1856063.5026279334,-72025.31392943862,32082.790002787784,Margined,0.4356372168292159,0.005,Hedge Fund,A,136500900.33916968
T0004270,CP0021,JPM_EMEA_UK,Securities Financing,SFT,4028478.802936319,44569.9847252128,21580.221780234875,Margined,6.779502450297229,0.03,Corporate,BBB,83265583.00896084
T0004271,CP0026,JPM_EMEA_DE,Interest Rate Swap,Interest Rate,3028652.3131973133,77959.44426404925,51092.98556398839,Margined,0.4254955835752285,0.005,Corporate,A,54706836.20194616
T0004272,CP0064,JPM_EMEA_DE,Equity Option,Equity,2170617.7925313767,-23813.07643188823,42282.3579773302,Margined,5.76725445613209,0.08,CCP,BB,61070776.73800309
T0004273,CP0042,JPM_EMEA_FR,Interest Rate Swap,Interest Rate,19611901.376087,-369840.7780696493,173289.33437337942,Margined,4.672350700387018,0.005,Sovereign,A,139081539.86788905
T0004274,CP0021,JPM_EMEA_CH,FX Forward,FX,6058936.463954489,-16134.01094500403,25989.496180527138,Margined,2.882271050504473,0.04,Corporate,BBB,83265583.00896084
T0004275,CP0058,JPM_EMEA_FR,Equity Option,Equity,2728036.5241153836,77530.65601418649,0.0,Unmargined,5.238851261742514,0.08,Bank,AA,149008823.32725883
T0004276,CP0053,JPM_EMEA_CH,FX Forward,FX,4628138.761613951,-80967.80622958211,87857.33153222917,Margined,5.364890053889722,0.04,Asset Manager,A,53275461.77378836
T0004277,CP0042,JPM_EMEA_DE,Interest Rate Swap,Interest Rate,1432576.0029306514,-53595.87944866406,0.0,Unmargined,6.154127762237886,0.005,Sovereign,A,139081539.86788905
T0004278,CP0050,JPM_EMEA_FR,Commodity Future,Commodity,2584475.935024495,104078.05335704004,61374.64096071327,Margined,3.837230916617315,0.15,Sovereign,A,143876921.35906684
T0004279,CP0019,JPM_EMEA_FR,Securities Financing,SFT,2904371.1947616315,40589.68109574134,0.0,Unmargined,1.535265124435463,0.03,CCP,AA,121755579.54253721
T0004280,CP0015,JPM_EMEA_DE,FX Forward,FX,1149699.3244737862,40555.65524498894,8089.218130550204,Margined,4.029422547130825,0.04,Sovereign,BBB,96819013.89258417
T0004281,CP0065,JPM_EMEA_FR,Equity Option,Equity,5892311.756995579,156597.67506624316,0.0,Unmargined,0.7402398650684201,0.08,Asset Manager,BBB,120361616.17442845
T0004282,CP0055,JPM_EMEA_FR,Commodity Future,Commodity,2412543.6769613647,184067.73585099686,26869.963144501708,Margined,2.6647914720037535,0.15,Asset Manager,A,41399016.28566236
T0004283,CP0079,JPM_EMEA_FR,Interest Rate Swap,Interest Rate,2803385.21890408,109399.36434387745,50948.06087564248,Margined,4.292047471772547,0.005,Corporate,A,45536506.54289452
T0004284,CP0076,JPM_EMEA_DE,Securities Financing,SFT,2264999.4180344576,-57401.39251899899,52362.423523831356,Margined,1.8006155117772495,0.03,Asset Manager,BBB,43304880.06050608
T0004285,CP0030,JPM_EMEA_DE,Interest Rate Swap,Interest Rate,77121719.90782739,1269375.6057660119,0.0,Unmargined,6.0623251045872015,0.005,Asset Manager,A,22809570.384442955
T0004286,CP0038,JPM_EMEA_CH,Commodity Future,Commodity,2062005.825882218,-40234.07467293963,0.0,Unmargined,6.833560325077527,0.15,Sovereign,BBB,105724942.50994723
T0004287,CP0068,JPM_EMEA_FR,Interest Rate Swap,Interest Rate,505411.36721169954,-8033.218387315932,0.0,Unmargined,0.5775749879846727,0.005,Asset Manager,AA,32280666.847996987
T0004288,CP0001,JPM_EMEA_UK,Interest Rate Swap,Interest Rate,807641.013153533,-39927.763912144896,4641.68723251433,Margined,1.4809540997579358,0.005,Bank,A,95932735.95865563
T0004289,CP0070,JPM_EMEA_FR,FX Forward,FX,8547142.220113194,-85590.75197618462,13243.746694895148,Margined,3.3374306453428257,0.04,Asset Manager,BBB,54119867.06997241
T0004290,CP0014,JPM_EMEA_FR,FX Forward,FX,15222080.721838001,290379.45776856615,121016.76409095107,Margined,0.313692910412184,0.04,Sovereign,BBB,65093074.58952882
T0004291,CP0021,JPM_EMEA_CH,Securities Financing,SFT,2022829.2893918727,-4674.272360804337,3743.7322531048194,Margined,0.6958456512794751,0.03,Corporate,BBB,83265583.00896084
T0004292,CP0039,JPM_EMEA_CH,Securities Financing,SFT,14371456.195425084,-552983.3697473047,403494.3413998783,Margined,6.3094488590889934,0.03,Hedge Fund,A,114509299.85729474
T0004293,CP0057,JPM_EMEA_FR,Interest Rate Swap,Interest Rate,8397082.80961551,-447612.1809383622,0.0,Unmargined,0.3664324192849959,0.005,Corporate,A,76562617.80039492
T0004294,CP0029,JPM_EMEA_UK,Interest Rate Swap,Interest Rate,3309556.6245631706,244624.57970392812,37183.1374350912,Margined,1.7700155560287152,0.005,Corporate,AAA,77058489.83965607
T0004295,CP0076,JPM_EMEA_DE,FX Forward,FX,3082830.2190720793,35084.5388436399,79463.07519089946,Margined,2.994247312298485,0.04,Asset Manager,BBB,43304880.06050608
T0004296,CP0063,JPM_EMEA_UK,FX Forward,FX,4793038.667003099,-138242.83879620864,7581.921169982663,Margined,0.19219155694239864,0.04,Asset Manager,AA,87451586.85023838
T0004297,CP0060,JPM_EMEA_UK,FX Forward,FX,9619094.979466196,155467.86355899638,104875.62003971831,Margined,5.683626914183186,0.04,Sovereign,BB,117319042.5294034
T0004298,CP0062,JPM_EMEA_CH,Securities Financing,SFT,5951176.473881196,455988.1439115742,166617.4107025215,Margined,5.818553988288837,0.03,Sovereign,BBB,136148063.1607222
T0004299,CP0003,JPM_EMEA_UK,Commodity Future,Commodity,2032946.1763767467,44147.830356973565,22052.741337406707,Margined,2.792958170413408,0.15,Corporate,BBB,30977761.748185582
T0004300,CP0066,JPM_EMEA_UK,Interest Rate Swap,Interest Rate,3360491.738777726,-327807.1492249129,106105.88077458015,Margined,1.4523984752329375,0.005,Hedge Fund,BBB,106015964.21180893
T0004301,CP0049,JPM_EMEA_DE,FX Forward,FX,29007598.585122276,2692781.441552357,530399.261653864,Margined,6.251888351847604,0.04,Sovereign,AA,61228056.066952996
T0004302,CP0015,JPM_EMEA_DE,Equity Option,Equity,5142339.638117553,-332830.87166863034,115432.19217264434,Margined,4.765964792567532,0.08,Sovereign,BBB,96819013.89258417
T0004303,CP0063,JPM_EMEA_FR,FX Forward,FX,9541205.002349462,-68796.07713206112,0.0,Unmargined,3.6908393719412387,0.04,Asset Manager,AA,87451586.85023838
T0004304,CP0009,JPM_EMEA_DE,Interest Rate Swap,Interest Rate,6863238.043457914,-272258.8228711487,82446.84105059467,Margined,2.7771647639594566,0.005,Hedge Fund,BBB,33442385.803931713
T0004305,CP0050,JPM_EMEA_CH,FX Forward,FX,5257481.475351655,-136169.15847168578,0.0,Unmargined,3.7979740872519945,0.04,Sovereign,A,143876921.35906684
T0004306,CP0046,JPM_EMEA_UK,FX Forward,FX,4459306.502081879,44389.44851243469,0.0,Unmargined,1.784105198394431,0.04,CCP,AA,68219896.90211704
T0004307,CP0003,JPM_EMEA_CH,Interest Rate Swap,Interest Rate,9812773.805307902,-711286.983306055,40276.92233471153,Margined,3.174720532983516,0.005,Corporate,BBB,30977761.748185582
T0004308,CP0030,JPM_EMEA_CH,Commodity Future,Commodity,8206582.666466335,-25921.27501613888,94148.35316444586,Margined,4.816989170584831,0.15,Asset Manager,A,22809570.384442955
T0004309,CP0010,JPM_EMEA_FR,FX Forward,FX,5207957.993614094,209135.88996749514,0.0,Unmargined,2.9089441105209426,0.04,Bank,AA,96393794.38310257
T0004310,CP0076,JPM_EMEA_UK,Equity Option,Equity,1998769.6885959147,-58990.5120345582,50996.369907626875,Margined,4.8104342786411936,0.08,Asset Manager,BBB,43304880.06050608
T0004311,CP0065,JPM_EMEA_FR,FX Forward,FX,5881743.118297538,-286205.4854325329,98496.88005016583,Margined,5.184142682693603,0.04,Asset Manager,BBB,120361616.17442845
T0004312,CP0080,JPM_EMEA_FR,Securities Financing,SFT,3740751.116877446,-18238.70007665369,0.0,Unmargined,5.288297805627421,0.03,Sovereign,A,60342077.47701232
T0004313,CP0040,JPM_EMEA_FR,Interest Rate Swap,Interest Rate,2938909.075617981,-34802.42065195348,0.0,Unmargined,4.005786593102329,0.005,Corporate,BBB,119924173.94929542
T0004314,CP0027,JPM_EMEA_DE,Interest Rate Swap,Interest Rate,58269006.792292655,-1213916.38079879,0.0,Unmargined,1.3314964590889729,0.005,Asset Manager,A,63103969.654531784
T0004315,CP0077,JPM_EMEA_DE,FX Forward,FX,858338.3185173159,-35700.1040477005,0.0,Unmargined,4.918889870889132,0.04,Hedge Fund,BBB,97919762.89770965
T0004316,CP0025,JPM_EMEA_DE,FX Forward,FX,10431261.596942,189551.25642079237,249723.9406522633,Margined,5.74400335913512,0.04,Sovereign,A,81553622.137404
T0004317,CP0034,JPM_EMEA_FR,Interest Rate Swap,Interest Rate,1688133.392198896,35170.94737878242,18777.753259810877,Margined,0.7053074270862085,0.005,Corporate,AA,92024698.66007642
T0004318,CP0011,JPM_EMEA_DE,Commodity Future,Commodity,4560762.61859609,-170105.66268983498,0.0,Unmargined,6.2769635146154465,0.15,Corporate,AA,42177085.909795195
T0004319,CP0066,JPM_EMEA_DE,Interest Rate Swap,Interest Rate,52189528.96413815,-1693752.582975271,523930.91668794316,Margined,6.59203980814605,0.005,Hedge Fund,BBB,106015964.21180893
T0004320,CP0010,JPM_EMEA_CH,Interest Rate Swap,Interest Rate,1527947.5531428,7299.341289262053,3696.4320170359915,Margined,4.694239781547702,0.005,Bank,AA,96393794.38310257
T0004321,CP0003,JPM_EMEA_DE,FX Forward,FX,1939483.511206691,-65504.13168749839,1650.4885495258386,Margined,0.8219009417811182,0.04,Corporate,BBB,30977761.748185582
T0004322,CP0067,JPM_EMEA_FR,Commodity Future,Commodity,3930554.9476602306,24578.42590166769,0.0,Unmargined,4.593151028107159,0.15,CCP,A,68575504.7535823
T0004323,CP0068,JPM_EMEA_CH,Securities Financing,SFT,1714424.4103346698,88089.91814582582,15750.638332596694,Margined,2.5246754400600393,0.03,Asset Manager,AA,32280666.847996987
T0004324,CP0069,JPM_EMEA_CH,Commodity Future,Commodity,9682796.092021432,-20273.778840411753,0.0,Unmargined,2.1603366937527997,0.15,Bank,AA,117082649.47537337
T0004325,CP0069,JPM_EMEA_FR,Equity Option,Equity,2343779.799376966,-99555.73341690717,26382.403922792124,Margined,0.3055098728465254,0.08,Bank,AA,117082649.47537337
T0004326,CP0012,JPM_EMEA_DE,Equity Option,Equity,7692947.509243236,105575.10680804173,76837.42899958175,Margined,5.0875969018928275,0.08,CCP,AAA,140265615.38898364
T0004327,CP0029,JPM_EMEA_UK,Equity Option,Equity,1058767.2178879173,-6583.325130133998,5584.691875919308,Margined,3.988425524320711,0.08,Corporate,AAA,77058489.83965607
T0004328,CP0062,JPM_EMEA_CH,Interest Rate Swap,Interest Rate,656693.9877754218,-3451.2528309950076,0.0,Unmargined,3.1830120294840625,0.005,Sovereign,BBB,136148063.1607222
T0004329,CP0025,JPM_EMEA_FR,Equity Option,Equity,3181361.921048253,52926.09307929434,46759.28793100469,Margined,2.7513844447573597,0.08,Sovereign,A,81553622.137404
T0004330,CP0063,JPM_EMEA_FR,Commodity Future,Commodity,833423.4047642417,20157.436076503287,0.0,Unmargined,2.9123729470074027,0.15,Asset Manager,AA,87451586.85023838
T0004331,CP0073,JPM_EMEA_CH,FX Forward,FX,18257268.484924305,22686.039839481575,357467.9161291148,Margined,3.1990078519083265,0.04,Asset Manager,A,35958531.21349318
T0004332,CP0077,JPM_EMEA_DE,Equity Option,Equity,866312.8912557975,-1839.8849213757899,1947.007746521187,Margined,3.368545860357409,0.08,Hedge Fund,BBB,97919762.89770965
T0004333,CP0063,JPM_EMEA_UK,FX Forward,FX,1417093.118012986,102348.06557094357,28211.85731068245,Margined,0.7288801784561034,0.04,Asset Manager,AA,87451586.85023838
T0004334,CP0064,JPM_EMEA_FR,FX Forward,FX,6049128.708783648,254180.69814323023,0.0,Unmargined,2.6932309857314847,0.04,CCP,BB,61070776.73800309
T0004335,CP0048,JPM_EMEA_CH,Interest Rate Swap,Interest Rate,2225386.0608422183,64923.66692739786,15582.669476661213,Margined,0.49505498933215153,0.005,CCP,A,125072691.36835924
T0004336,CP0007,JPM_EMEA_UK,Equity Option,Equity,876258.965735646,4023.963525237182,0.0,Unmargined,5.442719749934483,0.08,Bank,A,62881957.60326209
T0004337,CP0035,JPM_EMEA_CH,Securities Financing,SFT,30761334.291751858,-1082830.136186174,509970.55043814017,Margined,3.679564150217426,0.03,CCP,AAA,34114846.34760766
T0004338,CP0077,JPM_EMEA_FR,Interest Rate Swap,Interest Rate,1469115.5572138878,57969.13074983697,18182.396427841533,Margined,5.606630546873738,0.005,Hedge Fund,BBB,97919762.89770965
T0004339,CP0073,JPM_EMEA_FR,FX Forward,FX,3287201.3643075377,16601.337058357512,52075.66871760705,Margined,3.0337740098277086,0.04,Asset Manager,A,35958531.21349318
T0004340,CP0020,JPM_EMEA_CH,Interest Rate Swap,Interest Rate,3244956.1631296803,-65551.08520005,16537.568190788865,Margined,1.1140336996455467,0.005,Asset Manager,AA,30754899.989917014
T0004341,CP0060,JPM_EMEA_DE,Interest Rate Swap,Interest Rate,8138480.673014704,-69257.78588230185,227410.7686894935,Margined,2.1320500397259794,0.005,Sovereign,BB,117319042.5294034
T0004342,CP0025,JPM_EMEA_FR,Securities Financing,SFT,6351219.373489847,-214775.31015569528,0.0,Margined,1.6753315441509382,0.03,Sovereign,A,81553622.137404
T0004343,CP0034,JPM_EMEA_UK,FX Forward,FX,1749785.7001658925,64753.47339253624,29086.354861214306,Margined,3.1073323517429903,0.04,Corporate,AA,92024698.66007642
T0004344,CP0052,JPM_EMEA_FR,FX Forward,FX,2887719.654209494,69034.68633196468,43125.5163351607,Margined,5.532930426949282,0.04,Hedge Fund,BBB,86957426.80012289
T0004345,CP0040,JPM_EMEA_UK,Interest Rate Swap,Interest Rate,3187930.396040384,20266.107575485312,54652.43504782919,Margined,0.8605997151078126,0.005,Corporate,BBB,119924173.94929542
T0004346,CP0049,JPM_EMEA_UK,Securities Financing,SFT,8459193.679452265,-12667.600889391839,53572.38814243232,Margined,2.8306962137800102,0.03,Sovereign,AA,61228056.066952996
T0004347,CP0008,JPM_EMEA_DE,Interest Rate Swap,Interest Rate,1243552.8026180023,-29625.66914856119,26554.29956258572,Margined,0.6879486781571268,0.005,Sovereign,AA,38788144.55258609
T0004348,CP0024,JPM_EMEA_DE,Equity Option,Equity,30096380.575866636,-2243761.692927959,335157.9453853437,Margined,2.770619317049312,0.08,CCP,BBB,94324646.8088898
T0004349,CP0065,JPM_EMEA_CH,Interest Rate Swap,Interest Rate,1872193.9410181907,-92584.56112600144,4699.731918842335,Margined,4.098530946617465,0.005,Asset Manager,BBB,120361616.17442845
T0004350,CP0050,JPM_EMEA_CH,Interest Rate Swap,Interest Rate,3965155.071313608,-103064.6376963815,12853.11715016947,Margined,0.5293746995317653,0.005,Sovereign,A,143876921.35906684
T0004351,CP0068,JPM_EMEA_CH,Equity Option,Equity,1253957.96564128,-39190.98077216509,16298.49490309326,Margined,0.5131607584814664,0.08,Asset Manager,AA,32280666.847996987
T0004352,CP0078,JPM_EMEA_FR,Interest Rate Swap,Interest Rate,1092135.9320546656,11060.739741274534,0.0,Margined,5.127045275273535,0.005,Hedge Fund,BBB,133693065.30887038
T0004353,CP0029,JPM_EMEA_UK,Equity Option,Equity,1668401.4493424022,47386.40673342024,44052.55173070885,Margined,2.8821094207394915,0.08,Corporate,AAA,77058489.83965607
T0004354,CP0022,JPM_EMEA_FR,Interest Rate Swap,Interest Rate,1515538.9881634424,-6812.912534882234,30903.916627374823,Margined,2.492106769299832,0.005,Asset Manager,A,83791909.26608771
T0004355,CP0025,JPM_EMEA_DE,Commodity Future,Commodity,2643324.3195461207,130347.85395894054,0.0,Unmargined,4.8199221378357615,0.15,Sovereign,A,81553622.137404
T0004356,CP0046,JPM_EMEA_FR,Commodity Future,Commodity,1502798.9444914681,-41178.825332384804,0.0,Unmargined,0.6391052870858501,0.15,CCP,AA,68219896.90211704
T0004357,CP0021,JPM_EMEA_FR,Equity Option,Equity,8019265.085170242,-38041.78518968659,73654.93121061007,Margined,6.025019000077553,0.08,Corporate,BBB,83265583.00896084
T0004358,CP0032,JPM_EMEA_CH,Interest Rate Swap,Interest Rate,1828160.8578598097,-3262.4467892793605,9223.737524706883,Margined,5.439210774766721,0.005,Hedge Fund,A,136500900.33916968
T0004359,CP0014,JPM_EMEA_DE,Equity Option,Equity,1636367.535119485,62552.638778209206,0.0,Margined,2.75803110175877,0.08,Sovereign,BBB,65093074.58952882
T0004360,CP0031,JPM_EMEA_CH,Securities Financing,SFT,2700199.0621170513,10007.066990501331,23627.084721117208,Margined,3.3075167056715067,0.03,Asset Manager,AA,127417950.14526652
T0004361,CP0076,JPM_EMEA_FR,Interest Rate Swap,Interest Rate,10795541.661883473,50468.20736456908,0.0,Unmargined,2.814123087138862,0.005,Asset Manager,BBB,43304880.06050608
T0004362,CP0034,JPM_EMEA_FR,Interest Rate Swap,Interest Rate,4958833.515395,-287213.20254976803,26664.613495628597,Margined,5.507349981090193,0.005,Corporate,AA,92024698.66007642
T0004363,CP0061,JPM_EMEA_CH,Commodity Future,Commodity,3620473.5464995024,-114033.09522552355,37365.57528792134,Margined,0.2515078745357169,0.15,CCP,BBB,135803023.8142082
T0004364,CP0035,JPM_EMEA_CH,Interest Rate Swap,Interest Rate,954325.5590825555,36606.33432134853,0.0,Unmargined,4.716151125181056,0.005,CCP,AAA,34114846.34760766
T0004365,CP0035,JPM_EMEA_DE,Equity Option,Equity,1275815.907322755,-92671.41355627756,0.0,Unmargined,2.1527068809822616,0.08,CCP,AAA,34114846.34760766
T0004366,CP0053,JPM_EMEA_UK,Commodity Future,Commodity,1113918.9923922345,52359.47577649948,24827.781153275537,Margined,5.467852496736203,0.15,Asset Manager,A,53275461.77378836
T0004367,CP0009,JPM_EMEA_UK,Interest Rate Swap,Interest Rate,14778088.615445876,258443.01335149838,0.0,Margined,6.88816641830975,0.005,Hedge Fund,BBB,33442385.803931713
T0004368,CP0029,JPM_EMEA_DE,Equity Option,Equity,6799557.144493733,-177898.48961280266,0.0,Unmargined,1.9888987236390214,0.08,Corporate,AAA,77058489.83965607
T0004369,CP0012,JPM_EMEA_FR,Equity Option,Equity,1689907.5988367277,-49213.00607422488,0.0,Unmargined,3.148669592657643,0.08,CCP,AAA,140265615.38898364
T0004370,CP0016,JPM_EMEA_CH,FX Forward,FX,2274869.5663670045,150956.7853786,40639.48697882168,Margined,3.855756129498255,0.04,Sovereign,BBB,22964503.233860675
T0004371,CP0057,JPM_EMEA_UK,Securities Financing,SFT,1752431.3821286745,86568.7139867609,0.0,Unmargined,3.879791069522616,0.03,Corporate,A,76562617.80039492
T0004372,CP0014,JPM_EMEA_DE,Interest Rate Swap,Interest Rate,1649435.560329138,-6895.344957794777,42319.01081952007,Margined,1.1381661413122814,0.005,Sovereign,BBB,65093074.58952882
T0004373,CP0017,JPM_EMEA_CH,FX Forward,FX,6338203.649976544,29857.442680510387,6843.7952393992455,Margined,4.103560850388757,0.04,Corporate,A,144612697.7213879
T0004374,CP0046,JPM_EMEA_CH,Commodity Future,Commodity,3000437.586913018,-67858.93951332258,58357.63472623678,Margined,5.081191968678633,0.15,CCP,AA,68219896.90211704
T0004375,CP0028,JPM_EMEA_CH,Interest Rate Swap,Interest Rate,32055286.187616594,151218.8643952409,367164.2973831013,Margined,6.610997963900259,0.005,Sovereign,A,87687412.32129991
T0004376,CP0010,JPM_EMEA_CH,Commodity Future,Commodity,13966396.377646198,-329420.2112220817,235366.60960514715,Margined,5.0913917942675955,0.15,Bank,AA,96393794.38310257
T0004377,CP0077,JPM_EMEA_UK,Interest Rate Swap,Interest Rate,14816993.056162994,-40732.0005329603,0.0,Margined,4.242983288697048,0.005,Hedge Fund,BBB,97919762.89770965
T0004378,CP0074,JPM_EMEA_FR,FX Forward,FX,7827563.887138412,495966.4106905261,77605.38900434368,Margined,1.671092867854424,0.04,Bank,A,128044647.3762378
T0004379,CP0047,JPM_EMEA_FR,Interest Rate Swap,Interest Rate,2621208.0272524883,-8771.850721762446,0.0,Unmargined,0.7305451064536125,0.005,Asset Manager,BBB,127872666.6072137
T0004380,CP0042,JPM_EMEA_DE,Equity Option,Equity,7272391.8897258155,-266756.90403703303,83584.20534367683,Margined,4.458625687817217,0.08,Sovereign,A,139081539.86788905
T0004381,CP0065,JPM_EMEA_CH,Commodity Future,Commodity,2822044.6250920715,-134958.70128622148,62204.58616208639,Margined,4.3950199375568015,0.15,Asset Manager,BBB,120361616.17442845
T0004382,CP0078,JPM_EMEA_CH,Commodity Future,Commodity,20421135.36542395,90856.11256712065,0.0,Unmargined,5.8835439898775395,0.15,Hedge Fund,BBB,133693065.30887038
T0004383,CP0009,JPM_EMEA_DE,Securities Financing,SFT,5992889.865815713,-159598.63011078438,25958.148507196107,Margined,3.1504094436374714,0.03,Hedge Fund,BBB,33442385.803931713
T0004384,CP0008,JPM_EMEA_FR,Equity Option,Equity,5199979.689544388,44881.596539045706,0.0,Unmargined,1.2457016127381457,0.08,Sovereign,AA,38788144.55258609
T0004385,CP0027,JPM_EMEA_DE,Commodity Future,Commodity,4541998.091751919,-257452.29855016663,18434.601941950576,Margined,1.611850960690446,0.15,Asset Manager,A,63103969.654531784
T0004386,CP0025,JPM_EMEA_FR,FX Forward,FX,22795446.212283,550709.5935510969,283395.8032152039,Margined,3.3609723859075076,0.04,Sovereign,A,81553622.137404
T0004387,CP0072,JPM_EMEA_CH,Securities Financing,SFT,953652.4589351522,-35386.00929017244,16449.57605385406,Margined,2.2187660214163323,0.03,Hedge Fund,AA,51326174.75073902
T0004388,CP0041,JPM_EMEA_CH,Equity Option,Equity,25143066.905705985,40741.92806463329,133704.20586143964,Margined,1.3028565903429117,0.08,Bank,BBB,34006322.97426655
T0004389,CP0065,JPM_EMEA_UK,Securities Financing,SFT,3320583.610137308,-39317.74416807607,60751.43687503136,Margined,0.7995663405539291,0.03,Asset Manager,BBB,120361616.17442845
T0004390,CP0054,JPM_EMEA_CH,Interest Rate Swap,Interest Rate,980341.1901487657,58961.261814663936,7800.725852736596,Margined,2.915838899834221,0.005,Asset Manager,A,141685664.10636523
T0004391,CP0058,JPM_EMEA_FR,FX Forward,FX,1885295.6073436593,11315.77248807891,13865.255307117317,Margined,2.395752130830076,0.04,Bank,AA,149008823.32725883
T0004392,CP0077,JPM_EMEA_FR,Equity Option,Equity,767579.7457940083,52265.6702184111,13550.244808012105,Margined,6.758664516985278,0.08,Hedge Fund,BBB,97919762.89770965
T0004393,CP0047,JPM_EMEA_UK,Interest Rate Swap,Interest Rate,7690233.18885104,150928.3935374603,40852.183254246665,Margined,6.002068648890058,0.005,Asset Manager,BBB,127872666.6072137
T0004394,CP0063,JPM_EMEA_DE,Interest Rate Swap,Interest Rate,1416234.247724177,70654.80394307301,6947.076862221642,Margined,1.3252652873032114,0.005,Asset Manager,AA,87451586.85023838
T0004395,CP0022,JPM_EMEA_DE,Securities Financing,SFT,4734906.724669539,-34602.40110917892,96257.09457898443,Margined,5.2858057499219715,0.03,Asset Manager,A,83791909.26608771
T0004396,CP0021,JPM_EMEA_UK,FX Forward,FX,12434954.165052107,150371.0104504261,0.0,Unmargined,3.387374955160298,0.04,Corporate,BBB,83265583.00896084
T0004397,CP0047,JPM_EMEA_CH,Interest Rate Swap,Interest Rate,2042710.1530181288,87126.74712698157,749.7645821564474,Margined,6.486385544517323,0.005,Asset Manager,BBB,127872666.6072137
T0004398,CP0073,JPM_EMEA_UK,FX Forward,FX,3059313.878455023,96899.47855521932,0.0,Unmargined,4.277026168674176,0.04,Asset Manager,A,35958531.21349318
T0004399,CP0005,JPM_EMEA_FR,FX Forward,FX,1086463.3100463764,20191.665012007412,0.0,Unmargined,1.4677543235527004,0.04,Asset Manager,BBB,25409842.60204602
T0004400,CP0041,JPM_EMEA_FR,Equity Option,Equity,2712680.477585805,-31135.384658827243,2104.750562862857,Margined,1.4119795006027724,0.08,Bank,BBB,34006322.97426655
T0004401,CP0017,JPM_EMEA_FR,Securities Financing,SFT,52474009.31737932,-291607.37253881345,0.0,Margined,6.772729301203776,0.03,Corporate,A,144612697.7213879
T0004402,CP0071,JPM_EMEA_CH,Securities Financing,SFT,8707872.706150135,346731.5410017328,167429.00606959622,Margined,6.432021259132466,0.03,Sovereign,A,141785709.5693913
T0004403,CP0042,JPM_EMEA_UK,Equity Option,Equity,3069651.208340563,144601.73318464195,0.0,Unmargined,3.405871387354404,0.08,Sovereign,A,139081539.86788905
T0004404,CP0004,JPM_EMEA_UK,Equity Option,Equity,2169737.7873707516,-45022.483325465204,4446.317433169912,Margined,3.969385620598018,0.08,Asset Manager,A,74054962.28217925
T0004405,CP0001,JPM_EMEA_CH,FX Forward,FX,3833050.515689165,-99780.30020699167,65603.51297822307,Margined,3.8523300494440758,0.04,Bank,A,95932735.95865563
T0004406,CP0052,JPM_EMEA_UK,Securities Financing,SFT,4555544.731319871,-144158.76704469317,0.0,Unmargined,5.356165568900253,0.03,Hedge Fund,BBB,86957426.80012289
T0004407,CP0019,JPM_EMEA_DE,Interest Rate Swap,Interest Rate,2630633.4007339817,76392.33533222543,15002.96530544055,Margined,3.3476771733399175,0.005,CCP,AA,121755579.54253721
T0004408,CP0004,JPM_EMEA_FR,Interest Rate Swap,Interest Rate,6796131.524813443,-221089.2074638015,131172.98595835912,Margined,0.9022795442853798,0.005,Asset Manager,A,74054962.28217925
T0004409,CP0013,JPM_EMEA_FR,Securities Financing,SFT,1541640.1329049442,44115.75782330157,43842.924762941504,Margined,2.3037698745002237,0.03,Sovereign,BBB,95537948.16105135
T0004410,CP0013,JPM_EMEA_UK,Securities Financing,SFT,1534042.9268149282,29298.93438836004,0.0,Unmargined,3.9995184727720727,0.03,Sovereign,BBB,95537948.16105135
T0004411,CP0028,JPM_EMEA_UK,FX Forward,FX,5792070.449026487,-110502.36273147337,124694.33822186675,Margined,2.4899670000319047,0.04,Sovereign,A,87687412.32129991
T0004412,CP0058,JPM_EMEA_CH,Equity Option,Equity,1243155.1298979784,68044.1904958527,18041.951395810967,Margined,5.704161903837569,0.08,Bank,AA,149008823.32725883
T0004413,CP0069,JPM_EMEA_FR,FX Forward,FX,8292169.319467275,-424385.44592061493,70070.93991059928,Margined,6.637939771675484,0.04,Bank,AA,117082649.47537337
T0004414,CP0043,JPM_EMEA_CH,FX Forward,FX,3943283.4875520784,229040.2624188806,45556.405454047024,Margined,1.7318868077089502,0.04,Sovereign,BBB,49927818.8163345
T0004415,CP0076,JPM_EMEA_FR,Interest Rate Swap,Interest Rate,642997.2332715986,7176.495495374687,0.0,Unmargined,6.229565388974689,0.005,Asset Manager,BBB,43304880.06050608
T0004416,CP0064,JPM_EMEA_FR,Interest Rate Swap,Interest Rate,4462876.3812254835,-323876.8410639206,8657.553219589397,Margined,5.024162510885867,0.005,CCP,BB,61070776.73800309
T0004417,CP0014,JPM_EMEA_DE,FX Forward,FX,741668.97294268,41322.67070918642,4335.014161590856,Margined,4.129340721732456,0.04,Sovereign,BBB,65093074.58952882
T0004418,CP0059,JPM_EMEA_UK,FX Forward,FX,8001718.81738511,272277.9881329965,0.0,Unmargined,0.9562147534875203,0.04,Sovereign,AA,135918044.6131388
T0004419,CP0019,JPM_EMEA_FR,FX Forward,FX,3119210.8335713632,-46748.88826873227,43299.30328415581,Margined,2.9061039727715925,0.04,CCP,AA,121755579.54253721
T0004420,CP0078,JPM_EMEA_FR,Interest Rate Swap,Interest Rate,25466874.733299017,-859894.6225674024,322523.4875016384,Margined,6.967699908892577,0.005,Hedge Fund,BBB,133693065.30887038
T0004421,CP0068,JPM_EMEA_DE,Securities Financing,SFT,11676837.812254539,-641260.8259541107,0.0,Unmargined,4.556042275005659,0.03,Asset Manager,AA,32280666.847996987
T0004422,CP0006,JPM_EMEA_CH,Equity Option,Equity,1384863.8823087951,117077.24522034159,0.0,Unmargined,4.162199632540687,0.08,CCP,BBB,84218806.50178745
T0004423,CP0014,JPM_EMEA_FR,Securities Financing,SFT,530229.4175875661,-17136.148167171243,1931.7302619473894,Margined,0.2975397139554636,0.03,Sovereign,BBB,65093074.58952882
T0004424,CP0036,JPM_EMEA_FR,Interest Rate Swap,Interest Rate,1879852.1014927684,-83137.58647948831,12183.926929874004,Margined,2.2801739184886727,0.005,Bank,AA,107391212.09517552
T0004425,CP0060,JPM_EMEA_FR,Equity Option,Equity,1179435.292546014,11059.764478230678,21517.867375133716,Margined,3.442682740636866,0.08,Sovereign,BB,117319042.5294034
T0004426,CP0045,JPM_EMEA_UK,Commodity Future,Commodity,24829499.64272318,-1423382.633671731,482450.2443590589,Margined,4.509570582463035,0.15,Bank,AAA,92130821.02089284
T0004427,CP0007,JPM_EMEA_CH,FX Forward,FX,3958953.4175546872,-136006.6535281092,22305.49725344034,Margined,6.006955771706182,0.04,Bank,A,62881957.60326209
T0004428,CP0051,JPM_EMEA_UK,Interest Rate Swap,Interest Rate,10172755.988174977,354255.2589780938,140957.17423340786,Margined,3.2335760216221665,0.005,Sovereign,AA,57819318.95821542
T0004429,CP0052,JPM_EMEA_UK,Interest Rate Swap,Interest Rate,3007964.032000033,48871.507037151234,17354.57503900427,Margined,1.9574515307116842,0.005,Hedge Fund,BBB,86957426.80012289
T0004430,CP0075,JPM_EMEA_CH,Interest Rate Swap,Interest Rate,3342191.9789037495,-45196.29031156148,34829.93089690361,Margined,2.0049107175852283,0.005,Sovereign,AA,39926961.16118422
T0004431,CP0022,JPM_EMEA_UK,FX Forward,FX,3871597.98800041,2480.6627330838587,0.0,Unmargined,1.007785868674439,0.04,Asset Manager,A,83791909.26608771
T0004432,CP0004,JPM_EMEA_FR,FX Forward,FX,12095502.38412429,-187316.61735286095,0.0,Unmargined,1.061494632499881,0.04,Asset Manager,A,74054962.28217925
T0004433,CP0060,JPM_EMEA_UK,Interest Rate Swap,Interest Rate,5462568.58961693,-11853.355012953081,0.0,Unmargined,2.171964900414017,0.005,Sovereign,BB,117319042.5294034
T0004434,CP0057,JPM_EMEA_FR,Equity Option,Equity,1389522.992862013,-37049.40513017226,19710.79873806152,Margined,5.37776275510639,0.08,Corporate,A,76562617.80039492
T0004435,CP0042,JPM_EMEA_UK,Interest Rate Swap,Interest Rate,20263241.86715876,-411513.5385346957,68327.92114088294,Margined,2.921883456176073,0.005,Sovereign,A,139081539.86788905
T0004436,CP0056,JPM_EMEA_DE,FX Forward,FX,2984639.180946894,-63792.88636930215,45086.595537151064,Margined,6.023989364863858,0.04,Bank,A,25838380.52100277
T0004437,CP0015,JPM_EMEA_FR,Equity Option,Equity,2536472.2488598735,-64439.406754306845,41619.76275125955,Margined,6.646614479181542,0.08,Sovereign,BBB,96819013.89258417
T0004438,CP0011,JPM_EMEA_DE,Interest Rate Swap,Interest Rate,236168.21767045118,8628.850980059284,0.0,Unmargined,0.5741700364665135,0.005,Corporate,AA,42177085.909795195
T0004439,CP0033,JPM_EMEA_UK,Interest Rate Swap,Interest Rate,7543557.986980907,203329.88212015404,47100.75827063851,Margined,4.990218981025656,0.005,Bank,BBB,38232381.569819406
T0004440,CP0072,JPM_EMEA_UK,Interest Rate Swap,Interest Rate,4425162.499257979,-144405.06398392312,85514.87107402194,Margined,0.6425979129815419,0.005,Hedge Fund,AA,51326174.75073902
T0004441,CP0042,JPM_EMEA_UK,Interest Rate Swap,Interest Rate,4420355.035872602,-184787.5615488185,6463.0943930141075,Margined,0.5485107196624631,0.005,Sovereign,A,139081539.86788905
T0004442,CP0052,JPM_EMEA_UK,FX Forward,FX,2673717.1360567696,-14717.963954393452,22869.518584745885,Margined,1.9665962982983873,0.04,Hedge Fund,BBB,86957426.80012289
T0004443,CP0080,JPM_EMEA_DE,Interest Rate Swap,Interest Rate,2250329.2098161476,169753.73232949103,0.0,Unmargined,0.7561377799490385,0.005,Sovereign,A,60342077.47701232
T0004444,CP0025,JPM_EMEA_UK,Interest Rate Swap,Interest Rate,2764096.8201491954,-99423.68399559431,5253.794838647176,Margined,4.657654181989369,0.005,Sovereign,A,81553622.137404
T0004445,CP0039,JPM_EMEA_FR,Securities Financing,SFT,6356355.841548627,-35867.985695338604,61493.369009134956,Margined,5.027030969726334,0.03,Hedge Fund,A,114509299.85729474
T0004446,CP0055,JPM_EMEA_CH,Securities Financing,SFT,7579233.962212765,23535.147047666524,104380.0528904256,Margined,4.492886692178657,0.03,Asset Manager,A,41399016.28566236
T0004447,CP0013,JPM_EMEA_FR,Interest Rate Swap,Interest Rate,3174857.573966633,-12072.320019180577,0.0,Margined,4.048730231010552,0.005,Sovereign,BBB,95537948.16105135
T0004448,CP0033,JPM_EMEA_DE,FX Forward,FX,10331855.148473363,-165695.53168125846,91359.35610243684,Margined,5.479611767876157,0.04,Bank,BBB,38232381.569819406
T0004449,CP0045,JPM_EMEA_DE,FX Forward,FX,3696255.130094962,149431.45955180982,0.0,Margined,5.419419943859833,0.04,Bank,AAA,92130821.02089284
T0004450,CP0025,JPM_EMEA_CH,Commodity Future,Commodity,2415890.4681065236,38427.27893612677,0.0,Unmargined,6.098279368317732,0.15,Sovereign,A,81553622.137404
T0004451,CP0018,JPM_EMEA_CH,Commodity Future,Commodity,4877876.27711619,144400.6803314139,0.0,Unmargined,4.867710830388812,0.15,Bank,A,82699446.80257703
T0004452,CP0036,JPM_EMEA_FR,Interest Rate Swap,Interest Rate,1027273.2303345768,21190.898567585664,13361.367202989048,Margined,2.5233268295960984,0.005,Bank,AA,107391212.09517552
T0004453,CP0071,JPM_EMEA_UK,Interest Rate Swap,Interest Rate,5048103.712024597,157946.03445834364,0.0,Unmargined,3.696529752702001,0.005,Sovereign,A,141785709.5693913
T0004454,CP0034,JPM_EMEA_CH,FX Forward,FX,855655.2370665121,47449.68020180453,14405.952792704968,Margined,3.459670163443733,0.04,Corporate,AA,92024698.66007642
T0004455,CP0067,JPM_EMEA_FR,Securities Financing,SFT,1431277.4986066509,66678.26477620986,28375.418197048835,Margined,0.7996746467168703,0.03,CCP,A,68575504.7535823
T0004456,CP0055,JPM_EMEA_UK,Securities Financing,SFT,531316.6830439372,43232.24949889694,0.0,Margined,5.691614496014592,0.03,Asset Manager,A,41399016.28566236
T0004457,CP0011,JPM_EMEA_DE,Interest Rate Swap,Interest Rate,3357435.399075244,143050.06488332435,0.0,Unmargined,6.394334298013547,0.005,Corporate,AA,42177085.909795195
T0004458,CP0074,JPM_EMEA_FR,Equity Option,Equity,20003916.180861622,-468704.5021821487,0.0,Unmargined,6.891641790630178,0.08,Bank,A,128044647.3762378
T0004459,CP0048,JPM_EMEA_CH,Interest Rate Swap,Interest Rate,3558067.996857673,105517.78507555077,40808.28993995456,Margined,1.7733752383262913,0.005,CCP,A,125072691.36835924
T0004460,CP0046,JPM_EMEA_CH,Equity Option,Equity,7613170.748021711,189303.25130538814,84126.8346173785,Margined,0.7146993531988678,0.08,CCP,AA,68219896.90211704
T0004461,CP0056,JPM_EMEA_UK,Securities Financing,SFT,42039441.3939964,2825484.3794694464,0.0,Unmargined,0.8217408695795041,0.03,Bank,A,25838380.52100277
T0004462,CP0004,JPM_EMEA_FR,FX Forward,FX,5991550.395314909,-202817.26475234007,12271.118826521451,Margined,5.639863964706557,0.04,Asset Manager,A,74054962.28217925
T0004463,CP0021,JPM_EMEA_CH,Interest Rate Swap,Interest Rate,1860941.0795730834,36340.99307147192,30055.67641331598,Margined,4.440604710452795,0.005,Corporate,BBB,83265583.00896084
T0004464,CP0064,JPM_EMEA_CH,Equity Option,Equity,2135553.2751638396,-50906.17018844146,46138.499801142076,Margined,5.305035001807035,0.08,CCP,BB,61070776.73800309
T0004465,CP0051,JPM_EMEA_FR,FX Forward,FX,4002633.699558293,71803.56071751846,71369.74220227581,Margined,6.341115004246338,0.04,Sovereign,AA,57819318.95821542
T0004466,CP0032,JPM_EMEA_CH,Commodity Future,Commodity,2124209.463233652,-15965.84139992054,24203.83628491902,Margined,1.6225713493135427,0.15,Hedge Fund,A,136500900.33916968
T0004467,CP0038,JPM_EMEA_FR,FX Forward,FX,2289211.3310040953,38416.1896795868,62740.37283775107,Margined,2.5803929286488585,0.04,Sovereign,BBB,105724942.50994723
T0004468,CP0050,JPM_EMEA_FR,Securities Financing,SFT,10713967.567920532,-528861.1154916688,0.0,Unmargined,5.556979123764234,0.03,Sovereign,A,143876921.35906684
T0004469,CP0039,JPM_EMEA_FR,Interest Rate Swap,Interest Rate,11161279.957313063,309869.79905699304,98770.50417417362,Margined,1.852773681869708,0.005,Hedge Fund,A,114509299.85729474
T0004470,CP0037,JPM_EMEA_CH,Interest Rate Swap,Interest Rate,770590.5416067699,5557.562969366983,22699.1971323587,Margined,3.5669839554430585,0.005,CCP,AA,56560391.89907108
T0004471,CP0045,JPM_EMEA_DE,FX Forward,FX,1764954.3803423066,9401.47226690847,5701.971264242657,Margined,3.1319821795926974,0.04,Bank,AAA,92130821.02089284
T0004472,CP0023,JPM_EMEA_CH,Interest Rate Swap,Interest Rate,2515043.1845675614,171671.79378586335,566.5844913295659,Margined,4.187370867284775,0.005,Hedge Fund,A,141917439.14674777
T0004473,CP0046,JPM_EMEA_UK,Interest Rate Swap,Interest Rate,7281838.032148596,-97481.37546602261,62850.68659777005,Margined,6.918009943855732,0.005,CCP,AA,68219896.90211704
T0004474,CP0056,JPM_EMEA_DE,Equity Option,Equity,12545599.286544621,150287.37040898926,74406.42602958236,Margined,0.7708192948287268,0.08,Bank,A,25838380.52100277
T0004475,CP0057,JPM_EMEA_CH,Interest Rate Swap,Interest Rate,59636171.562738866,209291.62137172694,541529.0637912025,Margined,3.4182645653793733,0.005,Corporate,A,76562617.80039492
T0004476,CP0050,JPM_EMEA_UK,Interest Rate Swap,Interest Rate,2510849.306007753,17403.627081848063,0.0,Unmargined,6.7149583446850185,0.005,Sovereign,A,143876921.35906684
T0004477,CP0037,JPM_EMEA_CH,Interest Rate Swap,Interest Rate,2639437.0262307897,205250.9021828403,30955.748799338686,Margined,2.467744299514692,0.005,CCP,AA,56560391.89907108
T0004478,CP0053,JPM_EMEA_FR,Interest Rate Swap,Interest Rate,7205642.334971378,16091.988022877857,85989.43969962018,Margined,5.197151310882742,0.005,Asset Manager,A,53275461.77378836
T0004479,CP0058,JPM_EMEA_UK,Securities Financing,SFT,2021980.8346988012,-40146.01088669663,0.0,Unmargined,6.50842945204071,0.03,Bank,AA,149008823.32725883
T0004480,CP0025,JPM_EMEA_UK,Securities Financing,SFT,3474089.740868618,227488.94727389634,0.0,Margined,1.7222215920228903,0.03,Sovereign,A,81553622.137404
T0004481,CP0039,JPM_EMEA_UK,Interest Rate Swap,Interest Rate,2641260.4656786104,-28444.01601605867,0.0,Margined,0.615592764573826,0.005,Hedge Fund,A,114509299.85729474
T0004482,CP0055,JPM_EMEA_DE,Commodity Future,Commodity,290730.2083904774,-16333.582203467518,0.0,Unmargined,0.5760665495666834,0.15,Asset Manager,A,41399016.28566236
T0004483,CP0054,JPM_EMEA_DE,Commodity Future,Commodity,4524592.832210896,-117320.56433637867,23783.83708539399,Margined,0.5573056882050649,0.15,Asset Manager,A,141685664.10636523
T0004484,CP0040,JPM_EMEA_CH,Securities Financing,SFT,3333201.9942247733,-145429.47723917587,33817.66781556297,Margined,2.4861199267791387,0.03,Corporate,BBB,119924173.94929542
T0004485,CP0022,JPM_EMEA_CH,FX Forward,FX,14260955.400534384,-898422.9533164364,331325.1623921373,Margined,0.9271916818787959,0.04,Asset Manager,A,83791909.26608771
T0004486,CP0073,JPM_EMEA_UK,Interest Rate Swap,Interest Rate,4022022.029784199,-51101.90206487955,0.0,Unmargined,2.8649295397035504,0.005,Asset Manager,A,35958531.21349318
T0004487,CP0044,JPM_EMEA_FR,FX Forward,FX,1140591.3805929823,-2803.070366981258,1622.6671844852044,Margined,5.291186665322262,0.04,Asset Manager,AA,24863632.30290337
T0004488,CP0044,JPM_EMEA_CH,Securities Financing,SFT,3090075.3883625316,127677.2089535168,0.0,Unmargined,2.1226720723678003,0.03,Asset Manager,AA,24863632.30290337
T0004489,CP0038,JPM_EMEA_FR,Equity Option,Equity,494213.09815923334,10887.048223926318,12693.669334867667,Margined,3.3819563643424733,0.08,Sovereign,BBB,105724942.50994723
T0004490,CP0061,JPM_EMEA_UK,FX Forward,FX,1191694.8361434499,24351.331555611057,28910.459251390806,Margined,0.9352131385267016,0.04,CCP,BBB,135803023.8142082
T0004491,CP0025,JPM_EMEA_UK,Interest Rate Swap,Interest Rate,7551908.624597812,-236090.41196404007,0.0,Unmargined,4.903113497991862,0.005,Sovereign,A,81553622.137404
T0004492,CP0075,JPM_EMEA_FR,Equity Option,Equity,3123499.2291663317,96743.09265629963,0.0,Unmargined,2.2578397643915338,0.08,Sovereign,AA,39926961.16118422
T0004493,CP0005,JPM_EMEA_CH,Securities Financing,SFT,10062368.764455609,489968.4242972264,145445.90033964993,Margined,0.9898190690298123,0.03,Asset Manager,BBB,25409842.60204602
T0004494,CP0002,JPM_EMEA_UK,FX Forward,FX,559563.7091205226,7727.564305459633,8432.388285282685,Margined,6.684960370096536,0.04,Sovereign,BBB,104480058.20212659
T0004495,CP0041,JPM_EMEA_UK,Equity Option,Equity,3138776.1531359204,46416.578852478386,0.0,Unmargined,5.3988760407872824,0.08,Bank,BBB,34006322.97426655
T0004496,CP0069,JPM_EMEA_UK,FX Forward,FX,2486265.6921309144,-110052.6376546172,18497.596851995957,Margined,4.583677536850643,0.04,Bank,AA,117082649.47537337
T0004497,CP0001,JPM_EMEA_DE,FX Forward,FX,10403506.821999548,383944.05412239203,94661.00555385296,Margined,5.074847523554654,0.04,Bank,A,95932735.95865563
T0004498,CP0055,JPM_EMEA_CH,FX Forward,FX,7838575.56162346,488571.1186619814,53947.277636419094,Margined,3.007171625382841,0.04,Asset Manager,A,41399016.28566236
T0004499,CP0032,JPM_EMEA_CH,Commodity Future,Commodity,7603027.408574645,85939.55795663141,0.0,Unmargined,2.1234011385049945,0.15,Hedge Fund,A,136500900.33916968
T0004500,CP0002,JPM_EMEA_DE,Securities Financing,SFT,18684688.640734605,-388688.3240677808,428400.7228308565,Margined,3.52490729642985,0.03,Sovereign,BBB,104480058.20212659
T0004501,CP0030,JPM_EMEA_FR,FX Forward,FX,2768227.5779225556,-15695.351973949872,52758.29397333236,Margined,5.785543216640732,0.04,Asset Manager,A,22809570.384442955
T0004502,CP0052,JPM_EMEA_UK,FX Forward,FX,15201212.530599626,-223681.66244105512,147764.36626372207,Margined,6.7483591776365515,0.04,Hedge Fund,BBB,86957426.80012289
T0004503,CP0051,JPM_EMEA_FR,FX Forward,FX,1407884.4818651108,-17761.501561231406,20861.224783985235,Margined,4.256705064604378,0.04,Sovereign,AA,57819318.95821542
T0004504,CP0068,JPM_EMEA_FR,Interest Rate Swap,Interest Rate,1357190.3061335373,30780.27164045007,20517.469839439585,Margined,2.665699434759885,0.005,Asset Manager,AA,32280666.847996987
T0004505,CP0079,JPM_EMEA_CH,Interest Rate Swap,Interest Rate,8491290.00317841,83055.37861857288,261048.30992055955,Margined,5.0415316404757995,0.005,Corporate,A,45536506.54289452
T0004506,CP0005,JPM_EMEA_CH,Interest Rate Swap,Interest Rate,888299.447404349,31212.871630967762,16860.411585490285,Margined,4.894621146101843,0.005,Asset Manager,BBB,25409842.60204602
T0004507,CP0069,JPM_EMEA_UK,FX Forward,FX,7092656.759018192,92073.95544054036,132477.75613617775,Margined,1.7698766911447694,0.04,Bank,AA,117082649.47537337
T0004508,CP0001,JPM_EMEA_DE,Interest Rate Swap,Interest Rate,4426492.699699384,-133870.76880493603,54462.89381302138,Margined,3.0768224829341375,0.005,Bank,A,95932735.95865563
T0004509,CP0079,JPM_EMEA_UK,FX Forward,FX,11683143.655515598,-204737.98946311444,0.0,Unmargined,0.9813946421401657,0.04,Corporate,A,45536506.54289452
T0004510,CP0062,JPM_EMEA_UK,Commodity Future,Commodity,3769153.333124649,-74250.20069312313,86923.015658017,Margined,2.8458344490960386,0.15,Sovereign,BBB,136148063.1607222
T0004511,CP0077,JPM_EMEA_UK,Interest Rate Swap,Interest Rate,4230597.801969095,-27610.796369626085,72843.18151851896,Margined,5.351104193762332,0.005,Hedge Fund,BBB,97919762.89770965
T0004512,CP0006,JPM_EMEA_CH,Equity Option,Equity,6656270.575399799,418113.4977400528,35702.00130614198,Margined,2.2316240680975974,0.08,CCP,BBB,84218806.50178745
T0004513,CP0006,JPM_EMEA_DE,Securities Financing,SFT,2061934.8943373833,141080.64890304513,32229.965018176492,Margined,4.449577329502783,0.03,CCP,BBB,84218806.50178745
T0004514,CP0079,JPM_EMEA_FR,Equity Option,Equity,1974051.5469816902,57802.28628819126,0.0,Unmargined,2.327165238953842,0.08,Corporate,A,45536506.54289452
T0004515,CP0023,JPM_EMEA_FR,Interest Rate Swap,Interest Rate,6428387.961357159,26721.09166336042,0.0,Margined,1.0723705241434183,0.005,Hedge Fund,A,141917439.14674777
T0004516,CP0031,JPM_EMEA_CH,FX Forward,FX,3884547.6886712858,-185129.10437174735,0.0,Unmargined,5.202643508890227,0.04,Asset Manager,AA,127417950.14526652
T0004517,CP0024,JPM_EMEA_FR,Equity Option,Equity,2661741.0634636194,20496.17995826875,39665.581032368675,Margined,4.145720093742969,0.08,CCP,BBB,94324646.8088898
T0004518,CP0013,JPM_EMEA_CH,FX Forward,FX,3682199.491050968,-101813.75627034743,0.0,Unmargined,5.786930755992018,0.04,Sovereign,BBB,95537948.16105135
T0004519,CP0006,JPM_EMEA_DE,Interest Rate Swap,Interest Rate,19704634.639410455,1124509.3385186521,0.0,Margined,4.7687310455614815,0.005,CCP,BBB,84218806.50178745
T0004520,CP0011,JPM_EMEA_CH,FX Forward,FX,2568381.5523849055,-144378.22786934144,25263.387071382575,Margined,5.729485479617422,0.04,Corporate,AA,42177085.909795195
T0004521,CP0068,JPM_EMEA_CH,FX Forward,FX,2494965.11673667,33574.6249856639,39750.667639032465,Margined,1.1268891534598235,0.04,Asset Manager,AA,32280666.847996987
T0004522,CP0003,JPM_EMEA_FR,Interest Rate Swap,Interest Rate,725314.5446376227,-22193.448763666456,11824.27329152761,Margined,4.321356528741529,0.005,Corporate,BBB,30977761.748185582
T0004523,CP0072,JPM_EMEA_DE,Equity Option,Equity,3834125.674212645,-1276.884593497668,94546.45810524722,Margined,2.6032812004615637,0.08,Hedge Fund,AA,51326174.75073902
T0004524,CP0018,JPM_EMEA_UK,Interest Rate Swap,Interest Rate,7715087.847696042,179857.11102820045,97658.43914643653,Margined,5.238219962550796,0.005,Bank,A,82699446.80257703
T0004525,CP0049,JPM_EMEA_UK,FX Forward,FX,9230308.548236856,330158.0213433532,0.0,Unmargined,4.081598013095267,0.04,Sovereign,AA,61228056.066952996
T0004526,CP0021,JPM_EMEA_DE,Commodity Future,Commodity,4457160.761478435,-9467.709376947014,0.0,Unmargined,0.42655168351724254,0.15,Corporate,BBB,83265583.00896084
T0004527,CP0072,JPM_EMEA_DE,Interest Rate Swap,Interest Rate,10403350.67139951,277172.0947944,92828.88028403417,Margined,3.7581445345900244,0.005,Hedge Fund,AA,51326174.75073902
T0004528,CP0004,JPM_EMEA_UK,Equity Option,Equity,8310541.448481969,-192691.9824513535,146766.11050276418,Margined,5.222824771291143,0.08,Asset Manager,A,74054962.28217925
T0004529,CP0058,JPM_EMEA_CH,FX Forward,FX,12173294.66788729,104615.38885425254,219384.40950352835,Margined,1.8763793141913938,0.04,Bank,AA,149008823.32725883
T0004530,CP0075,JPM_EMEA_UK,FX Forward,FX,10703780.711663028,375459.29371109925,0.0,Unmargined,4.598959222531674,0.04,Sovereign,AA,39926961.16118422
T0004531,CP0036,JPM_EMEA_DE,Securities Financing,SFT,19226173.56510412,223475.07726599678,314865.4964295449,Margined,5.894434100652651,0.03,Bank,AA,107391212.09517552
T0004532,CP0037,JPM_EMEA_DE,FX Forward,FX,3375694.8835488376,-62541.59826201695,74977.7902010977,Margined,0.5029144290163194,0.04,CCP,AA,56560391.89907108
T0004533,CP0012,JPM_EMEA_CH,Interest Rate Swap,Interest Rate,1061025.9514506275,-10362.49177386593,13371.234449117903,Margined,4.067255478430045,0.005,CCP,AAA,140265615.38898364
T0004534,CP0071,JPM_EMEA_UK,Securities Financing,SFT,7768002.903805458,276136.67350990034,178186.72846223932,Margined,6.218826240369335,0.03,Sovereign,A,141785709.5693913
T0004535,CP0077,JPM_EMEA_CH,Commodity Future,Commodity,8730717.46604127,-333640.5403526231,54015.42358037937,Margined,0.9286182323679549,0.15,Hedge Fund,BBB,97919762.89770965
T0004536,CP0040,JPM_EMEA_FR,Equity Option,Equity,19226504.20571978,-635455.7613431695,219445.00585984267,Margined,1.921271341008424,0.08,Corporate,BBB,119924173.94929542
T0004537,CP0056,JPM_EMEA_CH,Interest Rate Swap,Interest Rate,14405134.669417959,303308.84852436656,0.0,Unmargined,4.400172074200676,0.005,Bank,A,25838380.52100277
T0004538,CP0061,JPM_EMEA_CH,Interest Rate Swap,Interest Rate,27987747.272322368,-430172.39791032625,0.0,Unmargined,4.117028036485035,0.005,CCP,BBB,135803023.8142082
T0004539,CP0029,JPM_EMEA_CH,Equity Option,Equity,7434626.486390016,-378103.07334966265,28877.014343404182,Margined,5.56410304920044,0.08,Corporate,AAA,77058489.83965607
T0004540,CP0001,JPM_EMEA_DE,Interest Rate Swap,Interest Rate,5028415.643376634,237736.72008515507,47397.22331635741,Margined,4.421917481891139,0.005,Bank,A,95932735.95865563
T0004541,CP0011,JPM_EMEA_FR,Interest Rate Swap,Interest Rate,1001312.0998449131,-38536.50756364855,0.0,Unmargined,4.052122856349276,0.005,Corporate,AA,42177085.909795195
T0004542,CP0072,JPM_EMEA_DE,Commodity Future,Commodity,5443329.399545022,-37994.71391290553,91203.03136229159,Margined,3.1903671391080706,0.15,Hedge Fund,AA,51326174.75073902
T0004543,CP0064,JPM_EMEA_CH,Interest Rate Swap,Interest Rate,2302029.2216557935,-49915.41188153473,50585.53184384029,Margined,0.5938325086368172,0.005,CCP,BB,61070776.73800309
T0004544,CP0008,JPM_EMEA_UK,Interest Rate Swap,Interest Rate,4942169.35034608,-51492.07694193744,95313.01559640742,Margined,4.158063760566056,0.005,Sovereign,AA,38788144.55258609
T0004545,CP0065,JPM_EMEA_FR,Interest Rate Swap,Interest Rate,4224105.605652194,-130785.41034769102,78150.26612674995,Margined,1.1385495258007952,0.005,Asset Manager,BBB,120361616.17442845
T0004546,CP0071,JPM_EMEA_UK,FX Forward,FX,6411081.323825802,160275.5798270581,119984.68950094187,Margined,6.9711539624291925,0.04,Sovereign,A,141785709.5693913
T0004547,CP0044,JPM_EMEA_DE,Equity Option,Equity,3629023.6733159833,14076.3417644532,63861.927819545155,Margined,0.5955755702941832,0.08,Asset Manager,AA,24863632.30290337
T0004548,CP0037,JPM_EMEA_CH,Securities Financing,SFT,10189059.553455895,350787.67715511704,172349.62333824713,Margined,0.5762283110129733,0.03,CCP,AA,56560391.89907108
T0004549,CP0080,JPM_EMEA_UK,Interest Rate Swap,Interest Rate,262669.1688510224,-5600.339773564479,4578.66709530895,Margined,5.5219395528496715,0.005,Sovereign,A,60342077.47701232
T0004550,CP0070,JPM_EMEA_CH,Interest Rate Swap,Interest Rate,4836967.313777669,361107.4803287184,32671.50352060415,Margined,0.7530985326067583,0.005,Asset Manager,BBB,54119867.06997241
T0004551,CP0031,JPM_EMEA_CH,FX Forward,FX,13313574.319533868,-887518.910544584,138440.56952572736,Margined,2.865280137190036,0.04,Asset Manager,AA,127417950.14526652
T0004552,CP0039,JPM_EMEA_DE,FX Forward,FX,25954444.576649334,-1439945.3639963467,0.0,Unmargined,6.49611824356702,0.04,Hedge Fund,A,114509299.85729474
T0004553,CP0076,JPM_EMEA_DE,FX Forward,FX,8316618.147171395,510290.80403173785,0.0,Unmargined,5.525783151276961,0.04,Asset Manager,BBB,43304880.06050608
T0004554,CP0074,JPM_EMEA_UK,Securities Financing,SFT,21567280.69703441,357832.63963672443,0.0,Unmargined,1.6682532579670577,0.03,Bank,A,128044647.3762378
T0004555,CP0051,JPM_EMEA_CH,FX Forward,FX,4736177.410553068,56590.276919658194,0.0,Unmargined,1.7946575689933997,0.04,Sovereign,AA,57819318.95821542
T0004556,CP0052,JPM_EMEA_FR,FX Forward,FX,4011466.708039273,60551.62880569627,55517.93272895829,Margined,4.166278271480863,0.04,Hedge Fund,BBB,86957426.80012289
T0004557,CP0059,JPM_EMEA_CH,Securities Financing,SFT,6791759.264126172,135782.5794073187,130715.6065237892,Margined,3.4307520162057177,0.03,Sovereign,AA,135918044.6131388
T0004558,CP0024,JPM_EMEA_DE,Interest Rate Swap,Interest Rate,3987243.2536109965,41833.63873327159,48144.906757515055,Margined,0.8613872100264648,0.005,CCP,BBB,94324646.8088898
T0004559,CP0074,JPM_EMEA_DE,Securities Financing,SFT,1829306.4265020944,-61842.735287096555,62413.32831821205,Margined,1.1525990143921199,0.03,Bank,A,128044647.3762378
T0004560,CP0024,JPM_EMEA_FR,FX Forward,FX,2389428.263392947,68425.29657011942,0.0,Unmargined,5.630129506198649,0.04,CCP,BBB,94324646.8088898
T0004561,CP0067,JPM_EMEA_DE,FX Forward,FX,1315400.8591651274,30416.98404811746,20467.02851759746,Margined,2.4462957984654996,0.04,CCP,A,68575504.7535823
T0004562,CP0066,JPM_EMEA_DE,Securities Financing,SFT,6784709.355133252,339202.15575573064,0.0,Unmargined,5.60313515054716,0.03,Hedge Fund,BBB,106015964.21180893
T0004563,CP0024,JPM_EMEA_UK,FX Forward,FX,4045827.7851686957,249823.54490319372,83042.30227666663,Margined,1.3692996999186773,0.04,CCP,BBB,94324646.8088898
T0004564,CP0065,JPM_EMEA_CH,FX Forward,FX,2789906.950946239,32269.91291013701,48099.48813935124,Margined,4.216056073428495,0.04,Asset Manager,BBB,120361616.17442845
T0004565,CP0070,JPM_EMEA_DE,Interest Rate Swap,Interest Rate,2269615.886733809,-97512.26632568696,0.0,Unmargined,3.5605056598501954,0.005,Asset Manager,BBB,54119867.06997241
T0004566,CP0040,JPM_EMEA_CH,Equity Option,Equity,6628315.551712765,411209.4458729116,82477.15634900532,Margined,2.318379063757315,0.08,Corporate,BBB,119924173.94929542
T0004567,CP0044,JPM_EMEA_FR,Equity Option,Equity,8729800.712773556,-311088.61099046585,0.0,Unmargined,4.279610419049923,0.08,Asset Manager,AA,24863632.30290337
T0004568,CP0041,JPM_EMEA_FR,Interest Rate Swap,Interest Rate,1291469.0444862028,15276.460299541688,0.0,Unmargined,0.9155171566967735,0.005,Bank,BBB,34006322.97426655
T0004569,CP0004,JPM_EMEA_DE,Equity Option,Equity,1103635.4570119234,-9916.923247558107,0.0,Unmargined,6.002455399953926,0.08,Asset Manager,A,74054962.28217925
T0004570,CP0044,JPM_EMEA_DE,Equity Option,Equity,10389589.723933943,-156590.72496008826,0.0,Unmargined,5.21651424996268,0.08,Asset Manager,AA,24863632.30290337
T0004571,CP0054,JPM_EMEA_DE,FX Forward,FX,1011223.6403332453,27050.74229207851,0.0,Margined,2.044464615428444,0.04,Asset Manager,A,141685664.10636523
T0004572,CP0045,JPM_EMEA_UK,Interest Rate Swap,Interest Rate,6915610.136160097,59170.554890271254,167180.1156211655,Margined,4.082054816659548,0.005,Bank,AAA,92130821.02089284
T0004573,CP0040,JPM_EMEA_FR,FX Forward,FX,20149985.32035174,361963.2980196896,0.0,Unmargined,6.320073884954646,0.04,Corporate,BBB,119924173.94929542
T0004574,CP0041,JPM_EMEA_UK,Interest Rate Swap,Interest Rate,20196900.751918703,-576601.7266495622,460291.0591710611,Margined,2.9850182956594904,0.005,Bank,BBB,34006322.97426655
T0004575,CP0043,JPM_EMEA_DE,Interest Rate Swap,Interest Rate,8365925.365004628,-50970.43588840608,93072.09059612913,Margined,2.575224189212982,0.005,Sovereign,BBB,49927818.8163345
T0004576,CP0075,JPM_EMEA_FR,FX Forward,FX,8126285.055949942,-218871.1212348578,0.0,Margined,5.602682477452814,0.04,Sovereign,AA,39926961.16118422
T0004577,CP0033,JPM_EMEA_UK,Interest Rate Swap,Interest Rate,38023401.9634073,-264928.26532063336,1258534.3126756665,Margined,0.05824284503863637,0.005,Bank,BBB,38232381.569819406
T0004578,CP0018,JPM_EMEA_UK,Interest Rate Swap,Interest Rate,387476.025502434,-1610.6130205007519,5056.0616600532085,Margined,4.8202939908512255,0.005,Bank,A,82699446.80257703
T0004579,CP0006,JPM_EMEA_UK,Equity Option,Equity,2514210.116006282,162293.88732424355,0.0,Unmargined,1.549852125451663,0.08,CCP,BBB,84218806.50178745
T0004580,CP0070,JPM_EMEA_CH,FX Forward,FX,9344483.883258268,-84834.8127534408,197786.26450240938,Margined,4.8750166102429,0.04,Asset Manager,BBB,54119867.06997241
T0004581,CP0015,JPM_EMEA_CH,Securities Financing,SFT,2854815.887471994,-212386.71535388788,80753.77233863797,Margined,3.093411981263594,0.03,Sovereign,BBB,96819013.89258417
T0004582,CP0034,JPM_EMEA_UK,Securities Financing,SFT,13819389.879641987,674775.9855208771,143452.10208094824,Margined,0.19105181410368077,0.03,Corporate,AA,92024698.66007642
T0004583,CP0061,JPM_EMEA_DE,Equity Option,Equity,3845641.0066670235,60469.159498441186,43094.48660566721,Margined,6.126105963253348,0.08,CCP,BBB,135803023.8142082
T0004584,CP0015,JPM_EMEA_UK,Securities Financing,SFT,4563264.294388095,-20924.23333664125,63449.31459884016,Margined,3.848451313941632,0.03,Sovereign,BBB,96819013.89258417
T0004585,CP0019,JPM_EMEA_UK,Securities Financing,SFT,3039277.1175865293,-46508.6530985344,9458.944460742721,Margined,2.2295286386698505,0.03,CCP,AA,121755579.54253721
T0004586,CP0051,JPM_EMEA_CH,FX Forward,FX,2372118.4159860113,-78617.69255557611,15358.661180039684,Margined,4.9384884835449165,0.04,Sovereign,AA,57819318.95821542
T0004587,CP0051,JPM_EMEA_DE,Commodity Future,Commodity,2314478.513399757,156994.97375246903,60767.57516515015,Margined,3.496786486362489,0.15,Sovereign,AA,57819318.95821542
T0004588,CP0020,JPM_EMEA_CH,Interest Rate Swap,Interest Rate,5245972.597653441,9519.190283363105,57403.260368207484,Margined,0.29289273520217457,0.005,Asset Manager,AA,30754899.989917014
T0004589,CP0044,JPM_EMEA_FR,Equity Option,Equity,1843616.985962973,-112131.16339246593,9770.329660362924,Margined,4.56928198679305,0.08,Asset Manager,AA,24863632.30290337
T0004590,CP0057,JPM_EMEA_DE,FX Forward,FX,10376039.403941667,119022.52248658877,0.0,Unmargined,6.7882447236447385,0.04,Corporate,A,76562617.80039492
T0004591,CP0018,JPM_EMEA_CH,Interest Rate Swap,Interest Rate,7686920.788607535,324511.1215850613,0.0,Unmargined,1.5927570411141445,0.005,Bank,A,82699446.80257703
T0004592,CP0036,JPM_EMEA_UK,Interest Rate Swap,Interest Rate,12009653.708626542,65755.41682322694,0.0,Unmargined,6.047336357187158,0.005,Bank,AA,107391212.09517552
T0004593,CP0023,JPM_EMEA_DE,Securities Financing,SFT,1293523.6486078668,-40818.13672002911,0.0,Unmargined,4.365914648753305,0.03,Hedge Fund,A,141917439.14674777
T0004594,CP0076,JPM_EMEA_DE,FX Forward,FX,731116.7014510897,-25360.68370119694,23174.754394424966,Margined,0.5913937826976119,0.04,Asset Manager,BBB,43304880.06050608
T0004595,CP0031,JPM_EMEA_FR,Interest Rate Swap,Interest Rate,3983291.969733322,-127888.21914639443,0.0,Unmargined,5.123326103296165,0.005,Asset Manager,AA,127417950.14526652
T0004596,CP0069,JPM_EMEA_UK,Interest Rate Swap,Interest Rate,72609442.45080815,3867035.856823742,1204272.784021671,Margined,3.1183565729455576,0.005,Bank,AA,117082649.47537337
T0004597,CP0071,JPM_EMEA_FR,FX Forward,FX,14189512.554095598,-35590.730401111316,0.0,Unmargined,5.566451129699628,0.04,Sovereign,A,141785709.5693913
T0004598,CP0014,JPM_EMEA_CH,Commodity Future,Commodity,2297560.8325525136,-134994.00123353428,51590.83308581446,Margined,4.468431651577639,0.15,Sovereign,BBB,65093074.58952882
T0004599,CP0076,JPM_EMEA_CH,Commodity Future,Commodity,6115377.468659736,82219.3384269966,67227.46957173348,Margined,0.06935341915446327,0.15,Asset Manager,BBB,43304880.06050608
T0004600,CP0004,JPM_EMEA_CH,FX Forward,FX,8280317.1314508915,40874.02591123077,160624.49336186747,Margined,0.9277655849160855,0.04,Asset Manager,A,74054962.28217925
T0004601,CP0031,JPM_EMEA_FR,Interest Rate Swap,Interest Rate,1018067.3961302186,-15995.204368660012,26783.99320715919,Margined,2.4994553590963235,0.005,Asset Manager,AA,127417950.14526652
T0004602,CP0013,JPM_EMEA_CH,Interest Rate Swap,Interest Rate,15735514.53721842,-561981.8870508983,29738.58126048086,Margined,3.3988875068613877,0.005,Sovereign,BBB,95537948.16105135
T0004603,CP0004,JPM_EMEA_FR,FX Forward,FX,3383363.165936366,-125983.99857116882,56208.51269904534,Margined,6.5282846464392845,0.04,Asset Manager,A,74054962.28217925
T0004604,CP0045,JPM_EMEA_CH,Commodity Future,Commodity,3653236.607719331,138940.56518465758,0.0,Unmargined,5.762706844949244,0.15,Bank,AAA,92130821.02089284
T0004605,CP0049,JPM_EMEA_UK,Equity Option,Equity,4096279.0815237435,35485.86067749184,52536.07315233318,Margined,5.62122743494114,0.08,Sovereign,AA,61228056.066952996
T0004606,CP0047,JPM_EMEA_UK,FX Forward,FX,12563986.41519976,210478.537518623,152238.6582111116,Margined,3.800055945767327,0.04,Asset Manager,BBB,127872666.6072137
T0004607,CP0034,JPM_EMEA_DE,Equity Option,Equity,1879700.0249587893,16102.559916682232,26040.160724686662,Margined,0.69540275095478,0.08,Corporate,AA,92024698.66007642
T0004608,CP0063,JPM_EMEA_FR,FX Forward,FX,725658.5847814139,8322.654264930847,10539.884413279506,Margined,5.233362206209063,0.04,Asset Manager,AA,87451586.85023838
T0004609,CP0040,JPM_EMEA_CH,Equity Option,Equity,5524814.399671541,-90572.77534331779,115738.90781768477,Margined,0.6515108390081064,0.08,Corporate,BBB,119924173.94929542
T0004610,CP0043,JPM_EMEA_UK,FX Forward,FX,518215.69433967775,-3733.2400646710134,8194.08734861462,Margined,0.685561618448025,0.04,Sovereign,BBB,49927818.8163345
T0004611,CP0036,JPM_EMEA_UK,Equity Option,Equity,2960004.433042527,120685.04378565954,31307.92912629777,Margined,1.8228474360961382,0.08,Bank,AA,107391212.09517552
T0004612,CP0017,JPM_EMEA_CH,FX Forward,FX,13107291.14039085,648950.5810878811,69214.73305751951,Margined,6.4618179589256615,0.04,Corporate,A,144612697.7213879
T0004613,CP0053,JPM_EMEA_DE,Securities Financing,SFT,7137683.362207139,-305301.69768417976,58675.03955373929,Margined,5.261935556737982,0.03,Asset Manager,A,53275461.77378836
T0004614,CP0067,JPM_EMEA_UK,FX Forward,FX,11343562.777262373,-82683.90015471392,159823.18599355844,Margined,0.5827352309753823,0.04,CCP,A,68575504.7535823
T0004615,CP0025,JPM_EMEA_FR,Interest Rate Swap,Interest Rate,7438325.276950241,218500.7125131892,0.0,Unmargined,6.436427658645549,0.005,Sovereign,A,81553622.137404
T0004616,CP0038,JPM_EMEA_CH,Interest Rate Swap,Interest Rate,44550743.812407054,2934681.819456334,0.0,Unmargined,5.494457501751255,0.005,Sovereign,BBB,105724942.50994723
T0004617,CP0072,JPM_EMEA_CH,FX Forward,FX,2221215.8662609877,138534.0913280677,34296.55280976903,Margined,4.245317378510592,0.04,Hedge Fund,AA,51326174.75073902
T0004618,CP0017,JPM_EMEA_CH,FX Forward,FX,5956160.3573718835,-165888.14030086246,125962.18578375308,Margined,0.9323860932340354,0.04,Corporate,A,144612697.7213879
T0004619,CP0034,JPM_EMEA_UK,Equity Option,Equity,2580992.1774415933,115180.9419938277,0.0,Unmargined,2.2748537974318235,0.08,Corporate,AA,92024698.66007642
T0004620,CP0022,JPM_EMEA_UK,Equity Option,Equity,10413422.833520764,21371.161253204915,55727.00204025835,Margined,2.139738674805786,0.08,Asset Manager,A,83791909.26608771
T0004621,CP0028,JPM_EMEA_CH,Interest Rate Swap,Interest Rate,3761130.1538428846,137486.54197777712,79316.434567766,Margined,4.498327625046327,0.005,Sovereign,A,87687412.32129991
T0004622,CP0037,JPM_EMEA_FR,Equity Option,Equity,22312325.53978179,615591.5689894003,290944.5063681748,Margined,4.135693869116936,0.08,CCP,AA,56560391.89907108
T0004623,CP0074,JPM_EMEA_UK,Equity Option,Equity,2352499.5606483547,-104071.61991831234,24418.623073656552,Margined,1.9768249067536945,0.08,Bank,A,128044647.3762378
T0004624,CP0002,JPM_EMEA_DE,FX Forward,FX,16336810.700887823,314468.71469427604,0.0,Unmargined,2.212139717251759,0.04,Sovereign,BBB,104480058.20212659
T0004625,CP0029,JPM_EMEA_CH,FX Forward,FX,7238643.968333866,254795.78472745267,0.0,Unmargined,3.6531699214912527,0.04,Corporate,AAA,77058489.83965607
T0004626,CP0070,JPM_EMEA_CH,Interest Rate Swap,Interest Rate,3872240.5462507405,-2731.6098508578366,7565.93249188894,Margined,5.925575848691934,0.005,Asset Manager,BBB,54119867.06997241
T0004627,CP0007,JPM_EMEA_CH,FX Forward,FX,6880812.211536428,-59319.99783196977,158789.61111103813,Margined,0.9272639949221347,0.04,Bank,A,62881957.60326209
T0004628,CP0041,JPM_EMEA_DE,Commodity Future,Commodity,5194283.784064138,-285728.3929822618,0.0,Unmargined,5.093879595728789,0.15,Bank,BBB,34006322.97426655
T0004629,CP0013,JPM_EMEA_CH,Securities Financing,SFT,5710171.403661147,136625.06179178483,146181.21237932317,Margined,6.969935853185685,0.03,Sovereign,BBB,95537948.16105135
T0004630,CP0045,JPM_EMEA_UK,Equity Option,Equity,3252497.907410399,23763.37703215287,4331.06228855798,Margined,5.2606435164947705,0.08,Bank,AAA,92130821.02089284
T0004631,CP0058,JPM_EMEA_CH,Interest Rate Swap,Interest Rate,1983188.4019353474,-64010.25554365322,28833.955083401717,Margined,3.118919250169194,0.005,Bank,AA,149008823.32725883
T0004632,CP0051,JPM_EMEA_UK,Equity Option,Equity,2861148.8533749073,-32629.68567063084,0.0,Unmargined,5.135138259694549,0.08,Sovereign,AA,57819318.95821542
T0004633,CP0045,JPM_EMEA_CH,Commodity Future,Commodity,743155.0189242451,4018.695276029257,0.0,Margined,6.031770976298513,0.15,Bank,AAA,92130821.02089284
T0004634,CP0060,JPM_EMEA_UK,FX Forward,FX,9283537.716960898,-181514.07462001377,160286.44132230827,Margined,5.391075693154588,0.04,Sovereign,BB,117319042.5294034
T0004635,CP0043,JPM_EMEA_CH,Commodity Future,Commodity,1163148.3098750643,108.98637184574835,0.0,Unmargined,0.13866463860040298,0.15,Sovereign,BBB,49927818.8163345
T0004636,CP0050,JPM_EMEA_FR,Interest Rate Swap,Interest Rate,3217637.214487539,-197072.6942970979,31103.821405208346,Margined,0.9638799296285229,0.005,Sovereign,A,143876921.35906684
T0004637,CP0007,JPM_EMEA_FR,Interest Rate Swap,Interest Rate,7647198.736938907,361175.35635174805,159323.2971506576,Margined,0.7946411446303818,0.005,Bank,A,62881957.60326209
T0004638,CP0002,JPM_EMEA_FR,Interest Rate Swap,Interest Rate,9259879.894520393,5156.132379842323,0.0,Unmargined,0.2711903219731533,0.005,Sovereign,BBB,104480058.20212659
T0004639,CP0014,JPM_EMEA_DE,Interest Rate Swap,Interest Rate,678169.8028496687,-26094.19227655191,0.0,Unmargined,5.0159348601374845,0.005,Sovereign,BBB,65093074.58952882
T0004640,CP0044,JPM_EMEA_CH,Securities Financing,SFT,3648974.9257655395,-314139.55693576,67151.54465122632,Margined,1.9082454434646632,0.03,Asset Manager,AA,24863632.30290337
T0004641,CP0032,JPM_EMEA_UK,FX Forward,FX,6334678.48660917,228173.363977371,63371.20882563607,Margined,5.067598415636738,0.04,Hedge Fund,A,136500900.33916968
T0004642,CP0030,JPM_EMEA_FR,Interest Rate Swap,Interest Rate,4213570.847024841,82304.54037845078,0.0,Unmargined,4.67938415577165,0.005,Asset Manager,A,22809570.384442955
T0004643,CP0036,JPM_EMEA_UK,FX Forward,FX,15338550.789045082,113106.47307999348,340514.9044022375,Margined,3.689097521006794,0.04,Bank,AA,107391212.09517552
T0004644,CP0080,JPM_EMEA_UK,FX Forward,FX,1758546.2285363849,53156.77273924,4680.845803582193,Margined,0.4650138538646034,0.04,Sovereign,A,60342077.47701232
T0004645,CP0031,JPM_EMEA_FR,FX Forward,FX,515433.61120277346,15530.758924866162,4290.0271150563585,Margined,2.171878247736958,0.04,Asset Manager,AA,127417950.14526652
T0004646,CP0036,JPM_EMEA_FR,Interest Rate Swap,Interest Rate,8994563.8473953,61210.997241128665,170281.26986035865,Margined,0.23844750758976246,0.005,Bank,AA,107391212.09517552
T0004647,CP0041,JPM_EMEA_UK,Equity Option,Equity,2337795.1497944444,-20800.526743994054,5013.2173774353905,Margined,6.374640676485884,0.08,Bank,BBB,34006322.97426655
T0004648,CP0062,JPM_EMEA_FR,Interest Rate Swap,Interest Rate,689184.5192685315,-10062.063623799715,18058.548461762708,Margined,2.19500363235251,0.005,Sovereign,BBB,136148063.1607222
T0004649,CP0059,JPM_EMEA_CH,Commodity Future,Commodity,3413649.5578499283,50293.199382455336,35041.86412204668,Margined,0.7098993952661928,0.15,Sovereign,AA,135918044.6131388
T0004650,CP0079,JPM_EMEA_FR,Interest Rate Swap,Interest Rate,13692556.130818928,669512.5680967721,260106.79563324235,Margined,0.06750090864760486,0.005,Corporate,A,45536506.54289452
T0004651,CP0051,JPM_EMEA_UK,Commodity Future,Commodity,1130931.6287885704,-4073.175790035807,21464.49584061068,Margined,4.3000130232293134,0.15,Sovereign,AA,57819318.95821542
T0004652,CP0077,JPM_EMEA_UK,Commodity Future,Commodity,41359010.88192599,2137297.5784379654,445920.3073483282,Margined,4.365734895014044,0.15,Hedge Fund,BBB,97919762.89770965
T0004653,CP0049,JPM_EMEA_UK,Interest Rate Swap,Interest Rate,1730504.1229037999,22600.96628234024,14134.58999907499,Margined,6.964730783873487,0.005,Sovereign,AA,61228056.066952996
T0004654,CP0044,JPM_EMEA_FR,Interest Rate Swap,Interest Rate,4363634.082049116,58141.862973165684,50863.75596968026,Margined,2.055833853665539,0.005,Asset Manager,AA,24863632.30290337
T0004655,CP0045,JPM_EMEA_UK,Securities Financing,SFT,1181945.6579580756,99494.80421361006,0.0,Unmargined,0.37335011606044044,0.03,Bank,AAA,92130821.02089284
T0004656,CP0039,JPM_EMEA_DE,FX Forward,FX,4169952.770869122,241205.65374762815,0.0,Unmargined,5.466707367952231,0.04,Hedge Fund,A,114509299.85729474
T0004657,CP0017,JPM_EMEA_UK,Equity Option,Equity,3499242.5799972937,205585.1330099114,8306.96145248488,Margined,2.1668445994319696,0.08,Corporate,A,144612697.7213879
T0004658,CP0030,JPM_EMEA_DE,Interest Rate Swap,Interest Rate,901946.979931237,-25179.183061056254,21532.74105910606,Margined,2.3480803320190273,0.005,Asset Manager,A,22809570.384442955
T0004659,CP0049,JPM_EMEA_UK,Interest Rate Swap,Interest Rate,67499576.92430721,5178998.700274658,0.0,Unmargined,6.35875365488213,0.005,Sovereign,AA,61228056.066952996
T0004660,CP0049,JPM_EMEA_DE,FX Forward,FX,2437461.6540667424,-7014.009904569308,36154.0669269395,Margined,4.048823424717874,0.04,Sovereign,AA,61228056.066952996
T0004661,CP0013,JPM_EMEA_FR,Securities Financing,SFT,2439594.419113254,-19424.51743834505,0.0,Unmargined,2.832430056199959,0.03,Sovereign,BBB,95537948.16105135
T0004662,CP0065,JPM_EMEA_CH,Interest Rate Swap,Interest Rate,10541609.553061988,-796668.3795794831,113186.05355376232,Margined,6.656376070007428,0.005,Asset Manager,BBB,120361616.17442845
T0004663,CP0058,JPM_EMEA_DE,Commodity Future,Commodity,24546008.254650395,280319.80455201876,575434.9623241904,Margined,1.8937735721415956,0.15,Bank,AA,149008823.32725883
T0004664,CP0043,JPM_EMEA_DE,Equity Option,Equity,12338583.580679845,-467846.8675828413,139656.06583499955,Margined,0.19927148742055423,0.08,Sovereign,BBB,49927818.8163345
T0004665,CP0037,JPM_EMEA_CH,Interest Rate Swap,Interest Rate,1203355.901359628,17194.612884213915,11005.160199113216,Margined,1.6545832198097166,0.005,CCP,AA,56560391.89907108
T0004666,CP0045,JPM_EMEA_CH,Interest Rate Swap,Interest Rate,4954039.8280778425,-201405.39765381248,0.0,Unmargined,0.3566754618649525,0.005,Bank,AAA,92130821.02089284
T0004667,CP0047,JPM_EMEA_DE,Interest Rate Swap,Interest Rate,609523.2887058968,38350.89710335612,0.0,Unmargined,2.883844042878102,0.005,Asset Manager,BBB,127872666.6072137
T0004668,CP0035,JPM_EMEA_DE,FX Forward,FX,9855202.047680337,190255.54969364638,65431.39124344509,Margined,5.825912581994344,0.04,CCP,AAA,34114846.34760766
T0004669,CP0070,JPM_EMEA_FR,Equity Option,Equity,779662.7867863881,62213.58591923962,6240.752377494943,Margined,6.827498036894197,0.08,Asset Manager,BBB,54119867.06997241
T0004670,CP0013,JPM_EMEA_CH,FX Forward,FX,1791571.2668356306,-64148.71610365174,0.0,Unmargined,4.917230393742954,0.04,Sovereign,BBB,95537948.16105135
T0004671,CP0030,JPM_EMEA_FR,Interest Rate Swap,Interest Rate,3987214.4612722322,216191.8460660852,0.0,Unmargined,6.486498619166665,0.005,Asset Manager,A,22809570.384442955
T0004672,CP0032,JPM_EMEA_FR,Equity Option,Equity,6242001.737849911,-393838.6913986882,57666.28119114399,Margined,2.889297616187943,0.08,Hedge Fund,A,136500900.33916968
T0004673,CP0008,JPM_EMEA_UK,Equity Option,Equity,3081325.1184496772,22440.186726776956,61174.30273834521,Margined,2.1538309062841594,0.08,Sovereign,AA,38788144.55258609
T0004674,CP0008,JPM_EMEA_DE,FX Forward,FX,18272149.911031228,-403938.93171984056,0.0,Margined,1.1218653385760755,0.04,Sovereign,AA,38788144.55258609
T0004675,CP0072,JPM_EMEA_UK,Equity Option,Equity,8244398.032269423,-129259.61922160957,189665.89555459557,Margined,3.5311208606399576,0.08,Hedge Fund,AA,51326174.75073902
T0004676,CP0062,JPM_EMEA_DE,Interest Rate Swap,Interest Rate,7621849.945123674,-137783.0368073244,0.0,Unmargined,2.3222194869564534,0.005,Sovereign,BBB,136148063.1607222
T0004677,CP0030,JPM_EMEA_CH,Equity Option,Equity,1169870.9681964768,-37453.49682836815,0.0,Unmargined,0.7973869922120126,0.08,Asset Manager,A,22809570.384442955
T0004678,CP0022,JPM_EMEA_UK,FX Forward,FX,21881953.557926536,-964755.4358257751,0.0,Unmargined,6.526809611125267,0.04,Asset Manager,A,83791909.26608771
T0004679,CP0033,JPM_EMEA_FR,FX Forward,FX,1791815.2584246243,-27746.148618856245,27769.33131875906,Margined,0.9097414524660061,0.04,Bank,BBB,38232381.569819406
T0004680,CP0057,JPM_EMEA_DE,Interest Rate Swap,Interest Rate,22733436.041075762,92320.34520343634,0.0,Unmargined,5.191188913392903,0.005,Corporate,A,76562617.80039492
T0004681,CP0024,JPM_EMEA_UK,Equity Option,Equity,30219560.640684135,1230821.6262048658,0.0,Unmargined,0.5231217458942147,0.08,CCP,BBB,94324646.8088898
T0004682,CP0006,JPM_EMEA_UK,Equity Option,Equity,6678883.904895566,69041.38536039078,59019.080121468716,Margined,3.7134594455562717,0.08,CCP,BBB,84218806.50178745
T0004683,CP0034,JPM_EMEA_FR,FX Forward,FX,11226841.333552798,458379.6612199986,0.0,Unmargined,4.73987759642434,0.04,Corporate,AA,92024698.66007642
T0004684,CP0048,JPM_EMEA_CH,Securities Financing,SFT,183301.04888216933,-9483.297987208522,4206.951949861806,Margined,1.6800146472629145,0.03,CCP,A,125072691.36835924
T0004685,CP0042,JPM_EMEA_DE,Commodity Future,Commodity,3291330.6820368813,-49876.592128735996,16960.13872361576,Margined,0.5757650574921676,0.15,Sovereign,A,139081539.86788905
T0004686,CP0014,JPM_EMEA_CH,Interest Rate Swap,Interest Rate,12042716.062659029,299685.06261098327,51825.90588317918,Margined,4.173883993772663,0.005,Sovereign,BBB,65093074.58952882
T0004687,CP0068,JPM_EMEA_UK,Equity Option,Equity,10082534.095731186,121108.13738121437,140069.63505646205,Margined,4.240202932200355,0.08,Asset Manager,AA,32280666.847996987
T0004688,CP0051,JPM_EMEA_FR,FX Forward,FX,1181247.4286509447,-35604.13114332677,20955.61758100734,Margined,2.2182783674385274,0.04,Sovereign,AA,57819318.95821542
T0004689,CP0058,JPM_EMEA_UK,Securities Financing,SFT,2981934.7095548133,97486.63577327205,19010.893530581743,Margined,2.6645437838501573,0.03,Bank,AA,149008823.32725883
T0004690,CP0077,JPM_EMEA_CH,Interest Rate Swap,Interest Rate,316614.2433483101,-5887.302978029688,5497.481902931791,Margined,0.3669600691886994,0.005,Hedge Fund,BBB,97919762.89770965
T0004691,CP0042,JPM_EMEA_CH,Interest Rate Swap,Interest Rate,6045336.820013744,-164479.85960806665,138723.52125600402,Margined,2.1057306863994185,0.005,Sovereign,A,139081539.86788905
T0004692,CP0047,JPM_EMEA_UK,FX Forward,FX,608332.2757630086,10367.911376225331,13142.224060861288,Margined,6.184087201563918,0.04,Asset Manager,BBB,127872666.6072137
T0004693,CP0062,JPM_EMEA_DE,Interest Rate Swap,Interest Rate,12388544.36293515,2675.030964701706,183676.79744335223,Margined,1.2404968447865723,0.005,Sovereign,BBB,136148063.1607222
T0004694,CP0062,JPM_EMEA_FR,Equity Option,Equity,13053016.047768114,-238895.408524652,0.0,Unmargined,3.3029606660424817,0.08,Sovereign,BBB,136148063.1607222
T0004695,CP0068,JPM_EMEA_FR,FX Forward,FX,2489115.799256895,-48513.858550550976,64430.73529551211,Margined,4.753942237096887,0.04,Asset Manager,AA,32280666.847996987
T0004696,CP0057,JPM_EMEA_DE,Interest Rate Swap,Interest Rate,6736700.67901411,-252241.52896827174,0.0,Unmargined,5.6300316946662505,0.005,Corporate,A,76562617.80039492
T0004697,CP0005,JPM_EMEA_UK,FX Forward,FX,3219402.0290899104,-44592.544722973886,0.0,Unmargined,0.6139867264737905,0.04,Asset Manager,BBB,25409842.60204602
T0004698,CP0029,JPM_EMEA_FR,Securities Financing,SFT,5094710.0490497565,196148.0193759586,140951.5312355953,Margined,4.163261062466616,0.03,Corporate,AAA,77058489.83965607
T0004699,CP0048,JPM_EMEA_UK,Commodity Future,Commodity,1270022.9077125238,10870.464153033532,0.0,Unmargined,4.409666709017265,0.15,CCP,A,125072691.36835924
T0004700,CP0036,JPM_EMEA_DE,FX Forward,FX,7454269.715218132,250096.65889340753,29990.540736471557,Margined,1.421800440855765,0.04,Bank,AA,107391212.09517552
T0004701,CP0004,JPM_EMEA_UK,Interest Rate Swap,Interest Rate,775001.0699070437,13998.378409514,0.0,Unmargined,0.26439719355264835,0.005,Asset Manager,A,74054962.28217925
T0004702,CP0022,JPM_EMEA_FR,Interest Rate Swap,Interest Rate,641699.0843051339,-13750.724063408781,6172.480801127529,Margined,5.918349944049625,0.005,Asset Manager,A,83791909.26608771
T0004703,CP0025,JPM_EMEA_DE,Securities Financing,SFT,3540847.284648439,-204377.50916875087,0.0,Unmargined,3.1084853329125712,0.03,Sovereign,A,81553622.137404
T0004704,CP0003,JPM_EMEA_DE,Equity Option,Equity,3238308.3572893776,-105050.40823236531,50382.530605913875,Margined,0.47241591418516676,0.08,Corporate,BBB,30977761.748185582
T0004705,CP0061,JPM_EMEA_CH,Equity Option,Equity,5251932.434668302,-123384.97946648822,155754.75630068663,Margined,4.06729952564084,0.08,CCP,BBB,135803023.8142082
T0004706,CP0031,JPM_EMEA_DE,Securities Financing,SFT,2089211.8109151705,-54738.18609217402,0.0,Unmargined,2.6695450750582324,0.03,Asset Manager,AA,127417950.14526652
T0004707,CP0064,JPM_EMEA_CH,Interest Rate Swap,Interest Rate,26363646.29543514,905214.1826176164,0.0,Unmargined,0.6073991057073364,0.005,CCP,BB,61070776.73800309
T0004708,CP0070,JPM_EMEA_CH,Equity Option,Equity,4696884.189633411,159555.95686054145,0.0,Unmargined,2.045423064615166,0.08,Asset Manager,BBB,54119867.06997241
T0004709,CP0071,JPM_EMEA_UK,Interest Rate Swap,Interest Rate,5048928.990148241,390866.81334789965,0.0,Unmargined,2.3214763069921,0.005,Sovereign,A,141785709.5693913
T0004710,CP0073,JPM_EMEA_FR,Interest Rate Swap,Interest Rate,4872115.5073266495,-130232.82165040325,0.0,Unmargined,4.045589620236833,0.005,Asset Manager,A,35958531.21349318
T0004711,CP0040,JPM_EMEA_UK,FX Forward,FX,10904812.767276116,609695.6139062193,0.0,Margined,2.8531680891591282,0.04,Corporate,BBB,119924173.94929542
T0004712,CP0020,JPM_EMEA_FR,FX Forward,FX,7115758.101389851,396307.5378563184,0.0,Unmargined,0.7935956359513637,0.04,Asset Manager,AA,30754899.989917014
T0004713,CP0007,JPM_EMEA_UK,Securities Financing,SFT,6223374.357324961,-50591.25105702483,25105.684068707473,Margined,4.465581160961653,0.03,Bank,A,62881957.60326209
T0004714,CP0050,JPM_EMEA_DE,FX Forward,FX,8350141.342670941,138398.90743124607,71768.6291347431,Margined,5.115154358384842,0.04,Sovereign,A,143876921.35906684
T0004715,CP0011,JPM_EMEA_CH,Commodity Future,Commodity,645119.1336379308,28014.726556661353,7773.386103480766,Margined,3.575755657118897,0.15,Corporate,AA,42177085.909795195
T0004716,CP0020,JPM_EMEA_UK,Commodity Future,Commodity,669949.2675987555,-1381.677772864016,3188.0042469570826,Margined,0.4902876665264762,0.15,Asset Manager,AA,30754899.989917014
T0004717,CP0020,JPM_EMEA_FR,Equity Option,Equity,3707047.0482445597,-17696.375729492967,30023.398689475776,Margined,0.7674123180037467,0.08,Asset Manager,AA,30754899.989917014
T0004718,CP0022,JPM_EMEA_CH,Securities Financing,SFT,3282549.734332484,-72074.31997590713,0.0,Unmargined,6.615288860994533,0.03,Asset Manager,A,83791909.26608771
T0004719,CP0030,JPM_EMEA_CH,FX Forward,FX,7142795.34880491,-590004.5253937352,44725.944703865396,Margined,1.3660892348900793,0.04,Asset Manager,A,22809570.384442955
T0004720,CP0027,JPM_EMEA_UK,FX Forward,FX,4080874.3352109795,10065.50338810328,0.0,Unmargined,2.187087167858835,0.04,Asset Manager,A,63103969.654531784
T0004721,CP0043,JPM_EMEA_DE,Interest Rate Swap,Interest Rate,7157489.532764909,-177830.87983075678,58246.815849685634,Margined,4.828220324761044,0.005,Sovereign,BBB,49927818.8163345
T0004722,CP0077,JPM_EMEA_FR,Interest Rate Swap,Interest Rate,1151078.226711692,-43323.36353694009,0.0,Unmargined,5.553257531054079,0.005,Hedge Fund,BBB,97919762.89770965
T0004723,CP0052,JPM_EMEA_FR,Securities Financing,SFT,3957251.7852246403,58475.15314341839,66057.10974373433,Margined,6.381581495984995,0.03,Hedge Fund,BBB,86957426.80012289
T0004724,CP0055,JPM_EMEA_UK,FX Forward,FX,1046276.449890639,-53146.583665319435,14236.05633585185,Margined,2.796540995692725,0.04,Asset Manager,A,41399016.28566236
T0004725,CP0014,JPM_EMEA_FR,FX Forward,FX,5889389.225875566,166156.13794160562,0.0,Unmargined,6.946429429146961,0.04,Sovereign,BBB,65093074.58952882
T0004726,CP0010,JPM_EMEA_UK,Interest Rate Swap,Interest Rate,611408.0633687694,10348.678227646438,16565.262089215197,Margined,0.7720391981706288,0.005,Bank,AA,96393794.38310257
T0004727,CP0016,JPM_EMEA_FR,FX Forward,FX,5666685.957577932,-79371.92385649904,98705.73665178931,Margined,5.794413079302147,0.04,Sovereign,BBB,22964503.233860675
T0004728,CP0068,JPM_EMEA_FR,Equity Option,Equity,920622.6726519123,-2039.9698962977022,14358.672137483245,Margined,1.94113776258058,0.08,Asset Manager,AA,32280666.847996987
T0004729,CP0014,JPM_EMEA_DE,Interest Rate Swap,Interest Rate,2725812.552029394,-113551.18593475275,48853.91566080573,Margined,6.562781904290947,0.005,Sovereign,BBB,65093074.58952882
T0004730,CP0079,JPM_EMEA_UK,Commodity Future,Commodity,9788635.330224013,257067.68368866417,154001.76619304623,Margined,6.090914353070294,0.15,Corporate,A,45536506.54289452
T0004731,CP0061,JPM_EMEA_UK,Equity Option,Equity,5021227.118351227,32927.94428615686,62271.223936850605,Margined,5.347780718162021,0.08,CCP,BBB,135803023.8142082
T0004732,CP0067,JPM_EMEA_FR,Commodity Future,Commodity,771540.6935124069,7070.976344607325,9077.479898412224,Margined,4.2460448122091,0.15,CCP,A,68575504.7535823
T0004733,CP0025,JPM_EMEA_DE,Interest Rate Swap,Interest Rate,2041940.3676982212,35869.0579244883,7813.771275714229,Margined,1.5404715546508954,0.005,Sovereign,A,81553622.137404
T0004734,CP0013,JPM_EMEA_CH,Equity Option,Equity,891291.1258055257,-20040.270511883213,16677.26594179935,Margined,3.2603812557023395,0.08,Sovereign,BBB,95537948.16105135
T0004735,CP0014,JPM_EMEA_CH,Interest Rate Swap,Interest Rate,734574.2946736915,-39055.14063038979,8630.984633055257,Margined,0.2917614819928914,0.005,Sovereign,BBB,65093074.58952882
T0004736,CP0069,JPM_EMEA_DE,FX Forward,FX,4499460.664472049,150759.5729953491,0.0,Unmargined,4.980354837888017,0.04,Bank,AA,117082649.47537337
T0004737,CP0035,JPM_EMEA_DE,Equity Option,Equity,7004779.520331442,168851.22236315737,0.0,Unmargined,0.8553609087997754,0.08,CCP,AAA,34114846.34760766
T0004738,CP0033,JPM_EMEA_CH,Equity Option,Equity,6214593.28427363,-116446.30282195109,43454.841426671774,Margined,1.845103223150675,0.08,Bank,BBB,38232381.569819406
T0004739,CP0020,JPM_EMEA_FR,Interest Rate Swap,Interest Rate,7307645.8445139,104637.13563173122,0.0,Unmargined,1.7530946619801016,0.005,Asset Manager,AA,30754899.989917014
T0004740,CP0029,JPM_EMEA_UK,Securities Financing,SFT,3952639.2100255108,174031.02986665178,0.0,Unmargined,5.526243157978124,0.03,Corporate,AAA,77058489.83965607
T0004741,CP0030,JPM_EMEA_CH,Interest Rate Swap,Interest Rate,3043183.411565018,121284.63881382835,0.0,Unmargined,2.8345022802554447,0.005,Asset Manager,A,22809570.384442955
T0004742,CP0060,JPM_EMEA_UK,Equity Option,Equity,1367829.3045750223,-27027.70422199612,1767.834267091892,Margined,3.7650597943055346,0.08,Sovereign,BB,117319042.5294034
T0004743,CP0066,JPM_EMEA_FR,Securities Financing,SFT,2575940.4464722904,-134223.59272232608,41114.32126060571,Margined,1.4998989651808514,0.03,Hedge Fund,BBB,106015964.21180893
T0004744,CP0038,JPM_EMEA_UK,FX Forward,FX,1067101.3735222097,-49196.07296407808,16453.98750595951,Margined,2.3720096929279593,0.04,Sovereign,BBB,105724942.50994723
T0004745,CP0027,JPM_EMEA_DE,Commodity Future,Commodity,1717945.0427993317,-18743.48555337417,36059.21101208043,Margined,3.6076976543611083,0.15,Asset Manager,A,63103969.654531784
T0004746,CP0037,JPM_EMEA_FR,Equity Option,Equity,4372002.890958153,223763.91569801836,40967.527557229005,Margined,1.3997170320422632,0.08,CCP,AA,56560391.89907108
T0004747,CP0014,JPM_EMEA_UK,Commodity Future,Commodity,3555473.5942441025,-90648.8949700914,0.0,Margined,4.844196884982544,0.15,Sovereign,BBB,65093074.58952882
T0004748,CP0006,JPM_EMEA_DE,Equity Option,Equity,85714533.67354451,-1788988.7343035017,804147.7584747523,Margined,3.1724082791053347,0.08,CCP,BBB,84218806.50178745
T0004749,CP0019,JPM_EMEA_CH,Equity Option,Equity,1041330.0222167795,-22484.28166282642,0.0,Unmargined,6.886370396383727,0.08,CCP,AA,121755579.54253721
T0004750,CP0002,JPM_EMEA_CH,Interest Rate Swap,Interest Rate,3529639.1442260253,-65688.62414698342,0.0,Margined,1.7633862561958533,0.005,Sovereign,BBB,104480058.20212659
T0004751,CP0003,JPM_EMEA_CH,Commodity Future,Commodity,963254.3783588291,-378.5007352558475,0.0,Unmargined,2.8026142208235574,0.15,Corporate,BBB,30977761.748185582
T0004752,CP0020,JPM_EMEA_CH,Interest Rate Swap,Interest Rate,2714230.492809944,-121602.29256332734,0.0,Unmargined,6.476407034664036,0.005,Asset Manager,AA,30754899.989917014
T0004753,CP0073,JPM_EMEA_CH,Securities Financing,SFT,2826957.8788428227,107290.3972714047,48602.98451595022,Margined,6.207681848606591,0.03,Asset Manager,A,35958531.21349318
T0004754,CP0015,JPM_EMEA_UK,Interest Rate Swap,Interest Rate,9310794.140224367,-47193.97355796184,93399.94758380068,Margined,3.4149800914385477,0.005,Sovereign,BBB,96819013.89258417
T0004755,CP0056,JPM_EMEA_UK,Interest Rate Swap,Interest Rate,2551363.2442348367,221381.04910130944,0.0,Unmargined,0.9089752655491254,0.005,Bank,A,25838380.52100277
T0004756,CP0012,JPM_EMEA_DE,Securities Financing,SFT,3303474.393269821,-135690.16098379242,32871.455655439546,Margined,2.891030585663669,0.03,CCP,AAA,140265615.38898364
T0004757,CP0038,JPM_EMEA_CH,Interest Rate Swap,Interest Rate,2601209.1604926,144745.1057537889,40170.81156273302,Margined,4.131947821528326,0.005,Sovereign,BBB,105724942.50994723
T0004758,CP0049,JPM_EMEA_CH,FX Forward,FX,985350.9735639472,47983.72398643958,10144.6099521385,Margined,1.816892506756943,0.04,Sovereign,AA,61228056.066952996
T0004759,CP0045,JPM_EMEA_DE,Equity Option,Equity,2083797.5813990005,-30025.31496766228,0.0,Margined,1.3783735029282864,0.08,Bank,AAA,92130821.02089284
T0004760,CP0064,JPM_EMEA_UK,Interest Rate Swap,Interest Rate,2730152.984857382,-37750.156961265486,28290.653242166518,Margined,3.7434917546172355,0.005,CCP,BB,61070776.73800309
T0004761,CP0021,JPM_EMEA_FR,Interest Rate Swap,Interest Rate,4306477.327539483,-138864.18549762637,0.0,Unmargined,1.2733667451735886,0.005,Corporate,BBB,83265583.00896084
T0004762,CP0060,JPM_EMEA_DE,FX Forward,FX,6995322.058803533,-222757.28599426156,117632.7652395861,Margined,6.1280164279098654,0.04,Sovereign,BB,117319042.5294034
T0004763,CP0033,JPM_EMEA_UK,Interest Rate Swap,Interest Rate,3163559.606608689,-67.09353809813153,0.0,Unmargined,0.5659740663613745,0.005,Bank,BBB,38232381.569819406
T0004764,CP0036,JPM_EMEA_UK,Interest Rate Swap,Interest Rate,3108430.9995613126,2251.6213649237466,1075.3650137585573,Margined,6.912434694582104,0.005,Bank,AA,107391212.09517552
T0004765,CP0026,JPM_EMEA_UK,Interest Rate Swap,Interest Rate,715682.3917567716,-40137.21074609795,0.0,Unmargined,3.7887039195889383,0.005,Corporate,A,54706836.20194616
T0004766,CP0080,JPM_EMEA_DE,FX Forward,FX,6862205.409770511,550847.6622972473,0.0,Unmargined,6.885758127740529,0.04,Sovereign,A,60342077.47701232
T0004767,CP0066,JPM_EMEA_FR,FX Forward,FX,1994506.1462736845,-18116.27883356751,37391.57881002778,Margined,5.273036551667929,0.04,Hedge Fund,BBB,106015964.21180893
T0004768,CP0038,JPM_EMEA_UK,Interest Rate Swap,Interest Rate,8443674.653574113,19390.30527357181,0.0,Unmargined,1.1126416913480504,0.005,Sovereign,BBB,105724942.50994723
T0004769,CP0060,JPM_EMEA_DE,Equity Option,Equity,14920473.18334447,-327031.55910781055,0.0,Unmargined,1.630690818227322,0.08,Sovereign,BB,117319042.5294034
T0004770,CP0074,JPM_EMEA_CH,Equity Option,Equity,3314740.4814246157,-30977.3564853981,53931.09766683088,Margined,0.7932809817414611,0.08,Bank,A,128044647.3762378
T0004771,CP0023,JPM_EMEA_CH,Interest Rate Swap,Interest Rate,1437611.53515717,-18007.139531672725,0.0,Unmargined,5.1171427808362875,0.005,Hedge Fund,A,141917439.14674777
T0004772,CP0027,JPM_EMEA_CH,FX Forward,FX,3933760.1437268206,-403.465731044506,91001.52300850354,Margined,1.2221763864586315,0.04,Asset Manager,A,63103969.654531784
T0004773,CP0061,JPM_EMEA_DE,Securities Financing,SFT,5668907.16406173,-2894.8096712135125,69329.96511658648,Margined,5.016328879331653,0.03,CCP,BBB,135803023.8142082
T0004774,CP0023,JPM_EMEA_UK,Equity Option,Equity,2917637.927181688,82190.80046854819,33950.407763538205,Margined,6.023514509873033,0.08,Hedge Fund,A,141917439.14674777
T0004775,CP0008,JPM_EMEA_CH,FX Forward,FX,2275627.7575881304,18097.37985787914,34903.65995630557,Margined,2.911415385313905,0.04,Sovereign,AA,38788144.55258609
T0004776,CP0048,JPM_EMEA_DE,FX Forward,FX,7027468.713771437,173226.44120242863,50770.309283032504,Margined,4.644210693812361,0.04,CCP,A,125072691.36835924
T0004777,CP0017,JPM_EMEA_DE,Interest Rate Swap,Interest Rate,6578933.405792612,-2259.0660159917743,44992.76129375169,Margined,6.2716106831846785,0.005,Corporate,A,144612697.7213879
T0004778,CP0047,JPM_EMEA_DE,Commodity Future,Commodity,2829230.370530207,22899.336325890392,0.0,Unmargined,5.284222990139353,0.15,Asset Manager,BBB,127872666.6072137
T0004779,CP0009,JPM_EMEA_UK,Securities Financing,SFT,765082.3498083516,-6461.655155529904,3547.4952288232553,Margined,0.9587863058806417,0.03,Hedge Fund,BBB,33442385.803931713
T0004780,CP0039,JPM_EMEA_FR,Securities Financing,SFT,6313388.558886982,221656.19513984062,0.0,Unmargined,2.082960025866344,0.03,Hedge Fund,A,114509299.85729474
T0004781,CP0020,JPM_EMEA_UK,Interest Rate Swap,Interest Rate,1857009.0720390137,20968.947245901873,51098.37315693648,Margined,3.7726814355851017,0.005,Asset Manager,AA,30754899.989917014
T0004782,CP0043,JPM_EMEA_UK,FX Forward,FX,4956180.762113111,-27420.664351873358,100814.01889200948,Margined,1.8866704934293026,0.04,Sovereign,BBB,49927818.8163345
T0004783,CP0019,JPM_EMEA_CH,Interest Rate Swap,Interest Rate,4652718.1295020925,-30600.251141043766,0.0,Unmargined,3.56617043406975,0.005,CCP,AA,121755579.54253721
T0004784,CP0021,JPM_EMEA_FR,FX Forward,FX,604923.6266132339,-2312.8510466590933,14768.253407599917,Margined,6.672173732947856,0.04,Corporate,BBB,83265583.00896084
T0004785,CP0073,JPM_EMEA_CH,FX Forward,FX,4337837.905532478,4622.128214177813,23427.93036991725,Margined,3.1995111095962283,0.04,Asset Manager,A,35958531.21349318
T0004786,CP0079,JPM_EMEA_FR,Equity Option,Equity,6691425.204437346,-13199.763263614494,0.0,Unmargined,1.8686054514694084,0.08,Corporate,A,45536506.54289452
T0004787,CP0027,JPM_EMEA_UK,Interest Rate Swap,Interest Rate,7564352.684518838,-147954.63811866505,62905.00457478122,Margined,1.0687218175141033,0.005,Asset Manager,A,63103969.654531784
T0004788,CP0052,JPM_EMEA_DE,Securities Financing,SFT,4498122.611209604,120421.57690426313,126084.38819103484,Margined,6.312627646034104,0.03,Hedge Fund,BBB,86957426.80012289
T0004789,CP0029,JPM_EMEA_DE,Interest Rate Swap,Interest Rate,553833.2209195212,16051.559794167886,15504.685289979137,Margined,1.6470626642539177,0.005,Corporate,AAA,77058489.83965607
T0004790,CP0014,JPM_EMEA_DE,Interest Rate Swap,Interest Rate,14344626.660069387,895606.6124144346,0.0,Margined,1.3956596840128732,0.005,Sovereign,BBB,65093074.58952882
T0004791,CP0008,JPM_EMEA_DE,Securities Financing,SFT,6033438.187899229,-127468.68916441326,143214.1363475807,Margined,3.880404109695773,0.03,Sovereign,AA,38788144.55258609
T0004792,CP0072,JPM_EMEA_DE,Equity Option,Equity,1200784.4262200794,28008.72347674144,11682.103720104127,Margined,3.2588918106448523,0.08,Hedge Fund,AA,51326174.75073902
T0004793,CP0006,JPM_EMEA_FR,FX Forward,FX,1819444.656912849,-121574.9391298212,13566.23848325502,Margined,2.73037099531431,0.04,CCP,BBB,84218806.50178745
T0004794,CP0040,JPM_EMEA_CH,Equity Option,Equity,5040566.973077243,146259.648248282,81642.5923274946,Margined,4.071629194288677,0.08,Corporate,BBB,119924173.94929542
T0004795,CP0018,JPM_EMEA_FR,Interest Rate Swap,Interest Rate,7893807.208593373,-402429.2439773165,31075.372453513744,Margined,4.007370912458495,0.005,Bank,A,82699446.80257703
T0004796,CP0061,JPM_EMEA_CH,Interest Rate Swap,Interest Rate,2455502.6968158083,-84595.96877834997,39327.27398716653,Margined,0.5253975012537484,0.005,CCP,BBB,135803023.8142082
T0004797,CP0011,JPM_EMEA_CH,FX Forward,FX,9132319.989346648,106189.58045984493,0.0,Unmargined,2.933684701945806,0.04,Corporate,AA,42177085.909795195
T0004798,CP0047,JPM_EMEA_FR,FX Forward,FX,665995.4315630017,-14487.043140922524,0.0,Unmargined,5.0608569815319475,0.04,Asset Manager,BBB,127872666.6072137
T0004799,CP0028,JPM_EMEA_DE,Equity Option,Equity,1410346.4028912354,-37433.94007333915,31990.74731449765,Margined,2.7026700710732516,0.08,Sovereign,A,87687412.32129991
T0004800,CP0042,JPM_EMEA_FR,Interest Rate Swap,Interest Rate,507595.8856241209,-8613.171640668405,0.0,Unmargined,6.983732466045437,0.005,Sovereign,A,139081539.86788905
T0004801,CP0015,JPM_EMEA_UK,Equity Option,Equity,1630504.0795209291,41638.035472168114,0.0,Unmargined,1.685926173747808,0.08,Sovereign,BBB,96819013.89258417
T0004802,CP0010,JPM_EMEA_CH,Commodity Future,Commodity,18072140.356702026,-590076.41635183,295141.3449663511,Margined,3.499731789331151,0.15,Bank,AA,96393794.38310257
T0004803,CP0015,JPM_EMEA_UK,Interest Rate Swap,Interest Rate,31314980.57618573,-59355.04824321394,23428.55524084915,Margined,4.733808499630535,0.005,Sovereign,BBB,96819013.89258417
T0004804,CP0047,JPM_EMEA_UK,Interest Rate Swap,Interest Rate,5057563.417859658,-67027.7360420082,26750.02809570048,Margined,3.857645664001564,0.005,Asset Manager,BBB,127872666.6072137
T0004805,CP0052,JPM_EMEA_CH,FX Forward,FX,2112485.3680352024,60620.25402368732,18078.310759424905,Margined,0.32155819738495456,0.04,Hedge Fund,BBB,86957426.80012289
T0004806,CP0073,JPM_EMEA_UK,Commodity Future,Commodity,3204815.3008398507,95110.1413989881,58631.461275909984,Margined,3.619979999635859,0.15,Asset Manager,A,35958531.21349318
T0004807,CP0076,JPM_EMEA_FR,Equity Option,Equity,6421387.731854487,-412476.96064932377,97902.98189737994,Margined,6.766668825685214,0.08,Asset Manager,BBB,43304880.06050608
T0004808,CP0061,JPM_EMEA_FR,Equity Option,Equity,838042.4776045053,30654.613033416783,0.0,Unmargined,2.876313987999107,0.08,CCP,BBB,135803023.8142082
T0004809,CP0001,JPM_EMEA_UK,FX Forward,FX,2256455.4229528382,-48235.021703031154,26583.16506756831,Margined,0.8574432071011373,0.04,Bank,A,95932735.95865563
T0004810,CP0057,JPM_EMEA_DE,Interest Rate Swap,Interest Rate,16796783.933772646,138913.21517725498,95661.09142776944,Margined,0.1977459263220278,0.005,Corporate,A,76562617.80039492
T0004811,CP0057,JPM_EMEA_CH,FX Forward,FX,1405768.729777376,-46196.099157092605,0.0,Unmargined,2.9152404924606103,0.04,Corporate,A,76562617.80039492
T0004812,CP0057,JPM_EMEA_FR,Interest Rate Swap,Interest Rate,1891309.529426202,24567.56437816872,12137.767073067113,Margined,1.3378128893754424,0.005,Corporate,A,76562617.80039492
T0004813,CP0053,JPM_EMEA_FR,Equity Option,Equity,4053124.3052079394,361932.7059245987,62224.82727754701,Margined,5.851156289250149,0.08,Asset Manager,A,53275461.77378836
T0004814,CP0056,JPM_EMEA_FR,Interest Rate Swap,Interest Rate,5309175.874278531,23630.0515504755,58948.643931996354,Margined,6.668189441657513,0.005,Bank,A,25838380.52100277
T0004815,CP0047,JPM_EMEA_DE,Interest Rate Swap,Interest Rate,2141037.05099545,-34459.28504537905,35335.55845257315,Margined,6.586684005070627,0.005,Asset Manager,BBB,127872666.6072137
T0004816,CP0050,JPM_EMEA_FR,FX Forward,FX,4320014.437964496,-35102.89600069004,30914.47311047987,Margined,2.6529802622385925,0.04,Sovereign,A,143876921.35906684
T0004817,CP0056,JPM_EMEA_UK,FX Forward,FX,7346572.624371805,-377731.73438794224,150027.42519225553,Margined,3.2105615726078827,0.04,Bank,A,25838380.52100277
T0004818,CP0004,JPM_EMEA_UK,Equity Option,Equity,28438566.08988445,1442225.3361391434,0.0,Unmargined,2.2398041099378436,0.08,Asset Manager,A,74054962.28217925
T0004819,CP0041,JPM_EMEA_CH,FX Forward,FX,3525597.698275666,38608.49873901816,70267.22340248195,Margined,0.9469145733030663,0.04,Bank,BBB,34006322.97426655
T0004820,CP0011,JPM_EMEA_UK,Securities Financing,SFT,3838175.2017666707,-140904.88765980818,0.0,Unmargined,3.9353196762138483,0.03,Corporate,AA,42177085.909795195
T0004821,CP0075,JPM_EMEA_FR,Commodity Future,Commodity,18425705.12025928,-655423.3392783484,0.0,Unmargined,1.3441265050575546,0.15,Sovereign,AA,39926961.16118422
T0004822,CP0080,JPM_EMEA_UK,Securities Financing,SFT,2309725.0762067675,1235.433302045019,79863.1197547935,Margined,0.46288697295131587,0.03,Sovereign,A,60342077.47701232
T0004823,CP0013,JPM_EMEA_DE,Equity Option,Equity,1063899.922141169,34704.243924306065,4326.884857969782,Margined,5.953561614411487,0.08,Sovereign,BBB,95537948.16105135
T0004824,CP0072,JPM_EMEA_CH,Equity Option,Equity,5137380.590251747,-206957.5625852331,97866.25983952703,Margined,5.599686144992802,0.08,Hedge Fund,AA,51326174.75073902
T0004825,CP0038,JPM_EMEA_DE,Equity Option,Equity,11733750.95675526,457256.37756379583,172043.53147196534,Margined,6.48766283620657,0.08,Sovereign,BBB,105724942.50994723
T0004826,CP0054,JPM_EMEA_CH,FX Forward,FX,5739324.3613385465,-18407.013697178314,66000.51101292548,Margined,2.3254700836305844,0.04,Asset Manager,A,141685664.10636523
T0004827,CP0053,JPM_EMEA_DE,FX Forward,FX,3630167.184573901,-118192.86534718979,48939.38563586005,Margined,6.101507790233752,0.04,Asset Manager,A,53275461.77378836
T0004828,CP0010,JPM_EMEA_FR,Equity Option,Equity,939789.831699515,-15383.574754677264,7441.516747782698,Margined,2.8192409136663836,0.08,Bank,AA,96393794.38310257
T0004829,CP0073,JPM_EMEA_FR,Interest Rate Swap,Interest Rate,3773206.293921528,230917.90730563493,58169.42483607471,Margined,0.5558170221810325,0.005,Asset Manager,A,35958531.21349318
T0004830,CP0052,JPM_EMEA_FR,Interest Rate Swap,Interest Rate,13728161.232059667,-667016.5778006465,199533.27578890987,Margined,3.231995678850881,0.005,Hedge Fund,BBB,86957426.80012289
T0004831,CP0039,JPM_EMEA_DE,Securities Financing,SFT,1164366.6365653828,-29826.710880431878,38914.56025531133,Margined,3.898813763638791,0.03,Hedge Fund,A,114509299.85729474
T0004832,CP0050,JPM_EMEA_CH,Interest Rate Swap,Interest Rate,3131609.8058848185,104409.20330986699,0.0,Unmargined,3.053043006074414,0.005,Sovereign,A,143876921.35906684
T0004833,CP0079,JPM_EMEA_DE,FX Forward,FX,2715047.989611957,20569.194123314875,43785.74774204145,Margined,5.508779270647917,0.04,Corporate,A,45536506.54289452
T0004834,CP0052,JPM_EMEA_CH,Equity Option,Equity,1990905.958132604,-55135.012078568565,0.0,Unmargined,2.495203045705014,0.08,Hedge Fund,BBB,86957426.80012289
T0004835,CP0053,JPM_EMEA_DE,Interest Rate Swap,Interest Rate,5125445.077474045,173074.81604372174,136932.93469919905,Margined,6.451374066538868,0.005,Asset Manager,A,53275461.77378836
T0004836,CP0071,JPM_EMEA_CH,Securities Financing,SFT,6231391.1247539595,220780.37265538579,26399.833635063478,Margined,0.5654354422664598,0.03,Sovereign,A,141785709.5693913
T0004837,CP0056,JPM_EMEA_CH,Interest Rate Swap,Interest Rate,6166437.409660768,71522.49354468354,0.0,Unmargined,5.056831002478148,0.005,Bank,A,25838380.52100277
T0004838,CP0012,JPM_EMEA_CH,Securities Financing,SFT,1506041.3675675008,-32280.31079902813,0.0,Unmargined,6.5063969563598425,0.03,CCP,AAA,140265615.38898364
T0004839,CP0066,JPM_EMEA_DE,Commodity Future,Commodity,771291.1631341606,-12372.020615563048,0.0,Unmargined,3.894477347133032,0.15,Hedge Fund,BBB,106015964.21180893
T0004840,CP0072,JPM_EMEA_DE,Interest Rate Swap,Interest Rate,5200125.696247991,51812.29627927407,0.0,Unmargined,6.156814163903295,0.005,Hedge Fund,AA,51326174.75073902
T0004841,CP0059,JPM_EMEA_DE,Interest Rate Swap,Interest Rate,2411804.7342471736,-110744.08522908077,9732.113455792434,Margined,4.858226746346981,0.005,Sovereign,AA,135918044.6131388
T0004842,CP0013,JPM_EMEA_DE,FX Forward,FX,25143684.226316974,1168489.1320091079,0.0,Unmargined,0.15097887675717875,0.04,Sovereign,BBB,95537948.16105135
T0004843,CP0042,JPM_EMEA_DE,FX Forward,FX,26332503.670915995,1566976.672410844,0.0,Unmargined,4.71515027867722,0.04,Sovereign,A,139081539.86788905
T0004844,CP0005,JPM_EMEA_DE,Interest Rate Swap,Interest Rate,29282326.869312927,-241825.74637978603,0.0,Unmargined,4.613103533708719,0.005,Asset Manager,BBB,25409842.60204602
T0004845,CP0062,JPM_EMEA_FR,Securities Financing,SFT,1562338.0669179081,19472.446151379536,0.0,Unmargined,0.050190880593934735,0.03,Sovereign,BBB,136148063.1607222
T0004846,CP0077,JPM_EMEA_CH,Interest Rate Swap,Interest Rate,7068607.120656696,293368.9067320901,0.0,Unmargined,2.8936670575581953,0.005,Hedge Fund,BBB,97919762.89770965
T0004847,CP0003,JPM_EMEA_CH,Commodity Future,Commodity,9556742.041772049,654107.6668413993,49068.303155578484,Margined,0.319655948580257,0.15,Corporate,BBB,30977761.748185582
T0004848,CP0009,JPM_EMEA_FR,Interest Rate Swap,Interest Rate,8539040.045773715,465329.409099706,122364.24748299693,Margined,2.0863416426067833,0.005,Hedge Fund,BBB,33442385.803931713
T0004849,CP0075,JPM_EMEA_CH,Securities Financing,SFT,2806382.86341705,-170470.39577076444,51072.52553682858,Margined,6.9067482286285395,0.03,Sovereign,AA,39926961.16118422
T0004850,CP0064,JPM_EMEA_CH,Interest Rate Swap,Interest Rate,14374549.744702542,-158757.97664958992,237866.6181059502,Margined,6.584975073315569,0.005,CCP,BB,61070776.73800309
T0004851,CP0066,JPM_EMEA_DE,FX Forward,FX,4001900.3967616386,70129.6579292605,67404.84183657603,Margined,4.809771939305773,0.04,Hedge Fund,BBB,106015964.21180893
T0004852,CP0017,JPM_EMEA_DE,Equity Option,Equity,4546694.502846142,-78646.92734624223,0.0,Unmargined,2.5996220013949674,0.08,Corporate,A,144612697.7213879
T0004853,CP0052,JPM_EMEA_DE,Interest Rate Swap,Interest Rate,859384.2877196752,53622.86052748932,6498.851504102583,Margined,2.8053409134190557,0.005,Hedge Fund,BBB,86957426.80012289
T0004854,CP0067,JPM_EMEA_UK,Commodity Future,Commodity,7622156.4678605115,434677.33791821246,194382.05056243011,Margined,0.3155920768781427,0.15,CCP,A,68575504.7535823
T0004855,CP0006,JPM_EMEA_DE,Interest Rate Swap,Interest Rate,3082936.794965701,-88041.13691128352,34253.90898467587,Margined,2.4010801813922797,0.005,CCP,BBB,84218806.50178745
T0004856,CP0023,JPM_EMEA_DE,FX Forward,FX,6366648.692547529,-36188.03560408639,63979.81756898641,Margined,5.501472493169186,0.04,Hedge Fund,A,141917439.14674777
T0004857,CP0024,JPM_EMEA_CH,FX Forward,FX,5060210.387156847,-132751.55689891125,115276.67312384465,Margined,3.659503028037985,0.04,CCP,BBB,94324646.8088898
T0004858,CP0044,JPM_EMEA_DE,Equity Option,Equity,4793356.696858453,-32736.208200635752,33340.025049007214,Margined,3.362910543609221,0.08,Asset Manager,AA,24863632.30290337
T0004859,CP0021,JPM_EMEA_FR,Interest Rate Swap,Interest Rate,3821262.206736274,-30150.264083919945,55646.08204691563,Margined,0.6831305485677269,0.005,Corporate,BBB,83265583.00896084
T0004860,CP0028,JPM_EMEA_DE,Interest Rate Swap,Interest Rate,8783668.06781141,293365.9670976399,54610.90157297348,Margined,6.437053316118715,0.005,Sovereign,A,87687412.32129991
T0004861,CP0021,JPM_EMEA_DE,Interest Rate Swap,Interest Rate,3278551.877798753,-101950.71220748404,105418.1850403461,Margined,2.017358874861524,0.005,Corporate,BBB,83265583.00896084
T0004862,CP0006,JPM_EMEA_UK,FX Forward,FX,933417.1627080358,-85488.1647121314,28440.507941906108,Margined,2.711174528521416,0.04,CCP,BBB,84218806.50178745
T0004863,CP0054,JPM_EMEA_FR,Interest Rate Swap,Interest Rate,7065684.994544595,-396801.85927364154,78556.79554797456,Margined,2.348433476234409,0.005,Asset Manager,A,141685664.10636523
T0004864,CP0052,JPM_EMEA_UK,Securities Financing,SFT,1781202.7461544662,-64106.47797499028,28782.20115423157,Margined,2.3347020124098155,0.03,Hedge Fund,BBB,86957426.80012289
T0004865,CP0071,JPM_EMEA_UK,FX Forward,FX,1063996.9436838592,-24417.884634223414,0.0,Unmargined,4.215301485519866,0.04,Sovereign,A,141785709.5693913
T0004866,CP0047,JPM_EMEA_FR,Equity Option,Equity,1439147.647638823,9428.00594202568,0.0,Unmargined,4.40787478561383,0.08,Asset Manager,BBB,127872666.6072137
T0004867,CP0055,JPM_EMEA_FR,FX Forward,FX,5310185.349968758,-200686.7022343715,68804.34767119926,Margined,4.210006633675518,0.04,Asset Manager,A,41399016.28566236
T0004868,CP0029,JPM_EMEA_DE,Interest Rate Swap,Interest Rate,3631971.2974561397,-153953.89037546917,42403.949590565695,Margined,0.5260619828590218,0.005,Corporate,AAA,77058489.83965607
T0004869,CP0032,JPM_EMEA_DE,FX Forward,FX,474075.50887366186,-15421.989012315726,0.0,Margined,6.788285502965154,0.04,Hedge Fund,A,136500900.33916968
T0004870,CP0033,JPM_EMEA_CH,Interest Rate Swap,Interest Rate,2725463.261993062,-106423.58976397924,38440.44234371198,Margined,5.012214487656745,0.005,Bank,BBB,38232381.569819406
T0004871,CP0078,JPM_EMEA_DE,FX Forward,FX,12878066.411742482,-249928.2542377277,150179.59357322028,Margined,6.1849643508523116,0.04,Hedge Fund,BBB,133693065.30887038
T0004872,CP0038,JPM_EMEA_DE,FX Forward,FX,2547210.1213666494,-53249.5775066024,36928.44276065767,Margined,1.159701813223589,0.04,Sovereign,BBB,105724942.50994723
T0004873,CP0070,JPM_EMEA_UK,FX Forward,FX,3389958.9348055217,81755.6009651158,38577.25055095447,Margined,6.528151087638378,0.04,Asset Manager,BBB,54119867.06997241
T0004874,CP0026,JPM_EMEA_DE,Securities Financing,SFT,11350772.445081709,-393117.3007176422,103488.22839817603,Margined,5.065680632387945,0.03,Corporate,A,54706836.20194616
T0004875,CP0055,JPM_EMEA_UK,Interest Rate Swap,Interest Rate,8862098.781251194,-110916.98254352808,168373.50040600373,Margined,3.529974368464006,0.005,Asset Manager,A,41399016.28566236
T0004876,CP0022,JPM_EMEA_DE,FX Forward,FX,11112220.501154674,-211974.42690778835,180741.10241993153,Margined,0.21077096104555265,0.04,Asset Manager,A,83791909.26608771
T0004877,CP0032,JPM_EMEA_UK,Interest Rate Swap,Interest Rate,250008.77820062972,7077.992059739928,0.0,Unmargined,1.809641102035186,0.005,Hedge Fund,A,136500900.33916968
T0004878,CP0069,JPM_EMEA_UK,FX Forward,FX,22642244.781858716,-122263.0196326281,361321.2768067352,Margined,5.879252510110635,0.04,Bank,AA,117082649.47537337
T0004879,CP0055,JPM_EMEA_FR,Equity Option,Equity,7558666.581660928,277965.3173716344,78754.86266375273,Margined,2.685312812706907,0.08,Asset Manager,A,41399016.28566236
T0004880,CP0039,JPM_EMEA_DE,Interest Rate Swap,Interest Rate,46888421.80493457,-1891148.661077906,794015.4841531641,Margined,4.764023255304293,0.005,Hedge Fund,A,114509299.85729474
T0004881,CP0033,JPM_EMEA_FR,Equity Option,Equity,1829363.9357568484,-3160.8322585451274,0.0,Margined,5.129011558324904,0.08,Bank,BBB,38232381.569819406
T0004882,CP0064,JPM_EMEA_FR,FX Forward,FX,685808.9116340842,-13823.291706320035,19771.486258944784,Margined,5.440765470081936,0.04,CCP,BB,61070776.73800309
T0004883,CP0013,JPM_EMEA_FR,Interest Rate Swap,Interest Rate,4028978.290339357,-172889.9588967733,57191.51262471236,Margined,2.707348366620237,0.005,Sovereign,BBB,95537948.16105135
T0004884,CP0068,JPM_EMEA_DE,Securities Financing,SFT,3037157.4582551196,-7176.458157481717,89522.18158764855,Margined,6.373341978608395,0.03,Asset Manager,AA,32280666.847996987
T0004885,CP0050,JPM_EMEA_DE,FX Forward,FX,7690288.851184721,466435.0256672705,38799.34925186079,Margined,2.080789715639014,0.04,Sovereign,A,143876921.35906684
T0004886,CP0027,JPM_EMEA_DE,Commodity Future,Commodity,11719131.832809143,-349837.2745999176,35846.91334423264,Margined,5.8606489583375225,0.15,Asset Manager,A,63103969.654531784
T0004887,CP0056,JPM_EMEA_CH,FX Forward,FX,3665629.9976457497,-16352.098167086875,0.0,Unmargined,3.0018948393113756,0.04,Bank,A,25838380.52100277
T0004888,CP0080,JPM_EMEA_DE,Securities Financing,SFT,3144284.3585458077,-144411.02746959322,46850.71087143477,Margined,1.6778905278401872,0.03,Sovereign,A,60342077.47701232
T0004889,CP0028,JPM_EMEA_CH,Interest Rate Swap,Interest Rate,6746434.753209249,-344560.4733627458,99212.78744933358,Margined,2.436972993012334,0.005,Sovereign,A,87687412.32129991
T0004890,CP0032,JPM_EMEA_CH,FX Forward,FX,3095550.3067730027,-85294.27163618125,0.0,Unmargined,5.606965899703348,0.04,Hedge Fund,A,136500900.33916968
T0004891,CP0075,JPM_EMEA_FR,Commodity Future,Commodity,2847132.2517083962,-44840.64007956102,19858.926006700472,Margined,4.32335044372246,0.15,Sovereign,AA,39926961.16118422
T0004892,CP0028,JPM_EMEA_CH,FX Forward,FX,11284490.939779337,-160187.93527505,0.0,Unmargined,0.9999170289241792,0.04,Sovereign,A,87687412.32129991
T0004893,CP0069,JPM_EMEA_FR,FX Forward,FX,14098553.705195954,-111531.90348342691,201118.75109911806,Margined,0.9115724551572887,0.04,Bank,AA,117082649.47537337
T0004894,CP0072,JPM_EMEA_CH,Securities Financing,SFT,11825528.241702344,-682234.1468025126,0.0,Unmargined,4.826045607298946,0.03,Hedge Fund,AA,51326174.75073902
T0004895,CP0047,JPM_EMEA_CH,Equity Option,Equity,3380638.673813364,-74063.42896216006,3326.3781319995687,Margined,1.7144713019517905,0.08,Asset Manager,BBB,127872666.6072137
T0004896,CP0007,JPM_EMEA_FR,Equity Option,Equity,470718.6890163918,8266.54817812054,4215.260258813341,Margined,1.500183420177344,0.08,Bank,A,62881957.60326209
T0004897,CP0005,JPM_EMEA_FR,Equity Option,Equity,3449013.5917505748,-163961.2001069529,0.0,Unmargined,5.2590372801132785,0.08,Asset Manager,BBB,25409842.60204602
T0004898,CP0023,JPM_EMEA_CH,Commodity Future,Commodity,1874448.248110679,-23299.577893423768,52300.993536855174,Margined,2.2924430266265308,0.15,Hedge Fund,A,141917439.14674777
T0004899,CP0002,JPM_EMEA_UK,Securities Financing,SFT,3513347.694689562,36010.1682108922,69683.99966099492,Margined,0.5247215565004146,0.03,Sovereign,BBB,104480058.20212659
T0004900,CP0062,JPM_EMEA_CH,Equity Option,Equity,2044602.6519736713,-55979.87581623068,0.0,Unmargined,3.002602357506408,0.08,Sovereign,BBB,136148063.1607222
T0004901,CP0052,JPM_EMEA_FR,Interest Rate Swap,Interest Rate,3917894.944673417,46831.984682042916,0.0,Unmargined,4.005791994500512,0.005,Hedge Fund,BBB,86957426.80012289
T0004902,CP0037,JPM_EMEA_UK,Interest Rate Swap,Interest Rate,1414843.2278075493,-75325.4325259802,21130.44273243902,Margined,4.230349919192737,0.005,CCP,AA,56560391.89907108
T0004903,CP0066,JPM_EMEA_UK,Equity Option,Equity,1111351.5912908304,34558.294633095284,35614.73152634172,Margined,0.4566125863515397,0.08,Hedge Fund,BBB,106015964.21180893
T0004904,CP0011,JPM_EMEA_CH,Commodity Future,Commodity,13585266.279647049,173932.5127528785,19252.429241731646,Margined,3.2022372021364065,0.15,Corporate,AA,42177085.909795195
T0004905,CP0041,JPM_EMEA_CH,FX Forward,FX,1516851.4131616754,2955.265109214258,0.0,Unmargined,2.5489558533711207,0.04,Bank,BBB,34006322.97426655
T0004906,CP0028,JPM_EMEA_FR,Interest Rate Swap,Interest Rate,4001326.7210003533,157526.7548722154,37286.61050505348,Margined,3.170096532657948,0.005,Sovereign,A,87687412.32129991
T0004907,CP0002,JPM_EMEA_FR,Interest Rate Swap,Interest Rate,10389640.539352672,-119763.64181048395,198945.5764988532,Margined,0.33979625208121395,0.005,Sovereign,BBB,104480058.20212659
T0004908,CP0039,JPM_EMEA_CH,FX Forward,FX,9980153.663503371,-215820.4630506646,41615.10441025837,Margined,2.104468027967621,0.04,Hedge Fund,A,114509299.85729474
T0004909,CP0012,JPM_EMEA_CH,Commodity Future,Commodity,8856419.524226068,425453.979844031,160367.05734602205,Margined,4.522036844325638,0.15,CCP,AAA,140265615.38898364
T0004910,CP0004,JPM_EMEA_CH,Interest Rate Swap,Interest Rate,5414934.994227462,348866.9505544433,90089.34919829914,Margined,0.9251187120957945,0.005,Asset Manager,A,74054962.28217925
T0004911,CP0017,JPM_EMEA_UK,Equity Option,Equity,8250696.901241706,-200247.0516574494,152693.82810408788,Margined,6.716581702320556,0.08,Corporate,A,144612697.7213879
T0004912,CP0016,JPM_EMEA_CH,Commodity Future,Commodity,15790089.457843006,-62860.5561204968,289934.21788309666,Margined,6.957679713253563,0.15,Sovereign,BBB,22964503.233860675
T0004913,CP0051,JPM_EMEA_FR,Securities Financing,SFT,6118499.918450666,223793.24505029398,148719.66759170877,Margined,2.5550739864320833,0.03,Sovereign,AA,57819318.95821542
T0004914,CP0064,JPM_EMEA_CH,Interest Rate Swap,Interest Rate,637049.4571447332,-1742.3780843744369,7393.802592531687,Margined,4.782640282469016,0.005,CCP,BB,61070776.73800309
T0004915,CP0039,JPM_EMEA_FR,Securities Financing,SFT,2357875.861298982,49068.80622556677,38294.88263532285,Margined,4.4656374839270905,0.03,Hedge Fund,A,114509299.85729474
T0004916,CP0052,JPM_EMEA_FR,Equity Option,Equity,8025824.722077908,219218.38700722792,49018.572944138024,Margined,1.2117954688362629,0.08,Hedge Fund,BBB,86957426.80012289
T0004917,CP0009,JPM_EMEA_CH,Commodity Future,Commodity,2136562.9236472915,-42048.96877759686,0.0,Unmargined,2.7479490608432853,0.15,Hedge Fund,BBB,33442385.803931713
T0004918,CP0063,JPM_EMEA_UK,Interest Rate Swap,Interest Rate,20214506.70919427,296640.0673704898,527975.2269659207,Margined,6.865491733356701,0.005,Asset Manager,AA,87451586.85023838
T0004919,CP0041,JPM_EMEA_CH,FX Forward,FX,3755098.5615472933,-813.8962386228136,20664.49401688683,Margined,0.9373361572286866,0.04,Bank,BBB,34006322.97426655
T0004920,CP0035,JPM_EMEA_DE,Equity Option,Equity,4355951.768058945,-185521.73153111362,74619.61702055126,Margined,4.047478564676914,0.08,CCP,AAA,34114846.34760766
T0004921,CP0070,JPM_EMEA_UK,FX Forward,FX,12317716.107329411,-426659.11202502996,0.0,Unmargined,4.214306171649899,0.04,Asset Manager,BBB,54119867.06997241
T0004922,CP0026,JPM_EMEA_FR,FX Forward,FX,3331572.6634397814,-76075.10366695402,71295.14578238202,Margined,1.2143017220347578,0.04,Corporate,A,54706836.20194616
T0004923,CP0036,JPM_EMEA_CH,Equity Option,Equity,4771073.809439525,155051.28595981502,0.0,Unmargined,3.7699746170887365,0.08,Bank,AA,107391212.09517552
T0004924,CP0075,JPM_EMEA_UK,Equity Option,Equity,9829792.696922006,330748.3005061868,188040.5522572744,Margined,6.426361549668516,0.08,Sovereign,AA,39926961.16118422
T0004925,CP0012,JPM_EMEA_CH,Interest Rate Swap,Interest Rate,917616.0200164801,24084.623761422932,10585.383450115492,Margined,0.8538106718477328,0.005,CCP,AAA,140265615.38898364
T0004926,CP0042,JPM_EMEA_DE,FX Forward,FX,3007160.261511436,46321.91961341762,21653.74024566926,Margined,1.3687138117446158,0.04,Sovereign,A,139081539.86788905
T0004927,CP0047,JPM_EMEA_CH,Interest Rate Swap,Interest Rate,9165511.194031117,132431.74488015068,91595.16863478227,Margined,1.8266186396146389,0.005,Asset Manager,BBB,127872666.6072137
T0004928,CP0057,JPM_EMEA_UK,Securities Financing,SFT,4271198.681304124,41493.053914226955,0.0,Unmargined,5.269308112974496,0.03,Corporate,A,76562617.80039492
T0004929,CP0075,JPM_EMEA_FR,Securities Financing,SFT,17350618.830093905,247522.14007113024,309707.22987495107,Margined,4.061897354245668,0.03,Sovereign,AA,39926961.16118422
T0004930,CP0028,JPM_EMEA_FR,Interest Rate Swap,Interest Rate,827265.9951271835,13763.79552874184,0.0,Unmargined,3.549651839834084,0.005,Sovereign,A,87687412.32129991
T0004931,CP0010,JPM_EMEA_CH,Interest Rate Swap,Interest Rate,738076.791090794,-36279.99918958971,0.0,Unmargined,5.554846261132157,0.005,Bank,AA,96393794.38310257
T0004932,CP0032,JPM_EMEA_DE,Interest Rate Swap,Interest Rate,8636357.236306155,-238869.9830071034,0.0,Unmargined,6.84895665726713,0.005,Hedge Fund,A,136500900.33916968
T0004933,CP0013,JPM_EMEA_UK,FX Forward,FX,9507696.001342233,-342393.5905173866,171369.00673935327,Margined,1.411908456876379,0.04,Sovereign,BBB,95537948.16105135
T0004934,CP0059,JPM_EMEA_UK,Securities Financing,SFT,3297103.4951086887,127763.00860148591,0.0,Unmargined,5.693750410857058,0.03,Sovereign,AA,135918044.6131388
T0004935,CP0046,JPM_EMEA_DE,FX Forward,FX,5969652.757652783,345604.1135677084,65993.10295921989,Margined,2.6221141764579983,0.04,CCP,AA,68219896.90211704
T0004936,CP0061,JPM_EMEA_CH,Interest Rate Swap,Interest Rate,8427509.8654498,-639788.5461767442,281888.2128132105,Margined,1.064639005124424,0.005,CCP,BBB,135803023.8142082
T0004937,CP0028,JPM_EMEA_UK,Interest Rate Swap,Interest Rate,1772571.213114002,97081.08672023533,27787.68905952297,Margined,1.8328147014481875,0.005,Sovereign,A,87687412.32129991
T0004938,CP0077,JPM_EMEA_CH,Interest Rate Swap,Interest Rate,1972784.4793384701,5987.890290547044,0.0,Unmargined,2.8251105574857114,0.005,Hedge Fund,BBB,97919762.89770965
T0004939,CP0072,JPM_EMEA_FR,Commodity Future,Commodity,4835674.101170764,171401.40504368264,0.0,Unmargined,6.299168200541661,0.15,Hedge Fund,AA,51326174.75073902
T0004940,CP0074,JPM_EMEA_FR,Equity Option,Equity,9878723.677874155,175113.7175222178,21551.292688690737,Margined,3.3749462418122165,0.08,Bank,A,128044647.3762378
T0004941,CP0058,JPM_EMEA_CH,Equity Option,Equity,1246497.2711407922,62840.69762869487,0.0,Unmargined,4.319406285075365,0.08,Bank,AA,149008823.32725883
T0004942,CP0015,JPM_EMEA_CH,FX Forward,FX,3281651.2617780995,24090.553237661272,31967.169056358267,Margined,0.28097953364560235,0.04,Sovereign,BBB,96819013.89258417
T0004943,CP0012,JPM_EMEA_FR,Securities Financing,SFT,3133209.032729415,-149519.57391237398,67016.11980907765,Margined,0.494846646421488,0.03,CCP,AAA,140265615.38898364
T0004944,CP0077,JPM_EMEA_CH,FX Forward,FX,6075434.237905266,-22470.728243684687,79861.98343443304,Margined,6.571411805994512,0.04,Hedge Fund,BBB,97919762.89770965
T0004945,CP0070,JPM_EMEA_DE,Commodity Future,Commodity,3965357.4054434383,71566.6182381957,160402.2849303186,Margined,5.876308799230805,0.15,Asset Manager,BBB,54119867.06997241
T0004946,CP0071,JPM_EMEA_CH,Securities Financing,SFT,2317318.6832494037,-17515.774340424177,19051.699939036604,Margined,3.4530025222242595,0.03,Sovereign,A,141785709.5693913
T0004947,CP0052,JPM_EMEA_CH,FX Forward,FX,13941362.51401879,320938.6731425093,0.0,Unmargined,1.4427678983428893,0.04,Hedge Fund,BBB,86957426.80012289
T0004948,CP0069,JPM_EMEA_CH,Securities Financing,SFT,2332724.4573836364,-5363.886684373052,0.0,Unmargined,0.3292205670652952,0.03,Bank,AA,117082649.47537337
T0004949,CP0040,JPM_EMEA_FR,Interest Rate Swap,Interest Rate,2986786.3142719045,-62253.067952378595,62891.68443108261,Margined,6.828674520524459,0.005,Corporate,BBB,119924173.94929542
T0004950,CP0013,JPM_EMEA_FR,Equity Option,Equity,814481.7359710537,-30957.83456033178,13295.68061466543,Margined,0.08942240076925821,0.08,Sovereign,BBB,95537948.16105135
T0004951,CP0021,JPM_EMEA_DE,Interest Rate Swap,Interest Rate,1959459.1362615202,-26871.11808614675,10013.779024510857,Margined,1.7016521080355531,0.005,Corporate,BBB,83265583.00896084
T0004952,CP0069,JPM_EMEA_CH,FX Forward,FX,6701761.735695291,47984.66589594003,0.0,Unmargined,4.80312566168427,0.04,Bank,AA,117082649.47537337
T0004953,CP0052,JPM_EMEA_FR,Interest Rate Swap,Interest Rate,5511827.938789388,-377994.0671406514,131041.93547236826,Margined,6.568392880659993,0.005,Hedge Fund,BBB,86957426.80012289
T0004954,CP0080,JPM_EMEA_UK,Interest Rate Swap,Interest Rate,7284955.645692883,-198898.77183085875,166196.59477645493,Margined,0.8635621986003185,0.005,Sovereign,A,60342077.47701232
T0004955,CP0072,JPM_EMEA_FR,Interest Rate Swap,Interest Rate,6939825.617666021,-484984.31110203627,10304.49517899836,Margined,5.428542442832734,0.005,Hedge Fund,AA,51326174.75073902
T0004956,CP0061,JPM_EMEA_UK,FX Forward,FX,32265817.79993287,-696864.8682581466,292723.33483943687,Margined,2.355788508954145,0.04,CCP,BBB,135803023.8142082
T0004957,CP0004,JPM_EMEA_FR,Equity Option,Equity,1893516.2184901307,79349.72038035208,0.0,Unmargined,4.774043064034736,0.08,Asset Manager,A,74054962.28217925
T0004958,CP0015,JPM_EMEA_FR,FX Forward,FX,792051.0894911701,-32881.26703440772,9078.947072055034,Margined,0.7216009512666894,0.04,Sovereign,BBB,96819013.89258417
T0004959,CP0031,JPM_EMEA_CH,FX Forward,FX,1398977.153628215,34429.65469338576,19959.738824964767,Margined,6.060476946939166,0.04,Asset Manager,AA,127417950.14526652
T0004960,CP0003,JPM_EMEA_UK,Securities Financing,SFT,1979100.6518632036,197333.90832778302,41591.70134929771,Margined,4.965206341024784,0.03,Corporate,BBB,30977761.748185582
T0004961,CP0075,JPM_EMEA_DE,Securities Financing,SFT,1509785.2535226431,76808.56526018224,3235.0264492744736,Margined,6.691432784195782,0.03,Sovereign,AA,39926961.16118422
T0004962,CP0019,JPM_EMEA_DE,Interest Rate Swap,Interest Rate,4392748.919861915,20527.176512521302,23204.344839593043,Margined,3.5418131450470325,0.005,CCP,AA,121755579.54253721
T0004963,CP0031,JPM_EMEA_DE,FX Forward,FX,13998487.20060341,420587.43097084056,142930.256381682,Margined,6.2194547450133895,0.04,Asset Manager,AA,127417950.14526652
T0004964,CP0054,JPM_EMEA_CH,Equity Option,Equity,18652001.028540894,-894156.3763939036,418494.74113768165,Margined,3.8057704597171225,0.08,Asset Manager,A,141685664.10636523
T0004965,CP0003,JPM_EMEA_FR,Commodity Future,Commodity,6623360.456408328,-364745.23389265087,138813.20170146448,Margined,3.613884842139638,0.15,Corporate,BBB,30977761.748185582
T0004966,CP0051,JPM_EMEA_DE,FX Forward,FX,34041030.504049756,34191.96223030661,631737.9013414774,Margined,0.7075424274507467,0.04,Sovereign,AA,57819318.95821542
T0004967,CP0009,JPM_EMEA_CH,Commodity Future,Commodity,2800845.4122456973,39075.629878711035,32732.697246321964,Margined,5.7084778650465395,0.15,Hedge Fund,BBB,33442385.803931713
T0004968,CP0073,JPM_EMEA_FR,Interest Rate Swap,Interest Rate,781746.5616847312,29944.13752067091,17070.654058478354,Margined,2.914807505859918,0.005,Asset Manager,A,35958531.21349318
T0004969,CP0056,JPM_EMEA_DE,FX Forward,FX,11466989.495681154,-228269.63253465004,132774.41547600893,Margined,4.220174058164977,0.04,Bank,A,25838380.52100277
T0004970,CP0027,JPM_EMEA_FR,Equity Option,Equity,636163.2726220893,4306.088648464355,0.0,Unmargined,4.57230681980426,0.08,Asset Manager,A,63103969.654531784
T0004971,CP0057,JPM_EMEA_CH,Equity Option,Equity,1880036.776126766,10469.745223922804,37781.805254445266,Margined,5.434938550103582,0.08,Corporate,A,76562617.80039492
T0004972,CP0026,JPM_EMEA_DE,Commodity Future,Commodity,6728865.753324509,-30944.665402076786,0.0,Unmargined,4.048642974352886,0.15,Corporate,A,54706836.20194616
T0004973,CP0010,JPM_EMEA_FR,Interest Rate Swap,Interest Rate,3610740.518442817,-9159.079013915687,44590.49095819557,Margined,4.358378310205417,0.005,Bank,AA,96393794.38310257
T0004974,CP0001,JPM_EMEA_UK,Interest Rate Swap,Interest Rate,3304686.4528164873,-98858.56368619733,32713.481917535686,Margined,3.6692449189729235,0.005,Bank,A,95932735.95865563
T0004975,CP0018,JPM_EMEA_UK,Interest Rate Swap,Interest Rate,1228144.296727182,12023.237042611667,28444.562363231278,Margined,4.316964474825786,0.005,Bank,A,82699446.80257703
T0004976,CP0057,JPM_EMEA_UK,Interest Rate Swap,Interest Rate,3957022.987400654,27013.60393633884,94077.5117521009,Margined,3.1373916427194803,0.005,Corporate,A,76562617.80039492
T0004977,CP0046,JPM_EMEA_DE,Interest Rate Swap,Interest Rate,10913023.034385107,-168065.0488047538,92247.82802610673,Margined,5.44606002919057,0.005,CCP,AA,68219896.90211704
T0004978,CP0022,JPM_EMEA_FR,FX Forward,FX,4080674.435835497,95088.28095898296,0.0,Unmargined,5.683025373300158,0.04,Asset Manager,A,83791909.26608771
T0004979,CP0055,JPM_EMEA_UK,FX Forward,FX,1743803.2111535503,62731.76085516523,39326.73083562401,Margined,3.643897637345986,0.04,Asset Manager,A,41399016.28566236
T0004980,CP0032,JPM_EMEA_CH,Equity Option,Equity,1148843.6336435198,27236.980582435357,0.0,Margined,1.069064873191277,0.08,Hedge Fund,A,136500900.33916968
T0004981,CP0013,JPM_EMEA_UK,FX Forward,FX,1780153.823317502,-64949.831162926115,0.0,Margined,2.645810908295569,0.04,Sovereign,BBB,95537948.16105135
T0004982,CP0055,JPM_EMEA_FR,Interest Rate Swap,Interest Rate,5921726.906485479,20652.62565604123,63087.941201083355,Margined,5.887573754053024,0.005,Asset Manager,A,41399016.28566236
T0004983,CP0037,JPM_EMEA_UK,Equity Option,Equity,5640070.827393451,-179918.84991051225,72302.98794672526,Margined,6.421405565011261,0.08,CCP,AA,56560391.89907108
T0004984,CP0054,JPM_EMEA_UK,Interest Rate Swap,Interest Rate,1796404.6675792069,6070.79889254813,6324.031859662062,Margined,1.9060183620767595,0.005,Asset Manager,A,141685664.10636523
T0004985,CP0045,JPM_EMEA_FR,Securities Financing,SFT,438469.4842278054,-13927.450161104472,6039.879746867948,Margined,6.590663071768959,0.03,Bank,AAA,92130821.02089284
T0004986,CP0009,JPM_EMEA_FR,Interest Rate Swap,Interest Rate,6087923.926243802,272134.56337212544,86033.0841408323,Margined,1.9731570370838394,0.005,Hedge Fund,BBB,33442385.803931713
T0004987,CP0004,JPM_EMEA_FR,FX Forward,FX,1630011.3241806638,44689.37077812961,0.0,Unmargined,6.436194057088447,0.04,Asset Manager,A,74054962.28217925
T0004988,CP0009,JPM_EMEA_CH,Securities Financing,SFT,7967389.036012431,321521.00225085893,225219.87008195717,Margined,6.551276905960702,0.03,Hedge Fund,BBB,33442385.803931713
T0004989,CP0018,JPM_EMEA_FR,Equity Option,Equity,1877957.4416332233,69128.1264034438,28992.07539926681,Margined,3.558581766286818,0.08,Bank,A,82699446.80257703
T0004990,CP0018,JPM_EMEA_CH,Equity Option,Equity,1489430.612184647,-14106.382292315342,31319.616278298196,Margined,6.656337471960507,0.08,Bank,A,82699446.80257703
T0004991,CP0074,JPM_EMEA_DE,Equity Option,Equity,4662101.295945136,-69448.25079031308,1633.1158581625132,Margined,3.867442942755714,0.08,Bank,A,128044647.3762378
T0004992,CP0063,JPM_EMEA_DE,Interest Rate Swap,Interest Rate,42266448.478718415,2576576.8164468925,11888.093781312928,Margined,2.683287501795007,0.005,Asset Manager,AA,87451586.85023838
T0004993,CP0071,JPM_EMEA_DE,Equity Option,Equity,8459790.013717176,-48890.71486589746,132653.74479862564,Margined,5.680608561506183,0.08,Sovereign,A,141785709.5693913
T0004994,CP0038,JPM_EMEA_DE,Securities Financing,SFT,4583732.67310179,-217316.2442237541,123022.16643681987,Margined,0.8042286055083139,0.03,Sovereign,BBB,105724942.50994723
T0004995,CP0026,JPM_EMEA_CH,Securities Financing,SFT,5726736.931080693,201932.3932681761,22451.750985281236,Margined,1.5557527250278167,0.03,Corporate,A,54706836.20194616
T0004996,CP0033,JPM_EMEA_FR,FX Forward,FX,694320.5757862339,3493.9241670520987,9128.241755459363,Margined,1.532088233404399,0.04,Bank,BBB,38232381.569819406
T0004997,CP0070,JPM_EMEA_CH,FX Forward,FX,1302068.287239105,68629.47301654877,2759.3822316117785,Margined,4.373411023615293,0.04,Asset Manager,BBB,54119867.06997241
T0004998,CP0029,JPM_EMEA_DE,Commodity Future,Commodity,324771.14824755635,2761.8339457512725,2030.1506853419858,Margined,4.976666134880942,0.15,Corporate,AAA,77058489.83965607
T0004999,CP0051,JPM_EMEA_CH,FX Forward,FX,22559770.544910647,-15793.013778457307,305569.62287443416,Margined,5.870106624015032,0.04,Sovereign,AA,57819318.95821542
